Дата,Тип документа,Название,Количество,Цена,Сумма,Валовая прибыль (руб),Валовая прибыль (%),Сотрудник,Статус
01.01.2025 - 12:11,Продажа,16GB USB 2.0 Flash Drive SmartBuy,1,482,482,277,57.46887966804979,Петров Роман,
01.01.2025 - 16:13,Заказ,Замена разъема зарядки (MicroUSB/Type-C),1,1275,1275,1172,91.92156862745098,Иванов Сергей,Выдан
02.01.2025 - 11:27,Заказ,Установка Windows 10/11 + Драйвера,1,1295,1295,1295,100.0,Сидоров Алексей,Выдан
02.01.2025 - 13:23,Заказ,Диагностика,1,476,476,476,100.0,Сидоров Алексей,Выдан
02.01.2025 - 13:28,Заказ,SSD накопитель Kingston 240GB,1,2178,2178,681,31.267217630853995,Сидоров Алексей,Выдан
02.01.2025 - 16:33,Продажа,Блок питания Apple 20W (Copy),1,1240,1240,842,67.90322580645162,Петров Роман,
02.01.2025 - 16:36,Продажа,Чехол силиконовый прозрачный,1,277,277,215,77.6173285198556,Иванов Сергей,
02.01.2025 - 17:40,Заказ,Кабель USB - Lightning (Foxconn),2,613,1226,922,75.20391517128874,Администратор,Выдан
02.01.2025 - 18:05,Заказ,Дисплей iPhone 11 (Оригинал переклей),1,5415,5415,1589,29.344413665743307,Иванов Сергей,Выдан
02.01.2025 - 18:42,Заказ,Диагностика,1,549,549,549,100.0,Иванов Сергей,Выдан
02.01.2025 - 19:53,Заказ,Установка Windows 10/11 + Драйвера,1,1141,1141,1141,100.0,Иванов Сергей,Выдан
04.01.2025 - 11:08,Продажа,Защитное стекло 3D для iPhone 11/XR,1,498,498,447,89.7590361445783,Сидоров Алексей,
04.01.2025 - 12:57,Заказ,Наклейка защитного стекла (Услуга),1,189,189,189,100.0,Сидоров Алексей,Выдан
04.01.2025 - 14:01,Заказ,Установка Windows 10/11 + Драйвера,1,1131,1131,1131,100.0,Сидоров Алексей,Выдан
04.01.2025 - 19:20,Заказ,Аккумулятор Samsung Galaxy A51 (EB-BA515),1,1172,1172,640,54.60750853242321,Петров Роман,Выдан
05.01.2025 - 10:54,Заказ,Чехол силиконовый прозрачный,1,304,304,242,79.60526315789474,Администратор,Выдан
05.01.2025 - 12:35,Заказ,Чехол силиконовый прозрачный,2,307,614,500,81.43322475570032,Администратор,Выдан
05.01.2025 - 16:38,Продажа,Кабель USB - Lightning (Foxconn),1,648,648,493,76.08024691358025,Сидоров Алексей,
05.01.2025 - 19:39,Заказ,Дисплей iPhone 11 (Копия AAA),1,2655,2655,1258,47.38229755178908,Администратор,Выдан
06.01.2025 - 15:30,Заказ,SSD накопитель Kingston 240GB,1,2144,2144,719,33.53544776119403,Петров Роман,Выдан
06.01.2025 - 17:51,Заказ,Чехол силиконовый прозрачный,1,285,285,228,80.0,Иванов Сергей,Выдан
07.01.2025 - 12:36,Заказ,Чехол силиконовый прозрачный,1,276,276,218,78.98550724637681,Администратор,Выдан
07.01.2025 - 12:49,Заказ,Дисплей iPhone 11 (Копия AAA),1,2563,2563,1105,43.113538821693325,Сидоров Алексей,Выдан
07.01.2025 - 13:03,Заказ,16GB USB 2.0 Flash Drive SmartBuy,1,422,422,226,53.55450236966824,Сидоров Алексей,Выдан
07.01.2025 - 15:59,Продажа,16GB USB 2.0 Flash Drive SmartBuy,1,465,465,264,56.774193548387096,Сидоров Алексей,
08.01.2025 - 13:51,Заказ,Чехол силиконовый прозрачный,1,306,306,245,80.06535947712419,Петров Роман,Выдан
08.01.2025 - 18:45,Продажа,Кабель USB - Lightning (Foxconn),2,598,1196,900,75.25083612040135,Иванов Сергей,
08.01.2025 - 19:59,Продажа,Кабель USB - Lightning (Foxconn),1,561,561,418,74.50980392156863,Петров Роман,
09.01.2025 - 11:30,Заказ,Чистка системы охлаждения с заменой термопасты,1,1397,1397,1301,93.12813171080889,Администратор,Выдан
09.01.2025 - 14:55,Заказ,Дисплей iPhone 11 (Оригинал переклей),1,5086,5086,1298,25.521038143924496,Администратор,Выдан
09.01.2025 - 16:07,Заказ,Аккумулятор Samsung Galaxy A51 (EB-BA515),1,1196,1196,622,52.0066889632107,Администратор,Выдан
09.01.2025 - 17:40,Продажа,SSD накопитель Kingston 240GB,1,2286,2286,822,35.958005249343834,Иванов Сергей,
09.01.2025 - 18:16,Продажа,Блок питания Apple 20W (Copy),1,1261,1261,863,68.43774781919112,Администратор,
10.01.2025 - 13:14,Заказ,Дисплей iPhone 11 (Копия AAA),1,2365,2365,1033,43.678646934460886,Петров Роман,Выдан
10.01.2025 - 16:38,Заказ,Аккумулятор Samsung Galaxy A51 (EB-BA515),1,1319,1319,744,56.40636846095527,Администратор,Выдан
10.01.2025 - 17:01,Продажа,Чехол силиконовый прозрачный,1,308,308,249,80.84415584415584,Администратор,
10.01.2025 - 17:50,Продажа,Чехол силиконовый прозрачный,2,322,644,526,81.67701863354037,Петров Роман,
10.01.2025 - 19:25,Заказ,Диагностика,1,453,453,453,100.0,Сидоров Алексей,Выдан
11.01.2025 - 10:28,Заказ,Восстановление цепи питания,1,4885,4885,4398,90.03070624360286,Сидоров Алексей,Выдан
11.01.2025 - 14:32,Заказ,Наклейка защитного стекла (Услуга),1,187,187,187,100.0,Петров Роман,Выдан
11.01.2025 - 14:54,Заказ,Чистка системы охлаждения с заменой термопасты,1,1549,1549,1453,93.80245319561007,Администратор,Выдан
11.01.2025 - 19:29,Заказ,Аккумулятор Samsung Galaxy A51 (EB-BA515),1,1310,1310,733,55.954198473282446,Иванов Сергей,Выдан
12.01.2025 - 10:08,Заказ,Дисплей iPhone 11 (Копия AAA),1,2330,2330,980,42.06008583690987,Петров Роман,Выдан
12.01.2025 - 11:32,Заказ,Установка Windows 10/11 + Драйвера,1,1089,1089,1089,100.0,Петров Роман,Выдан
12.01.2025 - 13:28,Заказ,16GB USB 2.0 Flash Drive SmartBuy,1,494,494,300,60.72874493927125,Сидоров Алексей,Выдан
12.01.2025 - 17:27,Продажа,SSD накопитель Kingston 240GB,1,2233,2233,803,35.960591133004925,Иванов Сергей,
12.01.2025 - 18:29,Продажа,Защитное стекло 3D для iPhone 11/XR,2,479,958,860,89.77035490605428,Сидоров Алексей,
13.01.2025 - 13:06,Заказ,Замена разъема зарядки (MicroUSB/Type-C),1,1271,1271,1169,91.9748229740362,Петров Роман,Выдан
13.01.2025 - 16:25,Заказ,Прошивка Android/iOS,2,992,1984,1984,100.0,Сидоров Алексей,Выдан
13.01.2025 - 19:09,Заказ,Кабель USB - Lightning (Foxconn),2,588,1176,874,74.31972789115646,Сидоров Алексей,Выдан
14.01.2025 - 12:08,Заказ,Чистка системы охлаждения с заменой термопасты,2,1362,2724,2518,92.43759177679883,Петров Роман,Выдан
14.01.2025 - 18:06,Заказ,Аккумулятор Samsung Galaxy A51 (EB-BA515),1,1175,1175,609,51.829787234042556,Иванов Сергей,Выдан
14.01.2025 - 18:54,Заказ,Восстановление цепи питания,1,4477,4477,3969,88.6531159258432,Сидоров Алексей,Выдан
15.01.2025 - 11:24,Заказ,Дисплей iPhone 11 (Копия AAA),1,2744,2744,1387,50.546647230320694,Петров Роман,Выдан
15.01.2025 - 13:27,Продажа,Кабель USB - Lightning (Foxconn),1,559,559,414,74.0608228980322,Сидоров Алексей,
15.01.2025 - 14:41,Продажа,Защитное стекло 3D для iPhone 11/XR,1,548,548,500,91.24087591240875,Иванов Сергей,
15.01.2025 - 15:07,Заказ,Чехол силиконовый прозрачный,1,312,312,250,80.12820512820514,Сидоров Алексей,Выдан
15.01.2025 - 16:37,Заказ,Замена разъема зарядки (MicroUSB/Type-C),1,1109,1109,1010,91.07303877366996,Иванов Сергей,Выдан
15.01.2025 - 18:46,Продажа,16GB USB 2.0 Flash Drive SmartBuy,1,406,406,216,53.20197044334976,Администратор,
15.01.2025 - 19:29,Заказ,Установка Windows 10/11 + Драйвера,1,1144,1144,1144,100.0,Сидоров Алексей,Выдан
16.01.2025 - 11:04,Заказ,Замена разъема зарядки (MicroUSB/Type-C),1,1104,1104,1009,91.39492753623189,Иванов Сергей,Выдан
16.01.2025 - 11:16,Продажа,Блок питания Apple 20W (Copy),1,1303,1303,898,68.91788181120491,Иванов Сергей,
16.01.2025 - 16:06,Заказ,Блок питания Apple 20W (Copy),1,1275,1275,881,69.09803921568628,Сидоров Алексей,Выдан
17.01.2025 - 10:08,Заказ,Кабель USB - Lightning (Foxconn),1,614,614,462,75.2442996742671,Администратор,Выдан
17.01.2025 - 11:09,Заказ,Наклейка защитного стекла (Услуга),1,200,200,200,100.0,Администратор,Выдан
17.01.2025 - 13:48,Продажа,Блок питания Apple 20W (Copy),1,1181,1181,792,67.06181202370873,Иванов Сергей,
18.01.2025 - 19:58,Продажа,Чехол силиконовый прозрачный,1,320,320,261,81.5625,Администратор,
19.01.2025 - 10:57,Заказ,Чистка системы охлаждения с заменой термопасты,1,1529,1529,1426,93.26357096141268,Петров Роман,Выдан
19.01.2025 - 11:17,Заказ,Установка Windows 10/11 + Драйвера,1,1127,1127,1127,100.0,Сидоров Алексей,Выдан
19.01.2025 - 11:54,Заказ,Наклейка защитного стекла (Услуга),1,185,185,185,100.0,Иванов Сергей,Выдан
19.01.2025 - 11:55,Заказ,Защитное стекло 3D для iPhone 11/XR,1,459,459,407,88.67102396514161,Администратор,Выдан
19.01.2025 - 19:59,Заказ,Замена разъема зарядки (MicroUSB/Type-C),1,1222,1222,1123,91.89852700490998,Петров Роман,Выдан
20.01.2025 - 11:50,Продажа,Защитное стекло 3D для iPhone 11/XR,1,458,458,409,89.30131004366812,Сидоров Алексей,
20.01.2025 - 15:29,Заказ,Дисплей iPhone 11 (Копия AAA),3,2271,6813,2682,39.365918097754296,Сидоров Алексей,Выдан
20.01.2025 - 15:34,Заказ,Блок питания Apple 20W (Copy),1,1163,1163,749,64.402407566638,Администратор,Выдан
20.01.2025 - 18:54,Заказ,Аккумулятор Samsung Galaxy A51 (EB-BA515),1,1100,1100,540,49.09090909090909,Иванов Сергей,Выдан
21.01.2025 - 11:58,Заказ,Замена разъема зарядки (MicroUSB/Type-C),1,1297,1297,1199,92.44410177332306,Сидоров Алексей,Выдан
21.01.2025 - 17:11,Заказ,Диагностика,3,508,1524,1524,100.0,Сидоров Алексей,Выдан
22.01.2025 - 12:52,Заказ,Восстановление цепи питания,1,4637,4637,4128,89.02307526417943,Сидоров Алексей,Выдан
22.01.2025 - 14:59,Заказ,Замена разъема зарядки (MicroUSB/Type-C),1,1110,1110,1011,91.08108108108108,Иванов Сергей,Выдан
22.01.2025 - 17:07,Заказ,Замена разъема зарядки (MicroUSB/Type-C),3,1210,3630,3345,92.14876033057851,Сидоров Алексей,Выдан
24.01.2025 - 12:50,Продажа,Кабель USB - Lightning (Foxconn),1,631,631,486,77.02060221870047,Иванов Сергей,
24.01.2025 - 14:18,Продажа,Кабель USB - Lightning (Foxconn),1,616,616,464,75.32467532467533,Администратор,
24.01.2025 - 15:41,Продажа,Защитное стекло 3D для iPhone 11/XR,1,527,527,478,90.70208728652752,Сидоров Алексей,
24.01.2025 - 15:43,Продажа,16GB USB 2.0 Flash Drive SmartBuy,1,456,456,266,58.333333333333336,Сидоров Алексей,
25.01.2025 - 14:19,Заказ,Восстановление цепи питания,2,4264,8528,7510,88.06285178236398,Иванов Сергей,Выдан
25.01.2025 - 18:02,Заказ,Дисплей iPhone 11 (Оригинал переклей),1,5269,5269,1309,24.843423799582464,Иванов Сергей,Выдан
26.01.2025 - 11:11,Продажа,Защитное стекло 3D для iPhone 11/XR,1,489,489,442,90.38854805725971,Сидоров Алексей,
26.01.2025 - 11:39,Продажа,Чехол силиконовый прозрачный,1,323,323,265,82.04334365325077,Петров Роман,
26.01.2025 - 11:58,Заказ,"15.6"" WXGA HD LED Глянцевый 40pin (NT156WH)",1,4110,4110,906,22.043795620437955,Администратор,Выдан
26.01.2025 - 12:45,Заказ,Прошивка Android/iOS,1,951,951,951,100.0,Администратор,Выдан
26.01.2025 - 19:48,Заказ,Защитное стекло 3D для iPhone 11/XR,1,548,548,501,91.42335766423358,Администратор,Выдан
27.01.2025 - 12:55,Продажа,Кабель USB - Lightning (Foxconn),1,626,626,482,76.99680511182109,Иванов Сергей,
27.01.2025 - 16:27,Заказ,Кабель USB - Lightning (Foxconn),1,551,551,403,73.13974591651544,Администратор,Выдан
28.01.2025 - 10:16,Заказ,Наклейка защитного стекла (Услуга),1,197,197,197,100.0,Петров Роман,Выдан
28.01.2025 - 10:44,Заказ,Кабель USB - Lightning (Foxconn),1,659,659,502,76.17602427921094,Петров Роман,Выдан
28.01.2025 - 14:19,Продажа,Блок питания Apple 20W (Copy),1,1097,1097,700,63.81039197812215,Администратор,
28.01.2025 - 16:44,Заказ,Диагностика,1,479,479,479,100.0,Сидоров Алексей,Выдан
28.01.2025 - 19:34,Заказ,Блок питания Apple 20W (Copy),1,1187,1187,797,67.14406065711879,Иванов Сергей,Выдан
28.01.2025 - 19:38,Заказ,Аккумулятор Samsung Galaxy A51 (EB-BA515),1,1276,1276,723,56.66144200626959,Администратор,Выдан
29.01.2025 - 11:58,Заказ,Кабель USB - Lightning (Foxconn),1,555,555,404,72.7927927927928,Петров Роман,Выдан
29.01.2025 - 12:29,Заказ,Чехол силиконовый прозрачный,1,294,294,235,79.93197278911565,Администратор,Выдан
29.01.2025 - 15:58,Продажа,Блок питания Apple 20W (Copy),1,1227,1227,828,67.48166259168704,Администратор,
30.01.2025 - 10:50,Заказ,Наклейка защитного стекла (Услуга),1,208,208,208,100.0,Администратор,Выдан
30.01.2025 - 12:07,Заказ,Чехол силиконовый прозрачный,1,329,329,269,81.7629179331307,Администратор,Выдан
31.01.2025 - 10:32,Продажа,Защитное стекло 3D для iPhone 11/XR,1,517,517,468,90.52224371373308,Администратор,
31.01.2025 - 18:17,Продажа,Кабель USB - Lightning (Foxconn),1,652,652,499,76.53374233128835,Администратор,
01.02.2025 - 13:32,Заказ,Защитное стекло 3D для iPhone 11/XR,1,499,499,451,90.38076152304609,Иванов Сергей,Выдан
01.02.2025 - 17:11,Заказ,Наклейка защитного стекла (Услуга),1,181,181,181,100.0,Иванов Сергей,Выдан
01.02.2025 - 17:59,Заказ,Замена разъема зарядки (MicroUSB/Type-C),1,1224,1224,1129,92.23856209150327,Сидоров Алексей,Выдан
01.02.2025 - 19:01,Продажа,Кабель USB - Lightning (Foxconn),1,635,635,489,77.00787401574803,Сидоров Алексей,
02.02.2025 - 11:29,Заказ,Кабель USB - Lightning (Foxconn),1,650,650,499,76.76923076923077,Петров Роман,Выдан
02.02.2025 - 12:11,Заказ,"15.6"" WXGA HD LED Глянцевый 40pin (NT156WH)",1,4511,4511,1325,29.37264464641986,Петров Роман,Выдан
02.02.2025 - 15:13,Заказ,Кабель USB - Lightning (Foxconn),1,588,588,438,74.48979591836735,Сидоров Алексей,Выдан
03.02.2025 - 10:34,Заказ,Кабель USB - Lightning (Foxconn),1,578,578,432,74.74048442906575,Администратор,Выдан
03.02.2025 - 14:54,Заказ,Наклейка защитного стекла (Услуга),1,194,194,194,100.0,Администратор,Выдан
03.02.2025 - 16:27,Заказ,Чистка системы охлаждения с заменой термопасты,1,1587,1587,1484,93.50976685570258,Сидоров Алексей,Выдан
03.02.2025 - 18:27,Продажа,16GB USB 2.0 Flash Drive SmartBuy,1,437,437,241,55.1487414187643,Администратор,
03.02.2025 - 19:36,Заказ,16GB USB 2.0 Flash Drive SmartBuy,1,409,409,209,51.1002444987775,Иванов Сергей,Выдан
04.02.2025 - 12:51,Заказ,Восстановление цепи питания,1,4301,4301,3820,88.81655428970006,Сидоров Алексей,Выдан
04.02.2025 - 14:29,Заказ,Чистка системы охлаждения с заменой термопасты,1,1387,1387,1290,93.00648882480172,Петров Роман,Выдан
04.02.2025 - 16:58,Заказ,Жесткий диск Seagate BarraCuda 1TB,1,4172,4172,1185,28.403643336529242,Администратор,Выдан
05.02.2025 - 15:42,Заказ,Наклейка защитного стекла (Услуга),1,214,214,214,100.0,Иванов Сергей,Выдан
06.02.2025 - 14:09,Заказ,Чистка системы охлаждения с заменой термопасты,1,1533,1533,1431,93.34637964774952,Иванов Сергей,Выдан
06.02.2025 - 15:11,Заказ,"15.6"" WXGA HD LED Глянцевый 40pin (NT156WH)",1,4137,4137,986,23.833695914914188,Иванов Сергей,Выдан
06.02.2025 - 17:58,Заказ,SSD накопитель Kingston 240GB,1,2009,2009,544,27.078148332503734,Администратор,Выдан
07.02.2025 - 10:04,Продажа,Чехол силиконовый прозрачный,1,310,310,249,80.3225806451613,Иванов Сергей,
07.02.2025 - 13:26,Заказ,Дисплей iPhone 11 (Копия AAA),1,2551,2551,1098,43.04194433555468,Иванов Сергей,Выдан
07.02.2025 - 19:41,Заказ,Защитное стекло 3D для iPhone 11/XR,2,533,1066,968,90.80675422138836,Петров Роман,Выдан
08.02.2025 - 15:09,Заказ,Установка Windows 10/11 + Драйвера,1,1227,1227,1227,100.0,Петров Роман,Выдан
09.02.2025 - 10:04,Заказ,Восстановление цепи питания,2,4887,9774,8794,89.97339881317782,Петров Роман,Выдан
09.02.2025 - 11:02,Заказ,Блок питания Apple 20W (Copy),1,1250,1250,845,67.60000000000001,Петров Роман,Выдан
09.02.2025 - 13:48,Заказ,"15.6"" WXGA HD LED Глянцевый 40pin (NT156WH)",3,4055,12165,2235,18.372379778051787,Петров Роман,Выдан
09.02.2025 - 13:52,Заказ,Замена разъема зарядки (MicroUSB/Type-C),1,1278,1278,1179,92.25352112676056,Сидоров Алексей,Выдан
09.02.2025 - 14:20,Продажа,Чехол силиконовый прозрачный,1,279,279,220,78.85304659498208,Петров Роман,
09.02.2025 - 17:27,Заказ,"15.6"" WXGA HD LED Глянцевый 40pin (NT156WH)",1,4523,4523,1373,30.355958434667258,Сидоров Алексей,Выдан
09.02.2025 - 19:58,Заказ,Установка Windows 10/11 + Драйвера,1,1259,1259,1259,100.0,Сидоров Алексей,Выдан
10.02.2025 - 11:37,Заказ,Замена разъема зарядки (MicroUSB/Type-C),1,1218,1218,1116,91.62561576354679,Иванов Сергей,Выдан
10.02.2025 - 18:18,Продажа,Чехол силиконовый прозрачный,1,322,322,260,80.74534161490683,Администратор,
11.02.2025 - 13:52,Заказ,Диагностика,1,543,543,543,100.0,Сидоров Алексей,Выдан
11.02.2025 - 15:31,Заказ,16GB USB 2.0 Flash Drive SmartBuy,2,421,842,452,53.681710213776725,Иванов Сергей,Выдан
11.02.2025 - 19:09,Заказ,"15.6"" WXGA HD LED Глянцевый 40pin (NT156WH)",1,4727,4727,1379,29.172836894436216,Иванов Сергей,Выдан
12.02.2025 - 10:23,Заказ,Замена разъема зарядки (MicroUSB/Type-C),1,1197,1197,1101,91.97994987468672,Иванов Сергей,Выдан
12.02.2025 - 13:08,Заказ,Установка Windows 10/11 + Драйвера,1,1192,1192,1192,100.0,Иванов Сергей,Выдан
12.02.2025 - 16:15,Заказ,Аккумулятор Samsung Galaxy A51 (EB-BA515),2,1193,2386,1280,53.64626990779547,Петров Роман,Выдан
12.02.2025 - 18:08,Заказ,Наклейка защитного стекла (Услуга),1,187,187,187,100.0,Сидоров Алексей,Выдан
13.02.2025 - 10:31,Заказ,Диагностика,1,532,532,532,100.0,Администратор,Выдан
13.02.2025 - 13:22,Продажа,Чехол силиконовый прозрачный,1,318,318,258,81.13207547169812,Администратор,
13.02.2025 - 19:45,Заказ,Чистка системы охлаждения с заменой термопасты,1,1641,1641,1545,94.14990859232175,Администратор,Выдан
14.02.2025 - 10:14,Заказ,Чистка системы охлаждения с заменой термопасты,1,1611,1611,1509,93.66852886405958,Петров Роман,Выдан
14.02.2025 - 11:34,Заказ,Чехол силиконовый прозрачный,1,312,312,254,81.41025641025641,Петров Роман,Выдан
14.02.2025 - 14:16,Заказ,Дисплей iPhone 11 (Оригинал переклей),1,5062,5062,1450,28.644804425128406,Администратор,Выдан
14.02.2025 - 18:01,Продажа,Кабель USB - Lightning (Foxconn),1,601,601,454,75.54076539101497,Иванов Сергей,
15.02.2025 - 12:45,Заказ,16GB USB 2.0 Flash Drive SmartBuy,1,447,447,243,54.36241610738255,Администратор,Выдан
15.02.2025 - 13:12,Заказ,Замена разъема зарядки (MicroUSB/Type-C),1,1307,1307,1204,92.11935730680949,Иванов Сергей,Выдан
15.02.2025 - 13:55,Заказ,Замена разъема зарядки (MicroUSB/Type-C),1,1314,1314,1210,92.08523592085236,Иванов Сергей,Выдан
15.02.2025 - 15:27,Заказ,Наклейка защитного стекла (Услуга),1,182,182,182,100.0,Сидоров Алексей,Выдан
16.02.2025 - 12:29,Заказ,Чехол силиконовый прозрачный,1,327,327,269,82.26299694189603,Петров Роман,Выдан
16.02.2025 - 16:41,Заказ,Восстановление цепи питания,1,4078,4078,3571,87.56743501716528,Администратор,Выдан
18.02.2025 - 14:50,Продажа,Чехол силиконовый прозрачный,1,318,318,259,81.44654088050315,Администратор,
18.02.2025 - 17:19,Заказ,Защитное стекло 3D для iPhone 11/XR,1,499,499,451,90.38076152304609,Петров Роман,Выдан
18.02.2025 - 17:34,Продажа,Защитное стекло 3D для iPhone 11/XR,1,478,478,429,89.7489539748954,Иванов Сергей,
19.02.2025 - 13:11,Заказ,Чистка системы охлаждения с заменой термопасты,1,1357,1357,1255,92.4834193072955,Иванов Сергей,Выдан
20.02.2025 - 10:39,Заказ,"15.6"" WXGA HD LED Глянцевый 40pin (NT156WH)",1,4247,4247,909,21.40334353661408,Иванов Сергей,Выдан
20.02.2025 - 11:33,Заказ,Чистка системы охлаждения с заменой термопасты,1,1429,1429,1333,93.28201539538139,Иванов Сергей,Выдан
20.02.2025 - 18:55,Продажа,16GB USB 2.0 Flash Drive SmartBuy,1,420,420,213,50.71428571428571,Администратор,
21.02.2025 - 10:29,Заказ,Установка Windows 10/11 + Драйвера,1,1289,1289,1289,100.0,Петров Роман,Выдан
21.02.2025 - 11:09,Продажа,Чехол силиконовый прозрачный,1,290,290,231,79.65517241379311,Сидоров Алексей,
21.02.2025 - 12:24,Заказ,Дисплей iPhone 11 (Копия AAA),1,2525,2525,1173,46.45544554455446,Сидоров Алексей,Выдан
21.02.2025 - 15:47,Заказ,"15.6"" WXGA HD LED Глянцевый 40pin (NT156WH)",1,4645,4645,1454,31.30247578040904,Петров Роман,Выдан
21.02.2025 - 18:29,Продажа,Чехол силиконовый прозрачный,1,274,274,217,79.1970802919708,Петров Роман,
22.02.2025 - 11:58,Продажа,Защитное стекло 3D для iPhone 11/XR,2,507,1014,912,89.94082840236686,Петров Роман,
22.02.2025 - 12:14,Заказ,Прошивка Android/iOS,1,901,901,901,100.0,Петров Роман,Выдан
22.02.2025 - 15:34,Заказ,Дисплей iPhone 11 (Копия AAA),1,2576,2576,1230,47.74844720496895,Сидоров Алексей,Выдан
22.02.2025 - 19:16,Заказ,Аккумулятор Samsung Galaxy A51 (EB-BA515),1,1094,1094,553,50.54844606946983,Петров Роман,Выдан
23.02.2025 - 19:15,Заказ,Наклейка защитного стекла (Услуга),1,212,212,212,100.0,Сидоров Алексей,Выдан
24.02.2025 - 10:47,Заказ,Чехол силиконовый прозрачный,1,306,306,246,80.3921568627451,Администратор,Выдан
24.02.2025 - 14:02,Заказ,Замена разъема зарядки (MicroUSB/Type-C),1,1278,1278,1183,92.56651017214398,Петров Роман,Выдан
24.02.2025 - 15:01,Продажа,16GB USB 2.0 Flash Drive SmartBuy,1,485,485,281,57.938144329896915,Сидоров Алексей,
24.02.2025 - 15:38,Продажа,Кабель USB - Lightning (Foxconn),1,553,553,410,74.14104882459313,Администратор,
24.02.2025 - 17:35,Заказ,Прошивка Android/iOS,1,982,982,982,100.0,Сидоров Алексей,Выдан
24.02.2025 - 19:07,Заказ,16GB USB 2.0 Flash Drive SmartBuy,1,493,493,293,59.43204868154158,Иванов Сергей,Выдан
25.02.2025 - 13:34,Заказ,Диагностика,1,455,455,455,100.0,Администратор,Выдан
25.02.2025 - 16:14,Заказ,Замена разъема зарядки (MicroUSB/Type-C),1,1265,1265,1161,91.77865612648222,Иванов Сергей,Выдан
26.02.2025 - 19:04,Заказ,"15.6"" WXGA HD LED Глянцевый 40pin (NT156WH)",1,4067,4067,776,19.080403245635605,Администратор,Выдан
27.02.2025 - 10:30,Заказ,Чистка системы охлаждения с заменой термопасты,1,1432,1432,1330,92.87709497206704,Сидоров Алексей,Выдан
27.02.2025 - 13:57,Продажа,Защитное стекло 3D для iPhone 11/XR,1,465,465,417,89.6774193548387,Сидоров Алексей,
27.02.2025 - 15:23,Заказ,Установка Windows 10/11 + Драйвера,1,1132,1132,1132,100.0,Администратор,Выдан
27.02.2025 - 16:28,Заказ,Диагностика,1,535,535,535,100.0,Иванов Сергей,Выдан
27.02.2025 - 16:44,Продажа,16GB USB 2.0 Flash Drive SmartBuy,1,465,465,274,58.924731182795696,Иванов Сергей,
27.02.2025 - 16:46,Заказ,16GB USB 2.0 Flash Drive SmartBuy,1,426,426,222,52.112676056338024,Сидоров Алексей,Выдан
27.02.2025 - 17:46,Заказ,Установка Windows 10/11 + Драйвера,1,1193,1193,1193,100.0,Иванов Сергей,Выдан
28.02.2025 - 12:56,Заказ,Замена разъема зарядки (MicroUSB/Type-C),1,1221,1221,1125,92.13759213759214,Петров Роман,Выдан
28.02.2025 - 13:19,Заказ,Наклейка защитного стекла (Услуга),1,189,189,189,100.0,Петров Роман,Выдан
28.02.2025 - 14:13,Заказ,Кабель USB - Lightning (Foxconn),1,621,621,474,76.32850241545893,Петров Роман,Выдан
28.02.2025 - 16:07,Заказ,Наклейка защитного стекла (Услуга),1,205,205,205,100.0,Администратор,Выдан
01.03.2025 - 15:37,Заказ,Установка Windows 10/11 + Драйвера,1,1191,1191,1191,100.0,Сидоров Алексей,Выдан
02.03.2025 - 10:43,Заказ,Чистка системы охлаждения с заменой термопасты,1,1460,1460,1365,93.4931506849315,Сидоров Алексей,Выдан
02.03.2025 - 12:05,Продажа,Кабель USB - Lightning (Foxconn),1,597,597,448,75.04187604690117,Иванов Сергей,
02.03.2025 - 12:40,Заказ,Чистка системы охлаждения с заменой термопасты,1,1566,1566,1469,93.80587484035759,Иванов Сергей,Выдан
02.03.2025 - 13:54,Заказ,Диагностика,1,527,527,527,100.0,Иванов Сергей,Выдан
03.03.2025 - 10:20,Заказ,Диагностика,1,522,522,522,100.0,Петров Роман,Выдан
03.03.2025 - 13:21,Заказ,Дисплей iPhone 11 (Копия AAA),1,2519,2519,1163,46.169114728066695,Петров Роман,Выдан
03.03.2025 - 13:26,Заказ,"15.6"" WXGA HD LED Глянцевый 40pin (NT156WH)",1,4148,4148,1025,24.71070395371263,Администратор,Выдан
03.03.2025 - 13:30,Продажа,Блок питания Apple 20W (Copy),1,1114,1114,701,62.92639138240575,Администратор,
03.03.2025 - 17:56,Продажа,Блок питания Apple 20W (Copy),1,1240,1240,845,68.14516129032258,Петров Роман,
04.03.2025 - 18:40,Заказ,Замена разъема зарядки (MicroUSB/Type-C),1,1293,1293,1193,92.26604795050271,Иванов Сергей,Выдан
04.03.2025 - 18:40,Продажа,Чехол силиконовый прозрачный,1,284,284,225,79.22535211267606,Иванов Сергей,
05.03.2025 - 10:02,Заказ,Установка Windows 10/11 + Драйвера,1,1109,1109,1109,100.0,Администратор,Выдан
05.03.2025 - 10:06,Заказ,Диагностика,1,481,481,481,100.0,Иванов Сергей,Выдан
05.03.2025 - 10:54,Заказ,Дисплей iPhone 11 (Копия AAA),1,2250,2250,858,38.13333333333333,Администратор,Выдан
05.03.2025 - 13:25,Заказ,Блок питания Apple 20W (Copy),1,1248,1248,845,67.70833333333334,Иванов Сергей,Выдан
05.03.2025 - 17:21,Заказ,Дисплей iPhone 11 (Копия AAA),1,2630,2630,1218,46.31178707224334,Сидоров Алексей,Выдан
05.03.2025 - 18:06,Заказ,16GB USB 2.0 Flash Drive SmartBuy,1,449,449,242,53.89755011135857,Администратор,Выдан
05.03.2025 - 18:08,Заказ,Кабель USB - Lightning (Foxconn),1,568,568,414,72.88732394366197,Администратор,Выдан
05.03.2025 - 18:41,Заказ,Аккумулятор Samsung Galaxy A51 (EB-BA515),1,1240,1240,709,57.17741935483871,Иванов Сергей,Выдан
06.03.2025 - 12:15,Заказ,Аккумулятор Samsung Galaxy A51 (EB-BA515),1,1188,1188,624,52.52525252525253,Администратор,Выдан
06.03.2025 - 14:23,Заказ,Чехол силиконовый прозрачный,1,289,289,230,79.58477508650519,Сидоров Алексей,Выдан
06.03.2025 - 14:52,Заказ,Блок питания Apple 20W (Copy),1,1302,1302,885,67.97235023041475,Петров Роман,Выдан
06.03.2025 - 17:36,Заказ,Наклейка защитного стекла (Услуга),2,205,410,410,100.0,Сидоров Алексей,Выдан
07.03.2025 - 10:16,Заказ,Блок питания Apple 20W (Copy),1,1124,1124,727,64.6797153024911,Петров Роман,Выдан
07.03.2025 - 13:27,Продажа,16GB USB 2.0 Flash Drive SmartBuy,1,444,444,246,55.4054054054054,Администратор,
07.03.2025 - 16:01,Заказ,Блок питания Apple 20W (Copy),2,1158,2316,1524,65.80310880829016,Сидоров Алексей,Выдан
08.03.2025 - 12:54,Заказ,Восстановление цепи питания,1,4808,4808,4319,89.82945091514142,Петров Роман,Выдан
08.03.2025 - 17:19,Продажа,Чехол силиконовый прозрачный,1,290,290,232,80.0,Сидоров Алексей,
08.03.2025 - 18:07,Заказ,Диагностика,1,542,542,542,100.0,Иванов Сергей,Выдан
09.03.2025 - 10:15,Заказ,Защитное стекло 3D для iPhone 11/XR,1,537,537,489,91.06145251396647,Петров Роман,Выдан
09.03.2025 - 17:52,Заказ,Диагностика,1,518,518,518,100.0,Сидоров Алексей,Выдан
09.03.2025 - 18:12,Заказ,16GB USB 2.0 Flash Drive SmartBuy,1,450,450,254,56.44444444444444,Администратор,Выдан
10.03.2025 - 12:29,Продажа,Защитное стекло 3D для iPhone 11/XR,1,549,549,500,91.07468123861567,Петров Роман,
10.03.2025 - 16:54,Заказ,Дисплей iPhone 11 (Копия AAA),1,2662,2662,1312,49.2862509391435,Иванов Сергей,Выдан
11.03.2025 - 16:36,Заказ,Прошивка Android/iOS,1,1018,1018,1018,100.0,Администратор,Выдан
11.03.2025 - 18:33,Заказ,16GB USB 2.0 Flash Drive SmartBuy,1,441,441,245,55.55555555555556,Администратор,Выдан
12.03.2025 - 12:46,Заказ,Кабель USB - Lightning (Foxconn),1,655,655,512,78.16793893129771,Петров Роман,Выдан
12.03.2025 - 19:35,Заказ,Кабель USB - Lightning (Foxconn),1,588,588,443,75.34013605442176,Сидоров Алексей,Выдан
13.03.2025 - 13:32,Заказ,Чистка системы охлаждения с заменой термопасты,1,1433,1433,1338,93.37055129099791,Сидоров Алексей,Выдан
13.03.2025 - 13:41,Заказ,Блок питания Apple 20W (Copy),1,1155,1155,755,65.36796536796537,Администратор,Выдан
13.03.2025 - 14:21,Заказ,Аккумулятор Samsung Galaxy A51 (EB-BA515),1,1125,1125,582,51.733333333333334,Сидоров Алексей,Выдан
13.03.2025 - 19:42,Продажа,Защитное стекло 3D для iPhone 11/XR,1,545,545,494,90.64220183486239,Сидоров Алексей,
13.03.2025 - 19:59,Заказ,Установка Windows 10/11 + Драйвера,1,1258,1258,1258,100.0,Петров Роман,Выдан
14.03.2025 - 10:02,Заказ,Диагностика,1,500,500,500,100.0,Администратор,Выдан
14.03.2025 - 12:41,Заказ,"15.6"" WXGA HD LED Глянцевый 40pin (NT156WH)",1,4069,4069,974,23.937085278938312,Петров Роман,Выдан
15.03.2025 - 14:41,Заказ,Защитное стекло 3D для iPhone 11/XR,1,506,506,454,89.72332015810277,Сидоров Алексей,Выдан
16.03.2025 - 10:06,Продажа,Кабель USB - Lightning (Foxconn),1,623,623,473,75.92295345104334,Петров Роман,
16.03.2025 - 11:50,Заказ,Чистка системы охлаждения с заменой термопасты,1,1503,1503,1407,93.6127744510978,Сидоров Алексей,Выдан
16.03.2025 - 14:54,Продажа,Жесткий диск Seagate BarraCuda 1TB,1,3841,3841,819,21.322572246810726,Администратор,
16.03.2025 - 16:23,Заказ,Установка Windows 10/11 + Драйвера,1,1193,1193,1193,100.0,Администратор,Выдан
16.03.2025 - 17:03,Заказ,Установка Windows 10/11 + Драйвера,1,1162,1162,1162,100.0,Петров Роман,Выдан
16.03.2025 - 18:08,Заказ,Кабель USB - Lightning (Foxconn),1,548,548,397,72.44525547445255,Сидоров Алексей,Выдан
17.03.2025 - 11:35,Продажа,SSD накопитель Kingston 240GB,1,2244,2244,775,34.53654188948306,Администратор,
17.03.2025 - 19:08,Продажа,Жесткий диск Seagate BarraCuda 1TB,1,3771,3771,891,23.627684964200476,Сидоров Алексей,
17.03.2025 - 19:32,Заказ,Защитное стекло 3D для iPhone 11/XR,1,544,544,497,91.36029411764706,Петров Роман,Выдан
18.03.2025 - 10:38,Заказ,Установка Windows 10/11 + Драйвера,1,1281,1281,1281,100.0,Сидоров Алексей,Выдан
18.03.2025 - 10:49,Продажа,Чехол силиконовый прозрачный,1,273,273,216,79.12087912087912,Иванов Сергей,
19.03.2025 - 10:42,Заказ,Чехол силиконовый прозрачный,1,309,309,249,80.58252427184466,Сидоров Алексей,Выдан
20.03.2025 - 19:32,Заказ,Аккумулятор Samsung Galaxy A51 (EB-BA515),1,1136,1136,605,53.25704225352113,Сидоров Алексей,Выдан
21.03.2025 - 12:18,Заказ,Прошивка Android/iOS,1,1018,1018,1018,100.0,Сидоров Алексей,Выдан
21.03.2025 - 12:58,Заказ,Диагностика,1,479,479,479,100.0,Администратор,Выдан
22.03.2025 - 14:18,Продажа,SSD накопитель Kingston 240GB,1,2360,2360,862,36.525423728813564,Сидоров Алексей,
22.03.2025 - 15:02,Заказ,Установка Windows 10/11 + Драйвера,1,1250,1250,1250,100.0,Иванов Сергей,Выдан
22.03.2025 - 15:50,Продажа,Защитное стекло 3D для iPhone 11/XR,1,532,532,481,90.41353383458647,Сидоров Алексей,
22.03.2025 - 16:21,Продажа,Кабель USB - Lightning (Foxconn),1,636,636,493,77.51572327044025,Петров Роман,
23.03.2025 - 11:16,Заказ,Диагностика,1,474,474,474,100.0,Петров Роман,Выдан
23.03.2025 - 13:28,Заказ,Чистка системы охлаждения с заменой термопасты,1,1504,1504,1409,93.68351063829788,Сидоров Алексей,Выдан
23.03.2025 - 14:39,Заказ,Диагностика,1,515,515,515,100.0,Администратор,Выдан
23.03.2025 - 15:08,Продажа,SSD накопитель Kingston 240GB,1,2037,2037,556,27.295041728031418,Иванов Сергей,
24.03.2025 - 10:56,Заказ,Установка Windows 10/11 + Драйвера,1,1159,1159,1159,100.0,Администратор,Выдан
24.03.2025 - 14:28,Заказ,Установка Windows 10/11 + Драйвера,1,1203,1203,1203,100.0,Иванов Сергей,Выдан
24.03.2025 - 15:27,Заказ,SSD накопитель Kingston 240GB,1,2064,2064,569,27.56782945736434,Сидоров Алексей,Выдан
25.03.2025 - 10:33,Заказ,SSD накопитель Kingston 240GB,1,2159,2159,724,33.53404353867531,Администратор,Выдан
26.03.2025 - 10:35,Продажа,Чехол силиконовый прозрачный,3,288,864,684,79.16666666666666,Иванов Сергей,
26.03.2025 - 12:14,Заказ,Восстановление цепи питания,1,4417,4417,3920,88.74801901743264,Сидоров Алексей,Выдан
26.03.2025 - 14:23,Заказ,Чистка системы охлаждения с заменой термопасты,1,1379,1379,1283,93.03843364757071,Администратор,Выдан
26.03.2025 - 17:47,Заказ,Защитное стекло 3D для iPhone 11/XR,1,459,459,409,89.10675381263616,Петров Роман,Выдан
27.03.2025 - 13:11,Заказ,"15.6"" WXGA HD LED Глянцевый 40pin (NT156WH)",1,4485,4485,1391,31.01449275362319,Иванов Сергей,Выдан
27.03.2025 - 15:22,Заказ,Диагностика,1,501,501,501,100.0,Петров Роман,Выдан
27.03.2025 - 17:14,Продажа,16GB USB 2.0 Flash Drive SmartBuy,1,464,464,264,56.896551724137936,Петров Роман,
27.03.2025 - 19:46,Заказ,Замена разъема зарядки (MicroUSB/Type-C),1,1127,1127,1031,91.4818101153505,Администратор,Выдан
28.03.2025 - 10:05,Заказ,Защитное стекло 3D для iPhone 11/XR,1,534,534,482,90.2621722846442,Иванов Сергей,Выдан
28.03.2025 - 15:11,Заказ,Дисплей iPhone 11 (Копия AAA),1,2662,2662,1274,47.858752817430506,Сидоров Алексей,Выдан
28.03.2025 - 18:26,Заказ,Чехол силиконовый прозрачный,1,300,300,238,79.33333333333333,Петров Роман,Выдан
29.03.2025 - 10:07,Заказ,Чехол силиконовый прозрачный,1,315,315,253,80.31746031746032,Сидоров Алексей,Выдан
29.03.2025 - 11:06,Заказ,Кабель USB - Lightning (Foxconn),1,659,659,503,76.32776934749621,Петров Роман,Выдан
29.03.2025 - 15:37,Заказ,Защитное стекло 3D для iPhone 11/XR,1,544,544,493,90.625,Администратор,Выдан
29.03.2025 - 17:04,Заказ,Дисплей iPhone 11 (Копия AAA),1,2534,2534,1090,43.01499605367008,Сидоров Алексей,Выдан
30.03.2025 - 13:34,Продажа,Жесткий диск Seagate BarraCuda 1TB,1,3894,3894,880,22.598870056497177,Администратор,
30.03.2025 - 14:26,Заказ,Замена разъема зарядки (MicroUSB/Type-C),1,1160,1160,1064,91.72413793103448,Петров Роман,Выдан
31.03.2025 - 10:13,Заказ,Кабель USB - Lightning (Foxconn),1,558,558,403,72.22222222222221,Сидоров Алексей,Выдан
31.03.2025 - 10:43,Заказ,Установка Windows 10/11 + Драйвера,1,1182,1182,1182,100.0,Администратор,Выдан
31.03.2025 - 12:25,Заказ,Прошивка Android/iOS,1,1060,1060,1060,100.0,Сидоров Алексей,Выдан
31.03.2025 - 14:56,Заказ,Восстановление цепи питания,1,4066,4066,3583,88.1210034431874,Иванов Сергей,Выдан
31.03.2025 - 15:32,Продажа,Защитное стекло 3D для iPhone 11/XR,1,475,475,427,89.89473684210526,Иванов Сергей,
31.03.2025 - 16:43,Заказ,Прошивка Android/iOS,1,1049,1049,1049,100.0,Сидоров Алексей,Выдан
31.03.2025 - 18:36,Заказ,Замена разъема зарядки (MicroUSB/Type-C),1,1121,1121,1024,91.34701159678859,Администратор,Выдан
31.03.2025 - 18:38,Заказ,Диагностика,1,491,491,491,100.0,Сидоров Алексей,Выдан
01.04.2025 - 14:36,Заказ,Замена разъема зарядки (MicroUSB/Type-C),1,1284,1284,1187,92.44548286604362,Иванов Сергей,Выдан
01.04.2025 - 17:16,Продажа,Чехол силиконовый прозрачный,1,323,323,266,82.35294117647058,Администратор,
02.04.2025 - 10:54,Заказ,Жесткий диск Seagate BarraCuda 1TB,1,4011,4011,1156,28.82074295686861,Сидоров Алексей,Выдан
02.04.2025 - 15:42,Продажа,Кабель USB - Lightning (Foxconn),1,563,563,418,74.24511545293073,Петров Роман,
02.04.2025 - 17:38,Продажа,Блок питания Apple 20W (Copy),1,1142,1142,746,65.32399299474606,Сидоров Алексей,
03.04.2025 - 10:17,Заказ,Чистка системы охлаждения с заменой термопасты,1,1425,1425,1321,92.7017543859649,Петров Роман,Выдан
03.04.2025 - 10:22,Заказ,Защитное стекло 3D для iPhone 11/XR,1,538,538,491,91.2639405204461,Петров Роман,Выдан
03.04.2025 - 10:25,Заказ,Чехол силиконовый прозрачный,1,322,322,260,80.74534161490683,Иванов Сергей,Выдан
03.04.2025 - 17:14,Заказ,Наклейка защитного стекла (Услуга),1,192,192,192,100.0,Администратор,Выдан
04.04.2025 - 10:22,Заказ,Чистка системы охлаждения с заменой термопасты,1,1479,1479,1379,93.23867478025693,Иванов Сергей,Выдан
05.04.2025 - 14:55,Заказ,Прошивка Android/iOS,1,976,976,976,100.0,Иванов Сергей,Выдан
05.04.2025 - 16:15,Заказ,Прошивка Android/iOS,1,1072,1072,1072,100.0,Иванов Сергей,Выдан
05.04.2025 - 17:12,Заказ,16GB USB 2.0 Flash Drive SmartBuy,1,413,413,210,50.847457627118644,Администратор,Выдан
06.04.2025 - 10:08,Заказ,Восстановление цепи питания,2,4121,8242,7260,88.08541616112593,Администратор,Выдан
06.04.2025 - 11:28,Заказ,Аккумулятор Samsung Galaxy A51 (EB-BA515),1,1230,1230,672,54.63414634146342,Иванов Сергей,Выдан
06.04.2025 - 13:57,Заказ,Замена разъема зарядки (MicroUSB/Type-C),2,1215,2430,2234,91.93415637860082,Петров Роман,Выдан
07.04.2025 - 11:44,Заказ,Дисплей iPhone 11 (Копия AAA),1,2539,2539,1209,47.61717211500591,Петров Роман,Выдан
07.04.2025 - 15:24,Заказ,Диагностика,1,514,514,514,100.0,Иванов Сергей,Выдан
07.04.2025 - 15:32,Заказ,Дисплей iPhone 11 (Копия AAA),1,2255,2255,874,38.75831485587583,Сидоров Алексей,Выдан
07.04.2025 - 16:45,Заказ,Замена разъема зарядки (MicroUSB/Type-C),2,1236,2472,2282,92.31391585760518,Иванов Сергей,Выдан
07.04.2025 - 16:51,Продажа,Кабель USB - Lightning (Foxconn),1,563,563,420,74.60035523978685,Сидоров Алексей,
07.04.2025 - 19:02,Заказ,Восстановление цепи питания,1,4775,4775,4279,89.61256544502618,Иванов Сергей,Выдан
08.04.2025 - 11:07,Заказ,Защитное стекло 3D для iPhone 11/XR,1,458,458,408,89.08296943231441,Администратор,Выдан
08.04.2025 - 11:45,Продажа,16GB USB 2.0 Flash Drive SmartBuy,1,426,426,228,53.52112676056338,Иванов Сергей,
09.04.2025 - 13:14,Заказ,16GB USB 2.0 Flash Drive SmartBuy,1,412,412,216,52.42718446601942,Администратор,Выдан
09.04.2025 - 15:35,Заказ,Прошивка Android/iOS,1,943,943,943,100.0,Петров Роман,Выдан
09.04.2025 - 17:46,Заказ,Чистка системы охлаждения с заменой термопасты,1,1568,1568,1466,93.49489795918367,Сидоров Алексей,Выдан
10.04.2025 - 12:50,Заказ,Диагностика,1,472,472,472,100.0,Администратор,Выдан
10.04.2025 - 14:21,Заказ,Чистка системы охлаждения с заменой термопасты,1,1473,1473,1378,93.55057705363204,Сидоров Алексей,Выдан
11.04.2025 - 14:46,Продажа,Блок питания Apple 20W (Copy),1,1226,1226,842,68.67862969004894,Сидоров Алексей,
11.04.2025 - 17:25,Заказ,Диагностика,1,519,519,519,100.0,Администратор,Выдан
12.04.2025 - 10:52,Заказ,Чистка системы охлаждения с заменой термопасты,1,1497,1497,1401,93.5871743486974,Администратор,Выдан
12.04.2025 - 12:54,Продажа,Чехол силиконовый прозрачный,1,282,282,225,79.7872340425532,Иванов Сергей,
12.04.2025 - 13:28,Заказ,Установка Windows 10/11 + Драйвера,1,1133,1133,1133,100.0,Петров Роман,Выдан
13.04.2025 - 14:04,Заказ,Замена разъема зарядки (MicroUSB/Type-C),1,1255,1255,1160,92.43027888446214,Сидоров Алексей,Выдан
13.04.2025 - 19:09,Продажа,Защитное стекло 3D для iPhone 11/XR,1,450,450,398,88.44444444444444,Сидоров Алексей,
14.04.2025 - 10:39,Заказ,Защитное стекло 3D для iPhone 11/XR,2,539,1078,982,91.09461966604823,Администратор,Выдан
14.04.2025 - 13:41,Заказ,"15.6"" WXGA HD LED Глянцевый 40pin (NT156WH)",1,4145,4145,968,23.353437876960193,Иванов Сергей,Выдан
15.04.2025 - 13:52,Продажа,Чехол силиконовый прозрачный,1,306,306,249,81.37254901960785,Сидоров Алексей,
15.04.2025 - 14:14,Заказ,Чистка системы охлаждения с заменой термопасты,1,1419,1419,1323,93.23467230443974,Иванов Сергей,Выдан
15.04.2025 - 18:31,Заказ,Чехол силиконовый прозрачный,2,271,542,426,78.59778597785979,Петров Роман,Выдан
15.04.2025 - 19:40,Заказ,"15.6"" WXGA HD LED Глянцевый 40pin (NT156WH)",1,4507,4507,1364,30.264033725316175,Петров Роман,Выдан
16.04.2025 - 13:28,Заказ,Восстановление цепи питания,1,4572,4572,4078,89.19510061242345,Петров Роман,Выдан
16.04.2025 - 15:04,Заказ,16GB USB 2.0 Flash Drive SmartBuy,1,448,448,249,55.58035714285714,Иванов Сергей,Выдан
16.04.2025 - 18:08,Заказ,Аккумулятор Samsung Galaxy A51 (EB-BA515),1,1188,1188,619,52.10437710437711,Иванов Сергей,Выдан
17.04.2025 - 10:25,Заказ,Аккумулятор Samsung Galaxy A51 (EB-BA515),2,1081,2162,1078,49.861239592969476,Администратор,Выдан
17.04.2025 - 11:46,Продажа,Защитное стекло 3D для iPhone 11/XR,1,494,494,446,90.2834008097166,Сидоров Алексей,
17.04.2025 - 12:46,Продажа,Защитное стекло 3D для iPhone 11/XR,1,462,462,412,89.17748917748918,Иванов Сергей,
17.04.2025 - 13:57,Продажа,Защитное стекло 3D для iPhone 11/XR,1,488,488,438,89.75409836065575,Петров Роман,
17.04.2025 - 14:09,Заказ,Чехол силиконовый прозрачный,1,292,292,231,79.1095890410959,Сидоров Алексей,Выдан
17.04.2025 - 16:24,Заказ,Чистка системы охлаждения с заменой термопасты,1,1647,1647,1544,93.74620522161506,Петров Роман,Выдан
17.04.2025 - 18:07,Заказ,Диагностика,1,517,517,517,100.0,Иванов Сергей,Выдан
17.04.2025 - 19:48,Заказ,Чистка системы охлаждения с заменой термопасты,1,1509,1509,1414,93.70444002650761,Иванов Сергей,Выдан
18.04.2025 - 15:19,Заказ,Кабель USB - Lightning (Foxconn),1,653,653,508,77.7947932618683,Сидоров Алексей,Выдан
18.04.2025 - 16:54,Заказ,Замена разъема зарядки (MicroUSB/Type-C),1,1164,1164,1068,91.75257731958763,Петров Роман,Выдан
18.04.2025 - 18:28,Заказ,Установка Windows 10/11 + Драйвера,2,1171,2342,2342,100.0,Петров Роман,Выдан
19.04.2025 - 10:46,Заказ,SSD накопитель Kingston 240GB,1,2022,2022,467,23.095944609297725,Иванов Сергей,Выдан
19.04.2025 - 13:01,Продажа,Чехол силиконовый прозрачный,1,324,324,266,82.09876543209876,Петров Роман,
20.04.2025 - 11:03,Заказ,Защитное стекло 3D для iPhone 11/XR,1,540,540,489,90.55555555555556,Сидоров Алексей,Выдан
20.04.2025 - 14:46,Заказ,Чистка системы охлаждения с заменой термопасты,2,1591,3182,2978,93.58893777498429,Петров Роман,Выдан
20.04.2025 - 15:05,Заказ,16GB USB 2.0 Flash Drive SmartBuy,1,473,473,266,56.236786469344615,Администратор,Выдан
20.04.2025 - 15:09,Продажа,Чехол силиконовый прозрачный,1,285,285,227,79.64912280701755,Петров Роман,
20.04.2025 - 19:36,Заказ,Наклейка защитного стекла (Услуга),2,183,366,366,100.0,Иванов Сергей,Выдан
21.04.2025 - 11:35,Заказ,Восстановление цепи питания,3,4551,13653,12138,88.9035376840255,Сидоров Алексей,Выдан
21.04.2025 - 12:10,Заказ,Чистка системы охлаждения с заменой термопасты,1,1578,1578,1477,93.59949302915082,Петров Роман,Выдан
21.04.2025 - 13:21,Заказ,Диагностика,1,469,469,469,100.0,Петров Роман,Выдан
21.04.2025 - 17:14,Продажа,Защитное стекло 3D для iPhone 11/XR,1,541,541,490,90.57301293900186,Администратор,
22.04.2025 - 11:02,Заказ,Кабель USB - Lightning (Foxconn),1,637,637,491,77.08006279434852,Сидоров Алексей,Выдан
23.04.2025 - 12:28,Заказ,Замена разъема зарядки (MicroUSB/Type-C),1,1250,1250,1148,91.84,Петров Роман,Выдан
23.04.2025 - 17:33,Заказ,Прошивка Android/iOS,3,973,2919,2919,100.0,Петров Роман,Выдан
24.04.2025 - 10:48,Продажа,Чехол силиконовый прозрачный,1,317,317,258,81.38801261829653,Петров Роман,
24.04.2025 - 11:20,Заказ,16GB USB 2.0 Flash Drive SmartBuy,1,441,441,249,56.4625850340136,Сидоров Алексей,Выдан
24.04.2025 - 12:27,Продажа,Кабель USB - Lightning (Foxconn),1,546,546,390,71.42857142857143,Иванов Сергей,
24.04.2025 - 15:38,Продажа,Кабель USB - Lightning (Foxconn),1,583,583,430,73.75643224699829,Петров Роман,
24.04.2025 - 18:56,Заказ,Восстановление цепи питания,1,4620,4620,4112,89.00432900432901,Петров Роман,Выдан
25.04.2025 - 11:02,Заказ,Замена разъема зарядки (MicroUSB/Type-C),1,1195,1195,1093,91.4644351464435,Сидоров Алексей,Выдан
25.04.2025 - 16:45,Заказ,Защитное стекло 3D для iPhone 11/XR,1,504,504,455,90.27777777777779,Сидоров Алексей,Выдан
26.04.2025 - 10:26,Продажа,Жесткий диск Seagate BarraCuda 1TB,1,3422,3422,381,11.13383985973115,Администратор,
26.04.2025 - 11:47,Продажа,Чехол силиконовый прозрачный,1,293,293,233,79.5221843003413,Администратор,
26.04.2025 - 11:56,Заказ,"15.6"" WXGA HD LED Глянцевый 40pin (NT156WH)",3,4416,13248,3813,28.781702898550726,Петров Роман,Выдан
26.04.2025 - 17:22,Заказ,Диагностика,1,450,450,450,100.0,Администратор,Выдан
26.04.2025 - 19:23,Заказ,Установка Windows 10/11 + Драйвера,2,1093,2186,2186,100.0,Иванов Сергей,Выдан
27.04.2025 - 10:19,Продажа,Чехол силиконовый прозрачный,1,300,300,239,79.66666666666666,Сидоров Алексей,
27.04.2025 - 11:02,Заказ,Кабель USB - Lightning (Foxconn),1,589,589,436,74.02376910016977,Иванов Сергей,Выдан
27.04.2025 - 13:13,Заказ,"15.6"" WXGA HD LED Глянцевый 40pin (NT156WH)",1,4052,4052,856,21.1253701875617,Иванов Сергей,Выдан
27.04.2025 - 19:14,Продажа,Чехол силиконовый прозрачный,1,294,294,233,79.25170068027211,Сидоров Алексей,
28.04.2025 - 10:17,Продажа,Чехол силиконовый прозрачный,1,299,299,238,79.59866220735786,Петров Роман,
28.04.2025 - 16:24,Заказ,Чехол силиконовый прозрачный,1,299,299,240,80.2675585284281,Иванов Сергей,Выдан
29.04.2025 - 15:22,Заказ,Блок питания Apple 20W (Copy),1,1208,1208,807,66.80463576158941,Сидоров Алексей,Выдан
30.04.2025 - 13:12,Заказ,Наклейка защитного стекла (Услуга),1,186,186,186,100.0,Администратор,Выдан
30.04.2025 - 17:04,Заказ,Чистка системы охлаждения с заменой термопасты,1,1609,1609,1505,93.53635798632692,Администратор,Выдан
01.05.2025 - 11:34,Заказ,Аккумулятор Samsung Galaxy A51 (EB-BA515),1,1307,1307,731,55.92960979342004,Иванов Сергей,Выдан
01.05.2025 - 12:40,Заказ,Прошивка Android/iOS,1,1060,1060,1060,100.0,Администратор,Выдан
01.05.2025 - 15:48,Заказ,Чехол силиконовый прозрачный,1,281,281,221,78.64768683274022,Администратор,Выдан
01.05.2025 - 17:12,Заказ,Защитное стекло 3D для iPhone 11/XR,1,483,483,432,89.44099378881988,Петров Роман,Выдан
02.05.2025 - 11:41,Заказ,Восстановление цепи питания,1,4669,4669,4155,88.99121867637609,Иванов Сергей,Выдан
02.05.2025 - 13:46,Заказ,Чистка системы охлаждения с заменой термопасты,1,1472,1472,1369,93.00271739130434,Иванов Сергей,Выдан
02.05.2025 - 14:21,Заказ,Замена разъема зарядки (MicroUSB/Type-C),1,1217,1217,1115,91.61873459326212,Администратор,Выдан
02.05.2025 - 15:01,Заказ,Блок питания Apple 20W (Copy),1,1276,1276,881,69.04388714733543,Иванов Сергей,Выдан
02.05.2025 - 15:56,Продажа,Кабель USB - Lightning (Foxconn),2,580,1160,864,74.48275862068967,Петров Роман,
02.05.2025 - 18:21,Заказ,Дисплей iPhone 11 (Оригинал переклей),1,5659,5659,1882,33.256759144725216,Администратор,Выдан
02.05.2025 - 18:40,Заказ,Чистка системы охлаждения с заменой термопасты,1,1567,1567,1463,93.36311423101468,Сидоров Алексей,Выдан
03.05.2025 - 11:05,Заказ,Замена разъема зарядки (MicroUSB/Type-C),1,1125,1125,1029,91.46666666666667,Администратор,Выдан
03.05.2025 - 15:48,Заказ,Наклейка защитного стекла (Услуга),1,205,205,205,100.0,Петров Роман,Выдан
03.05.2025 - 18:02,Заказ,Чистка системы охлаждения с заменой термопасты,1,1487,1487,1385,93.14055144586416,Иванов Сергей,Выдан
03.05.2025 - 19:03,Заказ,Замена разъема зарядки (MicroUSB/Type-C),1,1097,1097,998,90.97538742023701,Иванов Сергей,Выдан
03.05.2025 - 19:31,Продажа,SSD накопитель Kingston 240GB,1,2164,2164,705,32.57855822550832,Иванов Сергей,
04.05.2025 - 10:08,Заказ,Чехол силиконовый прозрачный,1,303,303,243,80.19801980198021,Администратор,Выдан
04.05.2025 - 10:20,Продажа,Чехол силиконовый прозрачный,2,327,654,530,81.03975535168195,Сидоров Алексей,
04.05.2025 - 15:56,Заказ,Прошивка Android/iOS,1,1055,1055,1055,100.0,Петров Роман,Выдан
04.05.2025 - 17:04,Продажа,Защитное стекло 3D для iPhone 11/XR,1,452,452,403,89.15929203539822,Сидоров Алексей,
05.05.2025 - 11:44,Продажа,Жесткий диск Seagate BarraCuda 1TB,1,3657,3657,757,20.700027344818157,Администратор,
06.05.2025 - 10:13,Заказ,Восстановление цепи питания,1,4479,4479,3969,88.61352980576022,Петров Роман,Выдан
06.05.2025 - 10:29,Заказ,Чехол силиконовый прозрачный,1,305,305,246,80.65573770491802,Иванов Сергей,Выдан
06.05.2025 - 10:40,Заказ,Кабель USB - Lightning (Foxconn),1,571,571,428,74.95621716287215,Администратор,Выдан
06.05.2025 - 12:12,Заказ,SSD накопитель Kingston 240GB,1,2405,2405,895,37.21413721413722,Сидоров Алексей,Выдан
06.05.2025 - 18:21,Продажа,Кабель USB - Lightning (Foxconn),1,541,541,399,73.75231053604436,Петров Роман,
06.05.2025 - 19:13,Заказ,Чехол силиконовый прозрачный,1,292,292,234,80.13698630136986,Сидоров Алексей,Выдан
07.05.2025 - 19:05,Заказ,Чехол силиконовый прозрачный,1,327,327,266,81.34556574923548,Администратор,Выдан
08.05.2025 - 10:30,Заказ,Диагностика,1,539,539,539,100.0,Иванов Сергей,Выдан
08.05.2025 - 14:42,Заказ,Защитное стекло 3D для iPhone 11/XR,1,527,527,476,90.32258064516128,Петров Роман,Выдан
09.05.2025 - 16:32,Заказ,Диагностика,1,502,502,502,100.0,Петров Роман,Выдан
09.05.2025 - 17:31,Заказ,Прошивка Android/iOS,1,1055,1055,1055,100.0,Администратор,Выдан
09.05.2025 - 19:23,Продажа,Чехол силиконовый прозрачный,1,304,304,244,80.26315789473685,Иванов Сергей,
10.05.2025 - 16:57,Заказ,Чехол силиконовый прозрачный,1,325,325,264,81.23076923076923,Петров Роман,Выдан
11.05.2025 - 10:05,Заказ,Чехол силиконовый прозрачный,1,319,319,257,80.56426332288402,Администратор,Выдан
11.05.2025 - 13:51,Заказ,Установка Windows 10/11 + Драйвера,1,1292,1292,1292,100.0,Петров Роман,Выдан
11.05.2025 - 15:24,Заказ,Диагностика,1,534,534,534,100.0,Сидоров Алексей,Выдан
12.05.2025 - 10:09,Продажа,Защитное стекло 3D для iPhone 11/XR,1,535,535,488,91.21495327102804,Сидоров Алексей,
12.05.2025 - 12:34,Заказ,Замена разъема зарядки (MicroUSB/Type-C),1,1256,1256,1156,92.03821656050955,Администратор,Выдан
12.05.2025 - 15:34,Заказ,Наклейка защитного стекла (Услуга),1,219,219,219,100.0,Иванов Сергей,Выдан
12.05.2025 - 18:56,Заказ,Восстановление цепи питания,1,4841,4841,4357,90.00206568890725,Иванов Сергей,Выдан
12.05.2025 - 19:35,Заказ,Диагностика,1,519,519,519,100.0,Петров Роман,Выдан
13.05.2025 - 11:58,Продажа,Чехол силиконовый прозрачный,1,324,324,264,81.48148148148148,Петров Роман,
13.05.2025 - 14:42,Заказ,Наклейка защитного стекла (Услуга),1,183,183,183,100.0,Иванов Сергей,Выдан
13.05.2025 - 15:32,Заказ,Наклейка защитного стекла (Услуга),1,203,203,203,100.0,Иванов Сергей,Выдан
13.05.2025 - 18:21,Заказ,Кабель USB - Lightning (Foxconn),1,567,567,421,74.25044091710758,Иванов Сергей,Выдан
13.05.2025 - 19:01,Заказ,Восстановление цепи питания,1,4171,4171,3663,87.8206665068329,Администратор,Выдан
14.05.2025 - 13:54,Заказ,Дисплей iPhone 11 (Копия AAA),1,2493,2493,1136,45.56758924989972,Иванов Сергей,Выдан
14.05.2025 - 15:34,Продажа,SSD накопитель Kingston 240GB,2,2394,4788,1876,39.1812865497076,Петров Роман,
14.05.2025 - 15:36,Заказ,Восстановление цепи питания,1,4463,4463,3979,89.15527671969528,Сидоров Алексей,Выдан
15.05.2025 - 16:04,Заказ,Прошивка Android/iOS,1,905,905,905,100.0,Иванов Сергей,Выдан
15.05.2025 - 19:26,Продажа,Защитное стекло 3D для iPhone 11/XR,1,496,496,446,89.91935483870968,Сидоров Алексей,
15.05.2025 - 19:28,Продажа,Блок питания Apple 20W (Copy),1,1317,1317,910,69.09643128321945,Иванов Сергей,
15.05.2025 - 19:39,Заказ,Аккумулятор Samsung Galaxy A51 (EB-BA515),1,1187,1187,628,52.906486941870256,Иванов Сергей,Выдан
16.05.2025 - 15:11,Заказ,Наклейка защитного стекла (Услуга),1,198,198,198,100.0,Петров Роман,Выдан
16.05.2025 - 16:08,Продажа,Жесткий диск Seagate BarraCuda 1TB,1,4081,4081,1232,30.18867924528302,Сидоров Алексей,
16.05.2025 - 17:19,Заказ,Дисплей iPhone 11 (Оригинал переклей),1,5509,5509,1782,32.3470684334725,Администратор,Выдан
17.05.2025 - 17:55,Заказ,Дисплей iPhone 11 (Копия AAA),1,2588,2588,1160,44.822256568778975,Администратор,Выдан
18.05.2025 - 11:50,Продажа,16GB USB 2.0 Flash Drive SmartBuy,2,487,974,592,60.78028747433265,Петров Роман,
18.05.2025 - 12:49,Заказ,Замена разъема зарядки (MicroUSB/Type-C),1,1284,1284,1182,92.05607476635514,Сидоров Алексей,Выдан
18.05.2025 - 14:58,Продажа,Блок питания Apple 20W (Copy),1,1234,1234,841,68.15235008103727,Администратор,
19.05.2025 - 10:00,Заказ,Наклейка защитного стекла (Услуга),1,195,195,195,100.0,Петров Роман,Выдан
19.05.2025 - 11:13,Продажа,Блок питания Apple 20W (Copy),1,1090,1090,680,62.38532110091744,Иванов Сергей,
19.05.2025 - 12:21,Заказ,Диагностика,1,503,503,503,100.0,Иванов Сергей,Выдан
19.05.2025 - 14:53,Заказ,Защитное стекло 3D для iPhone 11/XR,1,455,455,404,88.79120879120879,Иванов Сергей,Выдан
19.05.2025 - 17:13,Заказ,Восстановление цепи питания,3,4353,13059,11556,88.49069607167472,Администратор,Выдан
20.05.2025 - 15:14,Заказ,Диагностика,1,508,508,508,100.0,Иванов Сергей,Выдан
20.05.2025 - 16:21,Заказ,Диагностика,1,513,513,513,100.0,Администратор,Выдан
20.05.2025 - 18:25,Заказ,Прошивка Android/iOS,1,1004,1004,1004,100.0,Сидоров Алексей,Выдан
21.05.2025 - 10:43,Заказ,Чистка системы охлаждения с заменой термопасты,1,1502,1502,1403,93.40878828229027,Сидоров Алексей,Выдан
21.05.2025 - 16:59,Заказ,Аккумулятор Samsung Galaxy A51 (EB-BA515),1,1257,1257,711,56.56324582338902,Петров Роман,Выдан
22.05.2025 - 10:31,Продажа,Кабель USB - Lightning (Foxconn),1,643,643,497,77.29393468118197,Иванов Сергей,
22.05.2025 - 16:10,Заказ,Чехол силиконовый прозрачный,1,303,303,246,81.1881188118812,Администратор,Выдан
22.05.2025 - 16:50,Заказ,Установка Windows 10/11 + Драйвера,1,1295,1295,1295,100.0,Сидоров Алексей,Выдан
23.05.2025 - 17:51,Заказ,Чехол силиконовый прозрачный,1,291,291,233,80.06872852233677,Петров Роман,Выдан
23.05.2025 - 18:28,Продажа,Кабель USB - Lightning (Foxconn),1,646,646,503,77.86377708978328,Иванов Сергей,
23.05.2025 - 19:11,Заказ,Кабель USB - Lightning (Foxconn),1,646,646,502,77.70897832817337,Петров Роман,Выдан
24.05.2025 - 14:04,Заказ,Наклейка защитного стекла (Услуга),1,195,195,195,100.0,Администратор,Выдан
24.05.2025 - 14:06,Заказ,Восстановление цепи питания,1,4292,4292,3815,88.88630009319665,Администратор,Выдан
24.05.2025 - 16:17,Заказ,Замена разъема зарядки (MicroUSB/Type-C),1,1246,1246,1144,91.81380417335474,Иванов Сергей,Выдан
24.05.2025 - 16:24,Продажа,Кабель USB - Lightning (Foxconn),1,591,591,449,75.97292724196278,Администратор,
24.05.2025 - 16:32,Заказ,Наклейка защитного стекла (Услуга),1,204,204,204,100.0,Петров Роман,Выдан
24.05.2025 - 17:39,Заказ,Диагностика,1,540,540,540,100.0,Петров Роман,Выдан
25.05.2025 - 10:14,Заказ,Восстановление цепи питания,1,4766,4766,4262,89.42509441879983,Администратор,Выдан
25.05.2025 - 14:55,Заказ,Восстановление цепи питания,1,4675,4675,4177,89.3475935828877,Сидоров Алексей,Выдан
25.05.2025 - 16:02,Заказ,"15.6"" WXGA HD LED Глянцевый 40pin (NT156WH)",1,4459,4459,1132,25.386858039919264,Иванов Сергей,Выдан
27.05.2025 - 10:21,Заказ,Кабель USB - Lightning (Foxconn),1,638,638,484,75.86206896551724,Сидоров Алексей,Выдан
27.05.2025 - 14:32,Продажа,Кабель USB - Lightning (Foxconn),1,590,590,447,75.76271186440678,Сидоров Алексей,
27.05.2025 - 15:48,Заказ,Замена разъема зарядки (MicroUSB/Type-C),1,1185,1185,1084,91.47679324894514,Сидоров Алексей,Выдан
27.05.2025 - 16:10,Продажа,Чехол силиконовый прозрачный,1,297,297,237,79.7979797979798,Сидоров Алексей,
27.05.2025 - 18:01,Заказ,Установка Windows 10/11 + Драйвера,1,1138,1138,1138,100.0,Администратор,Выдан
28.05.2025 - 15:47,Заказ,Чехол силиконовый прозрачный,1,328,328,266,81.09756097560977,Иванов Сергей,Выдан
28.05.2025 - 16:30,Заказ,Чистка системы охлаждения с заменой термопасты,1,1594,1594,1491,93.53826850690088,Администратор,Выдан
28.05.2025 - 18:36,Заказ,Прошивка Android/iOS,1,1037,1037,1037,100.0,Администратор,Выдан
29.05.2025 - 11:03,Заказ,Прошивка Android/iOS,1,1058,1058,1058,100.0,Иванов Сергей,Выдан
29.05.2025 - 11:51,Заказ,Защитное стекло 3D для iPhone 11/XR,1,476,476,428,89.91596638655463,Петров Роман,Выдан
29.05.2025 - 14:41,Заказ,Установка Windows 10/11 + Драйвера,1,1260,1260,1260,100.0,Сидоров Алексей,Выдан
29.05.2025 - 15:33,Заказ,Аккумулятор Samsung Galaxy A51 (EB-BA515),1,1179,1179,635,53.859202714164546,Сидоров Алексей,Выдан
29.05.2025 - 16:03,Заказ,Блок питания Apple 20W (Copy),1,1232,1232,821,66.6396103896104,Администратор,Выдан
29.05.2025 - 16:20,Продажа,Защитное стекло 3D для iPhone 11/XR,1,461,461,413,89.587852494577,Иванов Сергей,
30.05.2025 - 10:48,Заказ,Прошивка Android/iOS,1,1057,1057,1057,100.0,Петров Роман,Выдан
30.05.2025 - 11:32,Заказ,Наклейка защитного стекла (Услуга),1,215,215,215,100.0,Сидоров Алексей,Выдан
30.05.2025 - 15:31,Заказ,Чехол силиконовый прозрачный,1,276,276,215,77.89855072463769,Иванов Сергей,Выдан
31.05.2025 - 10:55,Заказ,Защитное стекло 3D для iPhone 11/XR,1,538,538,489,90.89219330855019,Сидоров Алексей,Выдан
31.05.2025 - 15:27,Продажа,Кабель USB - Lightning (Foxconn),1,559,559,417,74.59749552772809,Администратор,
31.05.2025 - 15:38,Заказ,Дисплей iPhone 11 (Оригинал переклей),2,5671,11342,3496,30.823487921001586,Администратор,Выдан
01.06.2025 - 11:57,Заказ,16GB USB 2.0 Flash Drive SmartBuy,1,482,482,288,59.75103734439834,Сидоров Алексей,Выдан
01.06.2025 - 12:00,Заказ,Установка Windows 10/11 + Драйвера,1,1222,1222,1222,100.0,Администратор,Выдан
01.06.2025 - 12:10,Заказ,Кабель USB - Lightning (Foxconn),1,579,579,434,74.95682210708118,Петров Роман,Выдан
01.06.2025 - 12:36,Заказ,Прошивка Android/iOS,1,943,943,943,100.0,Администратор,Выдан
01.06.2025 - 13:30,Заказ,Защитное стекло 3D для iPhone 11/XR,1,456,456,405,88.81578947368422,Администратор,Выдан
01.06.2025 - 15:20,Заказ,Чистка системы охлаждения с заменой термопасты,1,1581,1581,1480,93.61163820366856,Сидоров Алексей,Выдан
01.06.2025 - 18:05,Заказ,Прошивка Android/iOS,3,1082,3246,3246,100.0,Иванов Сергей,Выдан
02.06.2025 - 17:00,Заказ,Чехол силиконовый прозрачный,1,276,276,217,78.62318840579711,Петров Роман,Выдан
02.06.2025 - 18:43,Заказ,Наклейка защитного стекла (Услуга),1,190,190,190,100.0,Сидоров Алексей,Выдан
03.06.2025 - 12:19,Продажа,Чехол силиконовый прозрачный,1,324,324,266,82.09876543209876,Сидоров Алексей,
03.06.2025 - 17:29,Заказ,Установка Windows 10/11 + Драйвера,1,1193,1193,1193,100.0,Администратор,Выдан
04.06.2025 - 10:15,Заказ,Кабель USB - Lightning (Foxconn),1,542,542,393,72.50922509225092,Петров Роман,Выдан
04.06.2025 - 10:21,Заказ,Замена разъема зарядки (MicroUSB/Type-C),1,1132,1132,1036,91.51943462897526,Администратор,Выдан
04.06.2025 - 12:33,Заказ,Наклейка защитного стекла (Услуга),1,216,216,216,100.0,Петров Роман,Выдан
04.06.2025 - 14:07,Продажа,Защитное стекло 3D для iPhone 11/XR,1,461,461,413,89.587852494577,Администратор,
04.06.2025 - 14:43,Продажа,SSD накопитель Kingston 240GB,1,2045,2045,574,28.068459657701712,Администратор,
04.06.2025 - 15:04,Заказ,Замена разъема зарядки (MicroUSB/Type-C),1,1294,1294,1190,91.9629057187017,Сидоров Алексей,Выдан
04.06.2025 - 15:50,Заказ,16GB USB 2.0 Flash Drive SmartBuy,1,469,469,261,55.65031982942431,Сидоров Алексей,Выдан
05.06.2025 - 11:03,Заказ,Диагностика,1,462,462,462,100.0,Иванов Сергей,Выдан
05.06.2025 - 14:20,Продажа,16GB USB 2.0 Flash Drive SmartBuy,1,434,434,241,55.52995391705069,Иванов Сергей,
06.06.2025 - 10:52,Заказ,Диагностика,1,454,454,454,100.0,Иванов Сергей,Выдан
06.06.2025 - 12:28,Заказ,Прошивка Android/iOS,1,915,915,915,100.0,Петров Роман,Выдан
06.06.2025 - 15:13,Заказ,Замена разъема зарядки (MicroUSB/Type-C),1,1086,1086,984,90.60773480662984,Иванов Сергей,Выдан
06.06.2025 - 18:07,Заказ,Защитное стекло 3D для iPhone 11/XR,1,485,485,435,89.69072164948454,Иванов Сергей,Выдан
07.06.2025 - 14:08,Продажа,Жесткий диск Seagate BarraCuda 1TB,1,3706,3706,768,20.72315164597949,Иванов Сергей,
07.06.2025 - 18:16,Заказ,Дисплей iPhone 11 (Копия AAA),1,2650,2650,1207,45.54716981132076,Иванов Сергей,Выдан
09.06.2025 - 15:18,Продажа,Чехол силиконовый прозрачный,2,300,600,484,80.66666666666666,Администратор,
09.06.2025 - 18:53,Заказ,Аккумулятор Samsung Galaxy A51 (EB-BA515),1,1274,1274,700,54.94505494505495,Петров Роман,Выдан
10.06.2025 - 12:46,Заказ,"15.6"" WXGA HD LED Глянцевый 40pin (NT156WH)",1,4558,4558,1479,32.44844229925406,Петров Роман,Выдан
10.06.2025 - 13:46,Заказ,Чистка системы охлаждения с заменой термопасты,1,1360,1360,1261,92.72058823529412,Иванов Сергей,Выдан
11.06.2025 - 12:08,Заказ,Чистка системы охлаждения с заменой термопасты,1,1635,1635,1532,93.70030581039755,Петров Роман,Выдан
11.06.2025 - 15:47,Продажа,SSD накопитель Kingston 240GB,1,2103,2103,573,27.246790299572037,Администратор,
12.06.2025 - 10:16,Заказ,Аккумулятор Samsung Galaxy A51 (EB-BA515),1,1170,1170,594,50.76923076923077,Администратор,Выдан
12.06.2025 - 14:51,Заказ,Установка Windows 10/11 + Драйвера,1,1114,1114,1114,100.0,Сидоров Алексей,Выдан
12.06.2025 - 15:26,Продажа,SSD накопитель Kingston 240GB,1,2315,2315,846,36.54427645788337,Иванов Сергей,
12.06.2025 - 19:26,Заказ,"15.6"" WXGA HD LED Глянцевый 40pin (NT156WH)",1,4772,4772,1693,35.4777870913663,Иванов Сергей,Выдан
13.06.2025 - 13:10,Заказ,Дисплей iPhone 11 (Оригинал переклей),1,5979,5979,2122,35.49088476333835,Петров Роман,Выдан
13.06.2025 - 13:16,Заказ,Дисплей iPhone 11 (Копия AAA),1,2662,2662,1252,47.03230653643877,Администратор,Выдан
13.06.2025 - 14:18,Заказ,Диагностика,1,459,459,459,100.0,Администратор,Выдан
13.06.2025 - 15:31,Заказ,Восстановление цепи питания,1,4700,4700,4197,89.29787234042553,Администратор,Выдан
13.06.2025 - 15:57,Заказ,Установка Windows 10/11 + Драйвера,1,1103,1103,1103,100.0,Иванов Сергей,Выдан
13.06.2025 - 19:02,Заказ,Дисплей iPhone 11 (Копия AAA),1,2339,2339,997,42.625053441641725,Петров Роман,Выдан
14.06.2025 - 16:06,Продажа,Защитное стекло 3D для iPhone 11/XR,1,512,512,463,90.4296875,Администратор,
15.06.2025 - 10:01,Заказ,Защитное стекло 3D для iPhone 11/XR,1,507,507,456,89.94082840236686,Администратор,Выдан
15.06.2025 - 10:17,Заказ,Установка Windows 10/11 + Драйвера,1,1165,1165,1165,100.0,Иванов Сергей,Выдан
15.06.2025 - 11:49,Заказ,Диагностика,1,534,534,534,100.0,Сидоров Алексей,Выдан
15.06.2025 - 12:19,Заказ,SSD накопитель Kingston 240GB,1,2161,2161,697,32.253586302637665,Администратор,Выдан
16.06.2025 - 10:33,Заказ,"15.6"" WXGA HD LED Глянцевый 40pin (NT156WH)",1,4196,4196,953,22.71210676835081,Администратор,Выдан
16.06.2025 - 10:52,Продажа,Блок питания Apple 20W (Copy),1,1118,1118,736,65.83184257602862,Иванов Сергей,
16.06.2025 - 11:16,Заказ,Наклейка защитного стекла (Услуга),1,209,209,209,100.0,Администратор,Выдан
16.06.2025 - 12:15,Заказ,Дисплей iPhone 11 (Копия AAA),1,2525,2525,1141,45.18811881188119,Петров Роман,Выдан
16.06.2025 - 16:30,Заказ,Защитное стекло 3D для iPhone 11/XR,1,487,487,438,89.93839835728953,Администратор,Выдан
17.06.2025 - 12:49,Заказ,Диагностика,1,459,459,459,100.0,Петров Роман,Выдан
17.06.2025 - 15:05,Продажа,Чехол силиконовый прозрачный,1,270,270,209,77.4074074074074,Администратор,
18.06.2025 - 11:13,Заказ,Наклейка защитного стекла (Услуга),1,218,218,218,100.0,Петров Роман,Выдан
18.06.2025 - 12:56,Продажа,Защитное стекло 3D для iPhone 11/XR,1,508,508,459,90.35433070866141,Сидоров Алексей,
18.06.2025 - 16:38,Продажа,Защитное стекло 3D для iPhone 11/XR,1,466,466,417,89.48497854077253,Иванов Сергей,
18.06.2025 - 16:50,Продажа,Защитное стекло 3D для iPhone 11/XR,1,542,542,492,90.7749077490775,Петров Роман,
18.06.2025 - 16:50,Заказ,Прошивка Android/iOS,1,976,976,976,100.0,Петров Роман,Выдан
18.06.2025 - 17:20,Заказ,Кабель USB - Lightning (Foxconn),1,576,576,422,73.26388888888889,Администратор,Выдан
18.06.2025 - 19:09,Заказ,Установка Windows 10/11 + Драйвера,1,1184,1184,1184,100.0,Иванов Сергей,Выдан
18.06.2025 - 19:39,Заказ,16GB USB 2.0 Flash Drive SmartBuy,1,451,451,244,54.1019955654102,Иванов Сергей,Выдан
19.06.2025 - 10:41,Заказ,Установка Windows 10/11 + Драйвера,1,1181,1181,1181,100.0,Иванов Сергей,Выдан
19.06.2025 - 12:16,Заказ,Наклейка защитного стекла (Услуга),2,192,384,384,100.0,Иванов Сергей,Выдан
19.06.2025 - 16:28,Продажа,Чехол силиконовый прозрачный,1,292,292,233,79.7945205479452,Администратор,
20.06.2025 - 16:05,Заказ,Установка Windows 10/11 + Драйвера,1,1198,1198,1198,100.0,Иванов Сергей,Выдан
20.06.2025 - 16:49,Продажа,Кабель USB - Lightning (Foxconn),1,659,659,509,77.2382397572079,Петров Роман,
21.06.2025 - 13:24,Заказ,Установка Windows 10/11 + Драйвера,1,1103,1103,1103,100.0,Сидоров Алексей,Выдан
21.06.2025 - 14:06,Заказ,Чистка системы охлаждения с заменой термопасты,1,1367,1367,1266,92.61155815654718,Петров Роман,Выдан
21.06.2025 - 17:26,Продажа,Жесткий диск Seagate BarraCuda 1TB,1,3941,3941,1027,26.059375792945954,Петров Роман,
21.06.2025 - 17:32,Заказ,Прошивка Android/iOS,1,1009,1009,1009,100.0,Сидоров Алексей,Выдан
21.06.2025 - 19:01,Заказ,Защитное стекло 3D для iPhone 11/XR,1,462,462,410,88.74458874458875,Администратор,Выдан
21.06.2025 - 19:32,Заказ,Замена разъема зарядки (MicroUSB/Type-C),1,1304,1304,1202,92.17791411042946,Администратор,Выдан
22.06.2025 - 13:01,Заказ,Кабель USB - Lightning (Foxconn),1,619,619,476,76.89822294022616,Петров Роман,Выдан
22.06.2025 - 13:36,Заказ,Замена разъема зарядки (MicroUSB/Type-C),1,1120,1120,1019,90.98214285714286,Иванов Сергей,Выдан
22.06.2025 - 18:07,Заказ,Наклейка защитного стекла (Услуга),1,215,215,215,100.0,Администратор,Выдан
23.06.2025 - 11:19,Продажа,SSD накопитель Kingston 240GB,1,2362,2362,914,38.69602032176122,Сидоров Алексей,
23.06.2025 - 12:24,Заказ,Чехол силиконовый прозрачный,1,314,314,257,81.84713375796179,Петров Роман,Выдан
23.06.2025 - 14:02,Заказ,Дисплей iPhone 11 (Копия AAA),2,2279,4558,1862,40.85125054848618,Сидоров Алексей,Выдан
23.06.2025 - 14:23,Заказ,Дисплей iPhone 11 (Копия AAA),1,2386,2386,945,39.60603520536463,Сидоров Алексей,Выдан
24.06.2025 - 11:38,Заказ,Аккумулятор Samsung Galaxy A51 (EB-BA515),1,1216,1216,667,54.851973684210535,Петров Роман,Выдан
24.06.2025 - 19:11,Продажа,Чехол силиконовый прозрачный,1,296,296,239,80.74324324324324,Иванов Сергей,
24.06.2025 - 19:24,Заказ,Чехол силиконовый прозрачный,1,302,302,240,79.47019867549669,Администратор,Выдан
25.06.2025 - 12:00,Заказ,SSD накопитель Kingston 240GB,1,2016,2016,543,26.934523809523807,Администратор,Выдан
25.06.2025 - 12:08,Заказ,Дисплей iPhone 11 (Оригинал переклей),1,5275,5275,1473,27.92417061611374,Иванов Сергей,Выдан
26.06.2025 - 10:08,Заказ,Дисплей iPhone 11 (Оригинал переклей),2,5346,10692,3264,30.52749719416386,Администратор,Выдан
26.06.2025 - 17:53,Продажа,Кабель USB - Lightning (Foxconn),1,613,613,465,75.85644371941272,Петров Роман,
26.06.2025 - 19:34,Заказ,Защитное стекло 3D для iPhone 11/XR,3,503,1509,1365,90.4572564612326,Петров Роман,Выдан
26.06.2025 - 19:49,Продажа,Защитное стекло 3D для iPhone 11/XR,1,531,531,483,90.96045197740112,Петров Роман,
26.06.2025 - 19:53,Продажа,16GB USB 2.0 Flash Drive SmartBuy,1,417,417,219,52.51798561151079,Петров Роман,
27.06.2025 - 10:54,Заказ,Аккумулятор Samsung Galaxy A51 (EB-BA515),1,1208,1208,653,54.056291390728475,Сидоров Алексей,Выдан
27.06.2025 - 12:50,Заказ,Наклейка защитного стекла (Услуга),1,215,215,215,100.0,Петров Роман,Выдан
27.06.2025 - 14:56,Заказ,Восстановление цепи питания,1,4413,4413,3895,88.26195331973715,Иванов Сергей,Выдан
27.06.2025 - 15:37,Заказ,Прошивка Android/iOS,1,930,930,930,100.0,Сидоров Алексей,Выдан
27.06.2025 - 17:06,Заказ,Прошивка Android/iOS,1,961,961,961,100.0,Петров Роман,Выдан
28.06.2025 - 12:57,Заказ,Аккумулятор Samsung Galaxy A51 (EB-BA515),1,1180,1180,648,54.91525423728814,Сидоров Алексей,Выдан
28.06.2025 - 13:23,Заказ,Восстановление цепи питания,1,4537,4537,4027,88.75909191095438,Иванов Сергей,Выдан
28.06.2025 - 15:06,Заказ,Кабель USB - Lightning (Foxconn),1,632,632,484,76.58227848101265,Петров Роман,Выдан
28.06.2025 - 15:22,Продажа,Кабель USB - Lightning (Foxconn),1,599,599,443,73.95659432387312,Администратор,
29.06.2025 - 10:27,Продажа,Кабель USB - Lightning (Foxconn),1,623,623,467,74.95987158908507,Петров Роман,
29.06.2025 - 11:29,Заказ,Аккумулятор Samsung Galaxy A51 (EB-BA515),3,1156,3468,1890,54.498269896193776,Петров Роман,Выдан
29.06.2025 - 16:14,Заказ,Защитное стекло 3D для iPhone 11/XR,1,465,465,416,89.46236559139786,Иванов Сергей,Выдан
29.06.2025 - 17:01,Продажа,Защитное стекло 3D для iPhone 11/XR,2,544,1088,990,90.99264705882352,Петров Роман,
29.06.2025 - 18:26,Продажа,Кабель USB - Lightning (Foxconn),1,597,597,442,74.03685092127303,Иванов Сергей,
30.06.2025 - 14:08,Заказ,Дисплей iPhone 11 (Оригинал переклей),1,5633,5633,1835,32.57589206461921,Администратор,Выдан
30.06.2025 - 16:53,Продажа,Чехол силиконовый прозрачный,1,275,275,214,77.81818181818181,Иванов Сергей,
30.06.2025 - 18:36,Заказ,Аккумулятор Samsung Galaxy A51 (EB-BA515),1,1311,1311,768,58.58123569794051,Администратор,Выдан
01.07.2025 - 12:01,Заказ,Прошивка Android/iOS,1,1029,1029,1029,100.0,Петров Роман,Выдан
01.07.2025 - 15:40,Заказ,Диагностика,1,499,499,499,100.0,Администратор,Выдан
01.07.2025 - 18:25,Заказ,Защитное стекло 3D для iPhone 11/XR,1,502,502,452,90.0398406374502,Петров Роман,Выдан
02.07.2025 - 11:39,Заказ,"15.6"" WXGA HD LED Глянцевый 40pin (NT156WH)",1,4276,4276,948,22.170252572497663,Администратор,Выдан
02.07.2025 - 12:38,Заказ,Дисплей iPhone 11 (Копия AAA),1,2646,2646,1277,48.261526832955404,Сидоров Алексей,Выдан
03.07.2025 - 10:05,Заказ,Наклейка защитного стекла (Услуга),1,218,218,218,100.0,Иванов Сергей,Выдан
03.07.2025 - 11:18,Заказ,SSD накопитель Kingston 240GB,1,2288,2288,765,33.43531468531469,Сидоров Алексей,Выдан
03.07.2025 - 13:39,Заказ,Дисплей iPhone 11 (Копия AAA),1,2660,2660,1297,48.7593984962406,Администратор,Выдан
03.07.2025 - 19:11,Заказ,Аккумулятор Samsung Galaxy A51 (EB-BA515),1,1174,1174,603,51.36286201022146,Петров Роман,Выдан
03.07.2025 - 19:32,Продажа,Блок питания Apple 20W (Copy),1,1151,1151,732,63.5968722849696,Петров Роман,
04.07.2025 - 10:45,Заказ,Замена разъема зарядки (MicroUSB/Type-C),1,1099,1099,999,90.90081892629664,Иванов Сергей,Выдан
04.07.2025 - 12:03,Продажа,Чехол силиконовый прозрачный,1,312,312,252,80.76923076923077,Иванов Сергей,
04.07.2025 - 12:30,Продажа,SSD накопитель Kingston 240GB,1,2159,2159,672,31.12552107457156,Сидоров Алексей,
04.07.2025 - 16:08,Заказ,Замена разъема зарядки (MicroUSB/Type-C),1,1141,1141,1041,91.23575810692375,Петров Роман,Выдан
04.07.2025 - 19:57,Заказ,Замена разъема зарядки (MicroUSB/Type-C),1,1319,1319,1224,92.7975739196361,Иванов Сергей,Выдан
05.07.2025 - 10:40,Заказ,"15.6"" WXGA HD LED Глянцевый 40pin (NT156WH)",1,4202,4202,1032,24.55973346025702,Администратор,Выдан
05.07.2025 - 12:39,Заказ,Кабель USB - Lightning (Foxconn),1,645,645,490,75.96899224806202,Администратор,Выдан
05.07.2025 - 13:48,Продажа,Блок питания Apple 20W (Copy),1,1095,1095,691,63.10502283105023,Сидоров Алексей,
07.07.2025 - 13:23,Заказ,Наклейка защитного стекла (Услуга),1,209,209,209,100.0,Администратор,Выдан
07.07.2025 - 17:33,Заказ,Чехол силиконовый прозрачный,2,301,602,486,80.73089700996677,Петров Роман,Выдан
08.07.2025 - 16:01,Продажа,Кабель USB - Lightning (Foxconn),1,620,620,474,76.45161290322581,Администратор,
08.07.2025 - 18:21,Заказ,Чехол силиконовый прозрачный,1,324,324,264,81.48148148148148,Сидоров Алексей,Выдан
08.07.2025 - 19:07,Продажа,Чехол силиконовый прозрачный,1,293,293,236,80.54607508532423,Иванов Сергей,
09.07.2025 - 14:57,Заказ,Дисплей iPhone 11 (Оригинал переклей),1,5094,5094,1334,26.18767177071064,Сидоров Алексей,Выдан
09.07.2025 - 15:01,Заказ,Диагностика,1,493,493,493,100.0,Иванов Сергей,Выдан
09.07.2025 - 19:25,Заказ,Диагностика,1,455,455,455,100.0,Иванов Сергей,Выдан
10.07.2025 - 10:25,Заказ,Дисплей iPhone 11 (Копия AAA),1,2663,2663,1295,48.62936537739392,Петров Роман,Выдан
10.07.2025 - 11:52,Заказ,Прошивка Android/iOS,1,952,952,952,100.0,Администратор,Выдан
10.07.2025 - 16:30,Продажа,Чехол силиконовый прозрачный,1,315,315,258,81.9047619047619,Администратор,
10.07.2025 - 16:52,Заказ,Наклейка защитного стекла (Услуга),1,212,212,212,100.0,Администратор,Выдан
10.07.2025 - 19:47,Заказ,Кабель USB - Lightning (Foxconn),1,658,658,505,76.74772036474164,Иванов Сергей,Выдан
11.07.2025 - 11:55,Заказ,Аккумулятор Samsung Galaxy A51 (EB-BA515),3,1083,3249,1533,47.1837488457987,Петров Роман,Выдан
11.07.2025 - 12:22,Заказ,Наклейка защитного стекла (Услуга),1,211,211,211,100.0,Администратор,Выдан
11.07.2025 - 17:45,Заказ,Диагностика,1,474,474,474,100.0,Сидоров Алексей,Выдан
12.07.2025 - 11:30,Заказ,Наклейка защитного стекла (Услуга),1,191,191,191,100.0,Администратор,Выдан
13.07.2025 - 15:20,Заказ,Чехол силиконовый прозрачный,2,282,564,442,78.36879432624113,Петров Роман,Выдан
14.07.2025 - 11:12,Заказ,Прошивка Android/iOS,1,955,955,955,100.0,Петров Роман,Выдан
14.07.2025 - 11:26,Заказ,Наклейка защитного стекла (Услуга),1,203,203,203,100.0,Сидоров Алексей,Выдан
14.07.2025 - 19:29,Заказ,Чехол силиконовый прозрачный,1,326,326,268,82.20858895705521,Иванов Сергей,Выдан
15.07.2025 - 11:14,Заказ,Чистка системы охлаждения с заменой термопасты,2,1509,3018,2820,93.43936381709742,Сидоров Алексей,Выдан
15.07.2025 - 11:40,Заказ,Восстановление цепи питания,1,4777,4777,4290,89.80531714465145,Петров Роман,Выдан
15.07.2025 - 12:30,Заказ,Чехол силиконовый прозрачный,1,298,298,239,80.20134228187919,Петров Роман,Выдан
15.07.2025 - 17:46,Заказ,Восстановление цепи питания,1,4567,4567,4045,88.57017735931684,Петров Роман,Выдан
16.07.2025 - 10:47,Продажа,Блок питания Apple 20W (Copy),1,1083,1083,671,61.95752539242844,Сидоров Алексей,
16.07.2025 - 16:19,Заказ,Замена разъема зарядки (MicroUSB/Type-C),1,1223,1223,1122,91.74161896974653,Иванов Сергей,Выдан
17.07.2025 - 14:22,Заказ,Замена разъема зарядки (MicroUSB/Type-C),1,1245,1245,1144,91.88755020080322,Иванов Сергей,Выдан
17.07.2025 - 14:23,Продажа,16GB USB 2.0 Flash Drive SmartBuy,1,416,416,221,53.125,Петров Роман,
17.07.2025 - 18:11,Заказ,Чехол силиконовый прозрачный,1,317,317,255,80.4416403785489,Иванов Сергей,Выдан
17.07.2025 - 18:38,Заказ,Чистка системы охлаждения с заменой термопасты,1,1400,1400,1301,92.92857142857143,Иванов Сергей,Выдан
17.07.2025 - 18:41,Заказ,Прошивка Android/iOS,1,1073,1073,1073,100.0,Администратор,Выдан
18.07.2025 - 12:21,Заказ,Замена разъема зарядки (MicroUSB/Type-C),3,1125,3375,3072,91.02222222222223,Иванов Сергей,Выдан
18.07.2025 - 15:03,Продажа,Защитное стекло 3D для iPhone 11/XR,1,477,477,425,89.09853249475891,Сидоров Алексей,
18.07.2025 - 15:19,Продажа,Защитное стекло 3D для iPhone 11/XR,1,499,499,451,90.38076152304609,Сидоров Алексей,
18.07.2025 - 15:33,Заказ,16GB USB 2.0 Flash Drive SmartBuy,1,411,411,207,50.36496350364964,Иванов Сергей,Выдан
18.07.2025 - 17:25,Заказ,Чистка системы охлаждения с заменой термопасты,1,1597,1597,1498,93.80087664370696,Администратор,Выдан
19.07.2025 - 12:38,Заказ,Чистка системы охлаждения с заменой термопасты,1,1422,1422,1327,93.31926863572433,Петров Роман,Выдан
19.07.2025 - 13:08,Заказ,Диагностика,1,522,522,522,100.0,Петров Роман,Выдан
19.07.2025 - 13:19,Заказ,Аккумулятор Samsung Galaxy A51 (EB-BA515),1,1152,1152,618,53.645833333333336,Сидоров Алексей,Выдан
19.07.2025 - 14:59,Заказ,Диагностика,1,546,546,546,100.0,Петров Роман,Выдан
20.07.2025 - 12:07,Заказ,Установка Windows 10/11 + Драйвера,1,1187,1187,1187,100.0,Петров Роман,Выдан
20.07.2025 - 12:08,Заказ,Дисплей iPhone 11 (Копия AAA),1,2363,2363,965,40.837917900973345,Иванов Сергей,Выдан
20.07.2025 - 16:48,Заказ,Чистка системы охлаждения с заменой термопасты,1,1350,1350,1252,92.74074074074075,Петров Роман,Выдан
20.07.2025 - 17:10,Заказ,"15.6"" WXGA HD LED Глянцевый 40pin (NT156WH)",1,4171,4171,992,23.78326540397986,Администратор,Выдан
20.07.2025 - 18:25,Заказ,Дисплей iPhone 11 (Оригинал переклей),1,4974,4974,1124,22.59750703659027,Иванов Сергей,Выдан
21.07.2025 - 13:27,Продажа,Защитное стекло 3D для iPhone 11/XR,1,462,462,411,88.96103896103897,Иванов Сергей,
21.07.2025 - 16:12,Продажа,Кабель USB - Lightning (Foxconn),1,626,626,479,76.51757188498402,Иванов Сергей,
21.07.2025 - 19:18,Продажа,16GB USB 2.0 Flash Drive SmartBuy,1,490,490,298,60.816326530612244,Иванов Сергей,
22.07.2025 - 14:02,Заказ,Восстановление цепи питания,1,4839,4839,4328,89.43996693531722,Иванов Сергей,Выдан
22.07.2025 - 16:10,Заказ,Установка Windows 10/11 + Драйвера,1,1203,1203,1203,100.0,Сидоров Алексей,Выдан
22.07.2025 - 17:34,Заказ,Чистка системы охлаждения с заменой термопасты,1,1598,1598,1497,93.67959949937422,Сидоров Алексей,Выдан
23.07.2025 - 10:45,Заказ,Защитное стекло 3D для iPhone 11/XR,1,528,528,476,90.15151515151516,Сидоров Алексей,Выдан
23.07.2025 - 13:51,Заказ,Чистка системы охлаждения с заменой термопасты,1,1642,1642,1544,94.03166869671132,Администратор,Выдан
23.07.2025 - 17:43,Заказ,Аккумулятор Samsung Galaxy A51 (EB-BA515),1,1174,1174,614,52.29982964224872,Администратор,Выдан
23.07.2025 - 19:10,Заказ,Установка Windows 10/11 + Драйвера,1,1090,1090,1090,100.0,Иванов Сергей,Выдан
23.07.2025 - 19:52,Заказ,Установка Windows 10/11 + Драйвера,2,1173,2346,2346,100.0,Петров Роман,Выдан
24.07.2025 - 10:12,Заказ,Кабель USB - Lightning (Foxconn),1,589,589,432,73.3446519524618,Петров Роман,Выдан
24.07.2025 - 11:58,Заказ,Замена разъема зарядки (MicroUSB/Type-C),1,1136,1136,1035,91.10915492957746,Сидоров Алексей,Выдан
25.07.2025 - 13:08,Заказ,Блок питания Apple 20W (Copy),1,1133,1133,719,63.45984112974404,Администратор,Выдан
25.07.2025 - 17:38,Заказ,Прошивка Android/iOS,1,989,989,989,100.0,Администратор,Выдан
25.07.2025 - 19:47,Заказ,Чистка системы охлаждения с заменой термопасты,1,1515,1515,1419,93.66336633663367,Петров Роман,Выдан
26.07.2025 - 10:40,Заказ,Чистка системы охлаждения с заменой термопасты,1,1621,1621,1519,93.70758790869833,Петров Роман,Выдан
26.07.2025 - 11:11,Заказ,Замена разъема зарядки (MicroUSB/Type-C),1,1148,1148,1051,91.55052264808361,Администратор,Выдан
26.07.2025 - 12:29,Заказ,Дисплей iPhone 11 (Копия AAA),1,2283,2283,877,38.4143670608848,Иванов Сергей,Выдан
26.07.2025 - 13:36,Заказ,Наклейка защитного стекла (Услуга),1,201,201,201,100.0,Иванов Сергей,Выдан
26.07.2025 - 14:00,Заказ,Замена разъема зарядки (MicroUSB/Type-C),1,1169,1169,1066,91.1890504704876,Сидоров Алексей,Выдан
26.07.2025 - 15:02,Заказ,Диагностика,1,496,496,496,100.0,Сидоров Алексей,Выдан
26.07.2025 - 17:02,Заказ,Чистка системы охлаждения с заменой термопасты,1,1634,1634,1539,94.18604651162791,Петров Роман,Выдан
27.07.2025 - 15:14,Заказ,Установка Windows 10/11 + Драйвера,1,1152,1152,1152,100.0,Администратор,Выдан
27.07.2025 - 17:07,Заказ,Чистка системы охлаждения с заменой термопасты,2,1443,2886,2678,92.7927927927928,Петров Роман,Выдан
28.07.2025 - 11:20,Продажа,16GB USB 2.0 Flash Drive SmartBuy,1,421,421,212,50.3562945368171,Сидоров Алексей,
28.07.2025 - 13:52,Заказ,Чистка системы охлаждения с заменой термопасты,2,1494,2988,2794,93.50736278447121,Петров Роман,Выдан
28.07.2025 - 16:33,Заказ,Установка Windows 10/11 + Драйвера,1,1224,1224,1224,100.0,Сидоров Алексей,Выдан
28.07.2025 - 18:39,Заказ,Аккумулятор Samsung Galaxy A51 (EB-BA515),1,1141,1141,581,50.920245398773,Петров Роман,Выдан
29.07.2025 - 12:09,Заказ,16GB USB 2.0 Flash Drive SmartBuy,1,440,440,243,55.22727272727273,Сидоров Алексей,Выдан
30.07.2025 - 16:54,Заказ,Чехол силиконовый прозрачный,1,309,309,248,80.2588996763754,Иванов Сергей,Выдан
30.07.2025 - 18:57,Заказ,Замена разъема зарядки (MicroUSB/Type-C),1,1187,1187,1089,91.74389216512215,Петров Роман,Выдан
31.07.2025 - 10:55,Продажа,Чехол силиконовый прозрачный,1,272,272,211,77.57352941176471,Сидоров Алексей,
31.07.2025 - 16:26,Заказ,Замена разъема зарядки (MicroUSB/Type-C),1,1293,1293,1196,92.49806651198763,Администратор,Выдан
31.07.2025 - 19:16,Заказ,Прошивка Android/iOS,1,1059,1059,1059,100.0,Иванов Сергей,Выдан
01.08.2025 - 16:02,Заказ,Защитное стекло 3D для iPhone 11/XR,1,456,456,404,88.59649122807018,Иванов Сергей,Выдан
02.08.2025 - 13:36,Заказ,Наклейка защитного стекла (Услуга),1,196,196,196,100.0,Сидоров Алексей,Выдан
02.08.2025 - 14:31,Заказ,Установка Windows 10/11 + Драйвера,1,1134,1134,1134,100.0,Администратор,Выдан
02.08.2025 - 15:58,Заказ,Наклейка защитного стекла (Услуга),1,194,194,194,100.0,Администратор,Выдан
02.08.2025 - 16:16,Заказ,16GB USB 2.0 Flash Drive SmartBuy,1,423,423,231,54.60992907801418,Сидоров Алексей,Выдан
02.08.2025 - 17:00,Заказ,Прошивка Android/iOS,2,1047,2094,2094,100.0,Иванов Сергей,Выдан
02.08.2025 - 19:29,Заказ,Дисплей iPhone 11 (Копия AAA),1,2651,2651,1297,48.924933987174654,Петров Роман,Выдан
03.08.2025 - 10:32,Продажа,Кабель USB - Lightning (Foxconn),2,644,1288,1000,77.63975155279503,Иванов Сергей,
03.08.2025 - 13:23,Продажа,Кабель USB - Lightning (Foxconn),1,652,652,503,77.14723926380368,Иванов Сергей,
03.08.2025 - 14:24,Продажа,Кабель USB - Lightning (Foxconn),1,619,619,470,75.92891760904685,Иванов Сергей,
03.08.2025 - 19:50,Заказ,Диагностика,1,470,470,470,100.0,Сидоров Алексей,Выдан
04.08.2025 - 10:06,Заказ,Замена разъема зарядки (MicroUSB/Type-C),1,1085,1085,987,90.96774193548387,Администратор,Выдан
04.08.2025 - 10:59,Продажа,16GB USB 2.0 Flash Drive SmartBuy,1,410,410,209,50.97560975609756,Петров Роман,
04.08.2025 - 12:30,Продажа,Защитное стекло 3D для iPhone 11/XR,1,496,496,444,89.51612903225806,Сидоров Алексей,
04.08.2025 - 15:31,Заказ,Замена разъема зарядки (MicroUSB/Type-C),1,1153,1153,1050,91.06678230702515,Петров Роман,Выдан
04.08.2025 - 17:54,Заказ,Наклейка защитного стекла (Услуга),1,218,218,218,100.0,Сидоров Алексей,Выдан
04.08.2025 - 19:07,Продажа,Кабель USB - Lightning (Foxconn),1,579,579,427,73.74784110535406,Сидоров Алексей,
05.08.2025 - 11:10,Продажа,16GB USB 2.0 Flash Drive SmartBuy,1,412,412,220,53.398058252427184,Сидоров Алексей,
05.08.2025 - 11:31,Продажа,Чехол силиконовый прозрачный,1,297,297,235,79.12457912457911,Администратор,
05.08.2025 - 15:25,Заказ,Установка Windows 10/11 + Драйвера,1,1148,1148,1148,100.0,Администратор,Выдан
06.08.2025 - 12:18,Заказ,Диагностика,1,474,474,474,100.0,Петров Роман,Выдан
06.08.2025 - 12:41,Продажа,Чехол силиконовый прозрачный,2,277,554,432,77.9783393501805,Иванов Сергей,
06.08.2025 - 12:54,Заказ,Кабель USB - Lightning (Foxconn),1,579,579,436,75.30224525043178,Сидоров Алексей,Выдан
06.08.2025 - 14:29,Заказ,Чистка системы охлаждения с заменой термопасты,1,1500,1500,1398,93.2,Петров Роман,Выдан
06.08.2025 - 15:24,Заказ,Кабель USB - Lightning (Foxconn),1,574,574,420,73.17073170731707,Иванов Сергей,Выдан
07.08.2025 - 11:15,Заказ,Замена разъема зарядки (MicroUSB/Type-C),1,1283,1283,1188,92.59547934528449,Сидоров Алексей,Выдан
07.08.2025 - 11:48,Заказ,Аккумулятор Samsung Galaxy A51 (EB-BA515),1,1120,1120,595,53.125,Иванов Сергей,Выдан
09.08.2025 - 11:33,Продажа,Защитное стекло 3D для iPhone 11/XR,1,483,483,435,90.06211180124224,Иванов Сергей,
09.08.2025 - 15:30,Заказ,Чистка системы охлаждения с заменой термопасты,1,1620,1620,1520,93.82716049382715,Петров Роман,Выдан
09.08.2025 - 16:26,Продажа,Защитное стекло 3D для iPhone 11/XR,1,467,467,415,88.86509635974305,Петров Роман,
09.08.2025 - 17:21,Заказ,Диагностика,1,468,468,468,100.0,Сидоров Алексей,Выдан
09.08.2025 - 18:13,Заказ,16GB USB 2.0 Flash Drive SmartBuy,1,467,467,268,57.38758029978587,Иванов Сергей,Выдан
10.08.2025 - 16:18,Продажа,Чехол силиконовый прозрачный,1,320,320,259,80.9375,Петров Роман,
11.08.2025 - 11:35,Заказ,Наклейка защитного стекла (Услуга),1,205,205,205,100.0,Петров Роман,Выдан
11.08.2025 - 12:47,Заказ,16GB USB 2.0 Flash Drive SmartBuy,1,452,452,247,54.64601769911505,Петров Роман,Выдан
11.08.2025 - 16:19,Заказ,Установка Windows 10/11 + Драйвера,2,1301,2602,2602,100.0,Администратор,Выдан
11.08.2025 - 18:50,Продажа,16GB USB 2.0 Flash Drive SmartBuy,1,465,465,269,57.8494623655914,Петров Роман,
12.08.2025 - 10:28,Продажа,Защитное стекло 3D для iPhone 11/XR,1,506,506,458,90.51383399209486,Иванов Сергей,
13.08.2025 - 17:51,Заказ,Замена разъема зарядки (MicroUSB/Type-C),1,1257,1257,1155,91.8854415274463,Сидоров Алексей,Выдан
13.08.2025 - 19:31,Заказ,Замена разъема зарядки (MicroUSB/Type-C),1,1281,1281,1186,92.58391881342702,Сидоров Алексей,Выдан
14.08.2025 - 11:33,Заказ,Блок питания Apple 20W (Copy),1,1248,1248,837,67.0673076923077,Петров Роман,Выдан
14.08.2025 - 11:45,Заказ,Диагностика,1,499,499,499,100.0,Иванов Сергей,Выдан
14.08.2025 - 12:48,Заказ,Установка Windows 10/11 + Драйвера,1,1181,1181,1181,100.0,Иванов Сергей,Выдан
14.08.2025 - 13:36,Заказ,Наклейка защитного стекла (Услуга),1,181,181,181,100.0,Сидоров Алексей,Выдан
14.08.2025 - 16:01,Продажа,Кабель USB - Lightning (Foxconn),1,588,588,431,73.29931972789116,Петров Роман,
14.08.2025 - 17:48,Заказ,Чистка системы охлаждения с заменой термопасты,1,1461,1461,1363,93.29226557152636,Петров Роман,Выдан
14.08.2025 - 18:02,Заказ,Наклейка защитного стекла (Услуга),2,208,416,416,100.0,Сидоров Алексей,Выдан
15.08.2025 - 12:38,Продажа,Блок питания Apple 20W (Copy),1,1199,1199,796,66.38865721434529,Петров Роман,
15.08.2025 - 14:28,Заказ,Восстановление цепи питания,1,4558,4558,4074,89.38130759104871,Петров Роман,Выдан
16.08.2025 - 12:11,Продажа,16GB USB 2.0 Flash Drive SmartBuy,1,458,458,263,57.42358078602619,Сидоров Алексей,
17.08.2025 - 16:19,Заказ,Блок питания Apple 20W (Copy),1,1108,1108,700,63.1768953068592,Петров Роман,Выдан
17.08.2025 - 18:02,Продажа,Защитное стекло 3D для iPhone 11/XR,1,549,549,502,91.43897996357013,Администратор,
17.08.2025 - 19:17,Заказ,Диагностика,1,518,518,518,100.0,Иванов Сергей,Выдан
18.08.2025 - 11:27,Заказ,Чехол силиконовый прозрачный,1,282,282,220,78.01418439716312,Петров Роман,Выдан
18.08.2025 - 11:35,Заказ,Диагностика,1,512,512,512,100.0,Иванов Сергей,Выдан
18.08.2025 - 18:33,Продажа,Чехол силиконовый прозрачный,1,326,326,268,82.20858895705521,Петров Роман,
19.08.2025 - 11:09,Заказ,Диагностика,1,527,527,527,100.0,Петров Роман,Выдан
19.08.2025 - 12:50,Заказ,Защитное стекло 3D для iPhone 11/XR,1,480,480,428,89.16666666666667,Администратор,Выдан
20.08.2025 - 11:19,Заказ,Блок питания Apple 20W (Copy),1,1233,1233,844,68.45093268450933,Сидоров Алексей,Выдан
20.08.2025 - 12:36,Заказ,Чехол силиконовый прозрачный,2,289,578,460,79.58477508650519,Петров Роман,Выдан
20.08.2025 - 16:57,Заказ,Защитное стекло 3D для iPhone 11/XR,1,528,528,478,90.53030303030303,Петров Роман,Выдан
20.08.2025 - 17:01,Заказ,Чехол силиконовый прозрачный,1,288,288,230,79.86111111111111,Сидоров Алексей,Выдан
21.08.2025 - 18:56,Заказ,"15.6"" WXGA HD LED Глянцевый 40pin (NT156WH)",1,4903,4903,1648,33.612074240261066,Сидоров Алексей,Выдан
22.08.2025 - 17:39,Заказ,Установка Windows 10/11 + Драйвера,1,1225,1225,1225,100.0,Петров Роман,Выдан
23.08.2025 - 11:13,Заказ,Наклейка защитного стекла (Услуга),1,218,218,218,100.0,Администратор,Выдан
23.08.2025 - 12:23,Заказ,"15.6"" WXGA HD LED Глянцевый 40pin (NT156WH)",1,4326,4326,995,23.00046232085067,Петров Роман,Выдан
23.08.2025 - 13:10,Заказ,Чехол силиконовый прозрачный,2,292,584,468,80.13698630136986,Петров Роман,Выдан
23.08.2025 - 15:02,Заказ,Диагностика,2,461,922,922,100.0,Иванов Сергей,Выдан
24.08.2025 - 13:50,Продажа,Защитное стекло 3D для iPhone 11/XR,1,484,484,435,89.87603305785123,Иванов Сергей,
24.08.2025 - 17:09,Продажа,Защитное стекло 3D для iPhone 11/XR,1,527,527,475,90.13282732447819,Администратор,
24.08.2025 - 19:18,Продажа,Защитное стекло 3D для iPhone 11/XR,1,547,547,496,90.6764168190128,Сидоров Алексей,
25.08.2025 - 14:14,Продажа,Блок питания Apple 20W (Copy),1,1232,1232,831,67.4512987012987,Иванов Сергей,
25.08.2025 - 14:18,Заказ,Защитное стекло 3D для iPhone 11/XR,1,472,472,424,89.83050847457628,Петров Роман,Выдан
25.08.2025 - 17:04,Заказ,Диагностика,1,470,470,470,100.0,Администратор,Выдан
25.08.2025 - 19:29,Продажа,Чехол силиконовый прозрачный,3,272,816,645,79.04411764705883,Сидоров Алексей,
26.08.2025 - 15:43,Заказ,Наклейка защитного стекла (Услуга),2,193,386,386,100.0,Иванов Сергей,Выдан
26.08.2025 - 16:37,Заказ,Чехол силиконовый прозрачный,1,303,303,244,80.52805280528052,Администратор,Выдан
26.08.2025 - 18:21,Заказ,Блок питания Apple 20W (Copy),1,1084,1084,680,62.73062730627307,Администратор,Выдан
26.08.2025 - 18:48,Заказ,Чехол силиконовый прозрачный,1,287,287,229,79.79094076655052,Иванов Сергей,Выдан
27.08.2025 - 10:15,Заказ,Диагностика,1,492,492,492,100.0,Администратор,Выдан
27.08.2025 - 11:22,Продажа,Защитное стекло 3D для iPhone 11/XR,1,524,524,474,90.45801526717557,Петров Роман,
27.08.2025 - 12:09,Заказ,Чистка системы охлаждения с заменой термопасты,1,1368,1368,1265,92.47076023391813,Администратор,Выдан
27.08.2025 - 17:35,Заказ,Чехол силиконовый прозрачный,1,303,303,244,80.52805280528052,Иванов Сергей,Выдан
27.08.2025 - 17:37,Продажа,Защитное стекло 3D для iPhone 11/XR,1,497,497,446,89.738430583501,Иванов Сергей,
27.08.2025 - 18:31,Продажа,Кабель USB - Lightning (Foxconn),1,648,648,498,76.85185185185185,Петров Роман,
27.08.2025 - 19:37,Продажа,Кабель USB - Lightning (Foxconn),1,657,657,511,77.77777777777779,Администратор,
28.08.2025 - 11:33,Заказ,Дисплей iPhone 11 (Копия AAA),1,2712,2712,1264,46.607669616519175,Иванов Сергей,Выдан
28.08.2025 - 15:21,Продажа,Кабель USB - Lightning (Foxconn),1,620,620,474,76.45161290322581,Сидоров Алексей,
28.08.2025 - 17:44,Заказ,Установка Windows 10/11 + Драйвера,1,1233,1233,1233,100.0,Иванов Сергей,Выдан
28.08.2025 - 19:34,Заказ,Наклейка защитного стекла (Услуга),1,212,212,212,100.0,Администратор,Выдан
29.08.2025 - 10:38,Заказ,Чехол силиконовый прозрачный,1,270,270,209,77.4074074074074,Администратор,Выдан
29.08.2025 - 12:16,Заказ,16GB USB 2.0 Flash Drive SmartBuy,2,473,946,550,58.139534883720934,Петров Роман,Выдан
29.08.2025 - 16:58,Заказ,Дисплей iPhone 11 (Оригинал переклей),1,5664,5664,1977,34.90466101694915,Петров Роман,Выдан
29.08.2025 - 18:24,Заказ,Дисплей iPhone 11 (Копия AAA),1,2368,2368,989,41.7652027027027,Сидоров Алексей,Выдан
29.08.2025 - 18:47,Заказ,Чистка системы охлаждения с заменой термопасты,1,1519,1519,1423,93.68005266622778,Сидоров Алексей,Выдан
30.08.2025 - 14:39,Продажа,16GB USB 2.0 Flash Drive SmartBuy,1,489,489,282,57.668711656441715,Иванов Сергей,
30.08.2025 - 15:53,Продажа,16GB USB 2.0 Flash Drive SmartBuy,1,487,487,280,57.49486652977412,Иванов Сергей,
30.08.2025 - 17:28,Заказ,Аккумулятор Samsung Galaxy A51 (EB-BA515),1,1167,1167,591,50.6426735218509,Администратор,Выдан
30.08.2025 - 18:08,Заказ,Замена разъема зарядки (MicroUSB/Type-C),1,1146,1146,1046,91.2739965095986,Сидоров Алексей,Выдан
30.08.2025 - 18:15,Заказ,Защитное стекло 3D для iPhone 11/XR,1,478,478,430,89.9581589958159,Иванов Сергей,Выдан
30.08.2025 - 19:39,Заказ,Прошивка Android/iOS,1,1075,1075,1075,100.0,Петров Роман,Выдан
31.08.2025 - 13:39,Продажа,16GB USB 2.0 Flash Drive SmartBuy,1,410,410,207,50.48780487804878,Петров Роман,
31.08.2025 - 15:56,Заказ,16GB USB 2.0 Flash Drive SmartBuy,1,433,433,237,54.734411085450354,Администратор,Выдан
01.09.2025 - 10:57,Заказ,Наклейка защитного стекла (Услуга),1,197,197,197,100.0,Сидоров Алексей,Выдан
01.09.2025 - 17:18,Продажа,Кабель USB - Lightning (Foxconn),1,602,602,447,74.25249169435216,Иванов Сергей,
02.09.2025 - 17:21,Заказ,Чистка системы охлаждения с заменой термопасты,1,1546,1546,1451,93.85510996119017,Администратор,Выдан
03.09.2025 - 10:49,Заказ,Дисплей iPhone 11 (Оригинал переклей),2,5949,11898,4540,38.15767355858127,Администратор,Выдан
03.09.2025 - 11:01,Заказ,Чистка системы охлаждения с заменой термопасты,1,1423,1423,1321,92.83204497540407,Администратор,Выдан
03.09.2025 - 11:49,Заказ,Защитное стекло 3D для iPhone 11/XR,1,453,453,402,88.74172185430463,Иванов Сергей,Выдан
03.09.2025 - 13:12,Продажа,Кабель USB - Lightning (Foxconn),1,650,650,504,77.53846153846153,Администратор,
03.09.2025 - 14:52,Заказ,"15.6"" WXGA HD LED Глянцевый 40pin (NT156WH)",1,4525,4525,1482,32.751381215469614,Сидоров Алексей,Выдан
03.09.2025 - 15:42,Заказ,Дисплей iPhone 11 (Оригинал переклей),1,5556,5556,1740,31.317494600431967,Иванов Сергей,Выдан
04.09.2025 - 19:03,Заказ,Аккумулятор Samsung Galaxy A51 (EB-BA515),1,1289,1289,714,55.391776570985265,Иванов Сергей,Выдан
04.09.2025 - 19:45,Продажа,Защитное стекло 3D для iPhone 11/XR,1,473,473,425,89.85200845665962,Сидоров Алексей,
05.09.2025 - 15:15,Заказ,Диагностика,1,512,512,512,100.0,Петров Роман,Выдан
05.09.2025 - 17:58,Заказ,Восстановление цепи питания,1,4509,4509,4000,88.71146595697495,Администратор,Выдан
06.09.2025 - 16:15,Заказ,Чистка системы охлаждения с заменой термопасты,1,1523,1523,1420,93.23703217334209,Сидоров Алексей,Выдан
06.09.2025 - 16:49,Продажа,Чехол силиконовый прозрачный,1,321,321,264,82.2429906542056,Сидоров Алексей,
06.09.2025 - 18:57,Заказ,Восстановление цепи питания,1,4170,4170,3690,88.48920863309353,Иванов Сергей,Выдан
06.09.2025 - 19:29,Заказ,Восстановление цепи питания,1,4688,4688,4186,89.29180887372013,Сидоров Алексей,Выдан
07.09.2025 - 10:50,Заказ,Замена разъема зарядки (MicroUSB/Type-C),2,1151,2302,2106,91.48566463944397,Иванов Сергей,Выдан
07.09.2025 - 13:23,Заказ,"15.6"" WXGA HD LED Глянцевый 40pin (NT156WH)",1,4916,4916,1719,34.96745321399512,Администратор,Выдан
07.09.2025 - 19:14,Заказ,Кабель USB - Lightning (Foxconn),1,548,548,403,73.54014598540147,Сидоров Алексей,Выдан
08.09.2025 - 13:05,Продажа,Защитное стекло 3D для iPhone 11/XR,1,505,505,453,89.70297029702971,Сидоров Алексей,
08.09.2025 - 14:20,Заказ,Чехол силиконовый прозрачный,1,277,277,215,77.6173285198556,Администратор,Выдан
09.09.2025 - 14:28,Заказ,Чехол силиконовый прозрачный,1,329,329,267,81.15501519756839,Сидоров Алексей,Выдан
09.09.2025 - 14:54,Продажа,16GB USB 2.0 Flash Drive SmartBuy,1,436,436,234,53.669724770642205,Иванов Сергей,
09.09.2025 - 15:00,Заказ,Установка Windows 10/11 + Драйвера,1,1238,1238,1238,100.0,Сидоров Алексей,Выдан
10.09.2025 - 10:10,Продажа,Чехол силиконовый прозрачный,1,285,285,228,80.0,Иванов Сергей,
10.09.2025 - 16:03,Продажа,Защитное стекло 3D для iPhone 11/XR,1,463,463,412,88.98488120950324,Администратор,
10.09.2025 - 16:49,Продажа,16GB USB 2.0 Flash Drive SmartBuy,1,479,479,275,57.41127348643006,Администратор,
11.09.2025 - 10:41,Заказ,SSD накопитель Kingston 240GB,1,2111,2111,567,26.859308384651825,Петров Роман,Выдан
11.09.2025 - 13:56,Заказ,Дисплей iPhone 11 (Копия AAA),1,2464,2464,996,40.42207792207792,Петров Роман,Выдан
12.09.2025 - 17:12,Заказ,Аккумулятор Samsung Galaxy A51 (EB-BA515),1,1145,1145,574,50.13100436681223,Иванов Сергей,Выдан
12.09.2025 - 18:01,Заказ,Дисплей iPhone 11 (Копия AAA),1,2581,2581,1239,48.004649360712904,Иванов Сергей,Выдан
12.09.2025 - 19:39,Продажа,Защитное стекло 3D для iPhone 11/XR,1,517,517,466,90.13539651837525,Администратор,
13.09.2025 - 12:01,Заказ,Замена разъема зарядки (MicroUSB/Type-C),1,1317,1317,1213,92.10326499620349,Петров Роман,Выдан
13.09.2025 - 13:25,Заказ,Дисплей iPhone 11 (Копия AAA),1,2738,2738,1273,46.493791088385684,Петров Роман,Выдан
13.09.2025 - 19:32,Заказ,Аккумулятор Samsung Galaxy A51 (EB-BA515),1,1117,1117,543,48.6123545210385,Иванов Сергей,Выдан
14.09.2025 - 11:09,Заказ,Прошивка Android/iOS,1,965,965,965,100.0,Администратор,Выдан
14.09.2025 - 12:06,Заказ,Блок питания Apple 20W (Copy),1,1143,1143,753,65.87926509186352,Петров Роман,Выдан
14.09.2025 - 12:30,Заказ,Наклейка защитного стекла (Услуга),2,196,392,392,100.0,Иванов Сергей,Выдан
15.09.2025 - 11:10,Заказ,Кабель USB - Lightning (Foxconn),1,645,645,490,75.96899224806202,Администратор,Выдан
15.09.2025 - 14:35,Продажа,Защитное стекло 3D для iPhone 11/XR,1,454,454,403,88.76651982378854,Иванов Сергей,
15.09.2025 - 15:04,Заказ,Установка Windows 10/11 + Драйвера,1,1140,1140,1140,100.0,Сидоров Алексей,Выдан
15.09.2025 - 15:20,Заказ,Наклейка защитного стекла (Услуга),1,185,185,185,100.0,Сидоров Алексей,Выдан
15.09.2025 - 19:52,Заказ,Наклейка защитного стекла (Услуга),1,207,207,207,100.0,Иванов Сергей,Выдан
16.09.2025 - 12:31,Заказ,Диагностика,1,499,499,499,100.0,Администратор,Выдан
17.09.2025 - 12:22,Заказ,Кабель USB - Lightning (Foxconn),1,544,544,399,73.34558823529412,Иванов Сергей,Выдан
17.09.2025 - 15:58,Заказ,Наклейка защитного стекла (Услуга),1,217,217,217,100.0,Иванов Сергей,Выдан
17.09.2025 - 18:34,Продажа,Защитное стекло 3D для iPhone 11/XR,1,471,471,421,89.38428874734608,Петров Роман,
18.09.2025 - 10:03,Заказ,Кабель USB - Lightning (Foxconn),1,545,545,395,72.47706422018348,Сидоров Алексей,Выдан
18.09.2025 - 14:46,Заказ,Установка Windows 10/11 + Драйвера,1,1134,1134,1134,100.0,Администратор,Выдан
18.09.2025 - 15:36,Заказ,Прошивка Android/iOS,1,919,919,919,100.0,Петров Роман,Выдан
19.09.2025 - 18:02,Заказ,Восстановление цепи питания,1,4288,4288,3776,88.05970149253731,Иванов Сергей,Выдан
19.09.2025 - 19:12,Заказ,Наклейка защитного стекла (Услуга),1,214,214,214,100.0,Петров Роман,Выдан
20.09.2025 - 11:53,Продажа,Кабель USB - Lightning (Foxconn),1,540,540,396,73.33333333333333,Сидоров Алексей,
20.09.2025 - 12:26,Продажа,16GB USB 2.0 Flash Drive SmartBuy,1,428,428,234,54.67289719626168,Администратор,
20.09.2025 - 16:01,Заказ,Замена разъема зарядки (MicroUSB/Type-C),1,1277,1277,1174,91.93422083007047,Сидоров Алексей,Выдан
20.09.2025 - 18:48,Заказ,Наклейка защитного стекла (Услуга),1,190,190,190,100.0,Иванов Сергей,Выдан
20.09.2025 - 19:03,Заказ,SSD накопитель Kingston 240GB,1,2418,2418,914,37.799834574028125,Петров Роман,Выдан
21.09.2025 - 10:51,Заказ,"15.6"" WXGA HD LED Глянцевый 40pin (NT156WH)",2,4221,8442,1850,21.91423833214878,Иванов Сергей,Выдан
21.09.2025 - 18:22,Заказ,Чехол силиконовый прозрачный,1,319,319,258,80.87774294670847,Сидоров Алексей,Выдан
21.09.2025 - 19:48,Заказ,Замена разъема зарядки (MicroUSB/Type-C),1,1281,1281,1185,92.50585480093677,Сидоров Алексей,Выдан
22.09.2025 - 17:36,Заказ,Аккумулятор Samsung Galaxy A51 (EB-BA515),1,1183,1183,633,53.50803043110736,Сидоров Алексей,Выдан
24.09.2025 - 13:33,Заказ,Защитное стекло 3D для iPhone 11/XR,1,536,536,489,91.23134328358209,Петров Роман,Выдан
24.09.2025 - 15:49,Заказ,"15.6"" WXGA HD LED Глянцевый 40pin (NT156WH)",1,4541,4541,1296,28.53996916978639,Иванов Сергей,Выдан
24.09.2025 - 15:49,Заказ,Дисплей iPhone 11 (Копия AAA),1,2395,2395,948,39.58246346555324,Администратор,Выдан
24.09.2025 - 16:42,Заказ,Наклейка защитного стекла (Услуга),1,210,210,210,100.0,Иванов Сергей,Выдан
25.09.2025 - 10:02,Заказ,Дисплей iPhone 11 (Оригинал переклей),1,4977,4977,1127,22.644163150492265,Петров Роман,Выдан
25.09.2025 - 15:52,Продажа,Кабель USB - Lightning (Foxconn),2,564,1128,826,73.22695035460993,Иванов Сергей,
25.09.2025 - 18:07,Заказ,Замена разъема зарядки (MicroUSB/Type-C),1,1208,1208,1105,91.47350993377484,Иванов Сергей,Выдан
25.09.2025 - 18:39,Заказ,Диагностика,1,532,532,532,100.0,Администратор,Выдан
26.09.2025 - 10:20,Заказ,Чехол силиконовый прозрачный,1,278,278,219,78.77697841726618,Сидоров Алексей,Выдан
26.09.2025 - 10:24,Заказ,Аккумулятор Samsung Galaxy A51 (EB-BA515),1,1212,1212,651,53.71287128712871,Петров Роман,Выдан
26.09.2025 - 16:20,Продажа,Чехол силиконовый прозрачный,1,326,326,265,81.28834355828221,Сидоров Алексей,
26.09.2025 - 16:27,Заказ,Дисплей iPhone 11 (Копия AAA),3,2732,8196,3801,46.37628111273792,Иванов Сергей,Выдан
26.09.2025 - 18:36,Заказ,Чехол силиконовый прозрачный,1,278,278,221,79.49640287769785,Петров Роман,Выдан
27.09.2025 - 10:54,Заказ,16GB USB 2.0 Flash Drive SmartBuy,1,459,459,253,55.119825708061,Администратор,Выдан
27.09.2025 - 12:24,Продажа,Чехол силиконовый прозрачный,1,277,277,220,79.42238267148014,Сидоров Алексей,
27.09.2025 - 14:50,Заказ,Дисплей iPhone 11 (Копия AAA),3,2696,8088,3705,45.80860534124629,Сидоров Алексей,Выдан
27.09.2025 - 16:31,Заказ,Наклейка защитного стекла (Услуга),1,219,219,219,100.0,Администратор,Выдан
27.09.2025 - 16:52,Заказ,Замена разъема зарядки (MicroUSB/Type-C),1,1183,1183,1079,91.20879120879121,Петров Роман,Выдан
28.09.2025 - 10:06,Заказ,Диагностика,1,505,505,505,100.0,Петров Роман,Выдан
28.09.2025 - 10:55,Заказ,Защитное стекло 3D для iPhone 11/XR,1,522,522,472,90.42145593869732,Иванов Сергей,Выдан
28.09.2025 - 13:22,Заказ,Наклейка защитного стекла (Услуга),1,198,198,198,100.0,Сидоров Алексей,Выдан
28.09.2025 - 14:17,Заказ,Замена разъема зарядки (MicroUSB/Type-C),1,1252,1252,1150,91.85303514376997,Иванов Сергей,Выдан
29.09.2025 - 10:03,Заказ,Наклейка защитного стекла (Услуга),1,192,192,192,100.0,Петров Роман,Выдан
29.09.2025 - 11:10,Продажа,Кабель USB - Lightning (Foxconn),1,566,566,410,72.43816254416961,Иванов Сергей,
30.09.2025 - 10:20,Заказ,Диагностика,1,510,510,510,100.0,Администратор,Выдан
30.09.2025 - 10:37,Заказ,Блок питания Apple 20W (Copy),1,1228,1228,844,68.72964169381108,Сидоров Алексей,Выдан
30.09.2025 - 12:38,Заказ,Чистка системы охлаждения с заменой термопасты,1,1419,1419,1316,92.74136715997182,Администратор,Выдан
30.09.2025 - 14:35,Продажа,Защитное стекло 3D для iPhone 11/XR,1,479,479,428,89.35281837160751,Администратор,
30.09.2025 - 15:55,Продажа,16GB USB 2.0 Flash Drive SmartBuy,1,488,488,291,59.63114754098361,Петров Роман,
30.09.2025 - 17:28,Продажа,16GB USB 2.0 Flash Drive SmartBuy,1,472,472,281,59.53389830508474,Иванов Сергей,
30.09.2025 - 17:56,Продажа,Блок питания Apple 20W (Copy),1,1137,1137,722,63.5004397537379,Администратор,
01.10.2025 - 12:21,Заказ,Защитное стекло 3D для iPhone 11/XR,1,502,502,450,89.64143426294821,Сидоров Алексей,Выдан
01.10.2025 - 15:03,Заказ,Замена разъема зарядки (MicroUSB/Type-C),1,1312,1312,1212,92.3780487804878,Петров Роман,Выдан
01.10.2025 - 19:40,Заказ,Блок питания Apple 20W (Copy),1,1147,1147,739,64.42894507410637,Сидоров Алексей,Выдан
02.10.2025 - 13:51,Заказ,Восстановление цепи питания,1,4772,4772,4249,89.04023470243084,Сидоров Алексей,Выдан
02.10.2025 - 14:00,Заказ,Восстановление цепи питания,1,4449,4449,3973,89.30096650932794,Администратор,Выдан
02.10.2025 - 16:42,Заказ,Блок питания Apple 20W (Copy),1,1083,1083,672,62.04986149584487,Петров Роман,Выдан
02.10.2025 - 17:06,Продажа,SSD накопитель Kingston 240GB,1,2200,2200,681,30.954545454545457,Петров Роман,
02.10.2025 - 17:32,Заказ,Диагностика,1,483,483,483,100.0,Иванов Сергей,Выдан
02.10.2025 - 19:06,Заказ,Аккумулятор Samsung Galaxy A51 (EB-BA515),3,1165,3495,1878,53.73390557939914,Иванов Сергей,Выдан
03.10.2025 - 10:13,Заказ,Блок питания Apple 20W (Copy),1,1140,1140,737,64.64912280701755,Сидоров Алексей,Выдан
03.10.2025 - 13:02,Заказ,Защитное стекло 3D для iPhone 11/XR,1,510,510,462,90.58823529411765,Иванов Сергей,Выдан
06.10.2025 - 16:25,Заказ,16GB USB 2.0 Flash Drive SmartBuy,1,406,406,200,49.26108374384236,Петров Роман,Выдан
06.10.2025 - 18:02,Продажа,Чехол силиконовый прозрачный,1,303,303,244,80.52805280528052,Иванов Сергей,
07.10.2025 - 12:16,Заказ,16GB USB 2.0 Flash Drive SmartBuy,2,458,916,522,56.98689956331878,Сидоров Алексей,Выдан
07.10.2025 - 14:35,Заказ,Чистка системы охлаждения с заменой термопасты,1,1372,1372,1273,92.78425655976676,Иванов Сергей,Выдан
07.10.2025 - 15:09,Заказ,Восстановление цепи питания,1,4554,4554,4059,89.13043478260869,Петров Роман,Выдан
08.10.2025 - 10:18,Заказ,Замена разъема зарядки (MicroUSB/Type-C),1,1274,1274,1175,92.22919937205651,Администратор,Выдан
08.10.2025 - 10:35,Заказ,Диагностика,1,513,513,513,100.0,Петров Роман,Выдан
09.10.2025 - 10:38,Заказ,Восстановление цепи питания,1,4278,4278,3763,87.96166432912575,Иванов Сергей,Выдан
09.10.2025 - 15:12,Заказ,Восстановление цепи питания,1,4259,4259,3779,88.72974876731628,Петров Роман,Выдан
09.10.2025 - 19:09,Продажа,16GB USB 2.0 Flash Drive SmartBuy,2,471,942,538,57.11252653927813,Иванов Сергей,
10.10.2025 - 10:42,Продажа,Кабель USB - Lightning (Foxconn),1,634,634,487,76.81388012618297,Петров Роман,
10.10.2025 - 10:46,Заказ,16GB USB 2.0 Flash Drive SmartBuy,1,456,456,254,55.70175438596491,Петров Роман,Выдан
10.10.2025 - 14:01,Продажа,16GB USB 2.0 Flash Drive SmartBuy,2,433,866,466,53.81062355658198,Петров Роман,
10.10.2025 - 16:40,Заказ,Чехол силиконовый прозрачный,1,312,312,255,81.73076923076923,Сидоров Алексей,Выдан
11.10.2025 - 10:02,Заказ,Дисплей iPhone 11 (Копия AAA),1,2509,2509,1124,44.79872459147071,Иванов Сергей,Выдан
11.10.2025 - 12:04,Заказ,Аккумулятор Samsung Galaxy A51 (EB-BA515),1,1170,1170,614,52.478632478632484,Сидоров Алексей,Выдан
11.10.2025 - 13:01,Заказ,Чехол силиконовый прозрачный,1,307,307,249,81.10749185667753,Администратор,Выдан
11.10.2025 - 13:12,Продажа,Жесткий диск Seagate BarraCuda 1TB,1,3838,3838,885,23.058884835852005,Иванов Сергей,
11.10.2025 - 14:34,Заказ,Блок питания Apple 20W (Copy),1,1251,1251,833,66.58673061550759,Иванов Сергей,Выдан
11.10.2025 - 16:48,Заказ,16GB USB 2.0 Flash Drive SmartBuy,1,491,491,288,58.65580448065173,Иванов Сергей,Выдан
11.10.2025 - 17:25,Продажа,Кабель USB - Lightning (Foxconn),1,557,557,407,73.07001795332137,Сидоров Алексей,
11.10.2025 - 19:57,Заказ,Дисплей iPhone 11 (Копия AAA),2,2339,4678,1774,37.92218896964515,Администратор,Выдан
12.10.2025 - 18:14,Заказ,Наклейка защитного стекла (Услуга),1,205,205,205,100.0,Иванов Сергей,Выдан
12.10.2025 - 18:16,Заказ,Защитное стекло 3D для iPhone 11/XR,1,468,468,419,89.52991452991454,Сидоров Алексей,Выдан
13.10.2025 - 11:28,Заказ,Диагностика,1,489,489,489,100.0,Петров Роман,Выдан
13.10.2025 - 14:30,Заказ,Чистка системы охлаждения с заменой термопасты,1,1420,1420,1317,92.74647887323944,Петров Роман,Выдан
13.10.2025 - 14:47,Заказ,Защитное стекло 3D для iPhone 11/XR,1,482,482,430,89.21161825726142,Петров Роман,Выдан
13.10.2025 - 15:12,Заказ,Установка Windows 10/11 + Драйвера,1,1168,1168,1168,100.0,Петров Роман,Выдан
14.10.2025 - 11:50,Продажа,Чехол силиконовый прозрачный,1,325,325,268,82.46153846153847,Администратор,
14.10.2025 - 11:54,Продажа,Защитное стекло 3D для iPhone 11/XR,1,537,537,487,90.68901303538175,Иванов Сергей,
14.10.2025 - 17:13,Заказ,Чистка системы охлаждения с заменой термопасты,1,1561,1561,1463,93.72197309417041,Петров Роман,Выдан
15.10.2025 - 15:14,Заказ,Прошивка Android/iOS,1,1034,1034,1034,100.0,Петров Роман,Выдан
16.10.2025 - 13:43,Заказ,Наклейка защитного стекла (Услуга),1,209,209,209,100.0,Иванов Сергей,Выдан
16.10.2025 - 19:35,Заказ,Защитное стекло 3D для iPhone 11/XR,3,465,1395,1251,89.6774193548387,Иванов Сергей,Выдан
17.10.2025 - 15:39,Продажа,16GB USB 2.0 Flash Drive SmartBuy,2,410,820,436,53.170731707317074,Иванов Сергей,
17.10.2025 - 18:30,Заказ,Установка Windows 10/11 + Драйвера,1,1309,1309,1309,100.0,Петров Роман,Выдан
18.10.2025 - 13:17,Заказ,Наклейка защитного стекла (Услуга),1,219,219,219,100.0,Администратор,Выдан
18.10.2025 - 17:03,Заказ,Кабель USB - Lightning (Foxconn),1,647,647,500,77.27975270479135,Иванов Сергей,Выдан
19.10.2025 - 11:20,Заказ,Аккумулятор Samsung Galaxy A51 (EB-BA515),1,1145,1145,623,54.41048034934498,Петров Роман,Выдан
19.10.2025 - 17:04,Заказ,Установка Windows 10/11 + Драйвера,1,1279,1279,1279,100.0,Сидоров Алексей,Выдан
20.10.2025 - 11:15,Заказ,Дисплей iPhone 11 (Оригинал переклей),1,5810,5810,2045,35.197934595524956,Петров Роман,Выдан
20.10.2025 - 15:12,Заказ,Чистка системы охлаждения с заменой термопасты,2,1576,3152,2958,93.84517766497463,Сидоров Алексей,Выдан
20.10.2025 - 16:22,Заказ,Дисплей iPhone 11 (Копия AAA),1,2679,2679,1296,48.37625979843225,Администратор,Выдан
20.10.2025 - 16:26,Заказ,Диагностика,1,484,484,484,100.0,Администратор,Выдан
21.10.2025 - 19:34,Заказ,Наклейка защитного стекла (Услуга),1,207,207,207,100.0,Иванов Сергей,Выдан
23.10.2025 - 11:08,Заказ,SSD накопитель Kingston 240GB,1,1998,1998,546,27.32732732732733,Администратор,Выдан
23.10.2025 - 12:06,Заказ,Замена разъема зарядки (MicroUSB/Type-C),1,1309,1309,1209,92.36058059587471,Иванов Сергей,Выдан
23.10.2025 - 14:02,Заказ,Установка Windows 10/11 + Драйвера,1,1197,1197,1197,100.0,Иванов Сергей,Выдан
23.10.2025 - 15:24,Заказ,Диагностика,2,520,1040,1040,100.0,Администратор,Выдан
23.10.2025 - 17:39,Заказ,Кабель USB - Lightning (Foxconn),1,571,571,426,74.6059544658494,Петров Роман,Выдан
23.10.2025 - 19:10,Заказ,Жесткий диск Seagate BarraCuda 1TB,1,3780,3780,849,22.460317460317462,Петров Роман,Выдан
24.10.2025 - 13:26,Заказ,Диагностика,1,486,486,486,100.0,Иванов Сергей,Выдан
24.10.2025 - 16:28,Продажа,Чехол силиконовый прозрачный,1,305,305,246,80.65573770491802,Администратор,
25.10.2025 - 17:28,Заказ,Чистка системы охлаждения с заменой термопасты,1,1544,1544,1448,93.78238341968913,Сидоров Алексей,Выдан
26.10.2025 - 13:26,Продажа,Кабель USB - Lightning (Foxconn),1,542,542,395,72.87822878228782,Петров Роман,
26.10.2025 - 14:36,Заказ,Диагностика,1,475,475,475,100.0,Иванов Сергей,Выдан
26.10.2025 - 16:26,Заказ,Блок питания Apple 20W (Copy),1,1315,1315,917,69.73384030418252,Администратор,Выдан
26.10.2025 - 17:41,Заказ,Защитное стекло 3D для iPhone 11/XR,1,501,501,450,89.82035928143712,Сидоров Алексей,Выдан
26.10.2025 - 19:46,Заказ,Замена разъема зарядки (MicroUSB/Type-C),1,1316,1316,1221,92.78115501519757,Администратор,Выдан
28.10.2025 - 11:44,Заказ,Чехол силиконовый прозрачный,1,320,320,260,81.25,Петров Роман,Выдан
29.10.2025 - 13:16,Заказ,Чехол силиконовый прозрачный,1,281,281,224,79.7153024911032,Администратор,Выдан
29.10.2025 - 14:14,Продажа,Чехол силиконовый прозрачный,2,292,584,462,79.1095890410959,Петров Роман,
29.10.2025 - 15:48,Продажа,Чехол силиконовый прозрачный,1,295,295,233,78.98305084745762,Администратор,
30.10.2025 - 11:16,Заказ,Прошивка Android/iOS,1,1018,1018,1018,100.0,Сидоров Алексей,Выдан
30.10.2025 - 18:48,Заказ,Диагностика,1,513,513,513,100.0,Иванов Сергей,Выдан
30.10.2025 - 19:17,Продажа,Защитное стекло 3D для iPhone 11/XR,2,502,1004,904,90.0398406374502,Сидоров Алексей,
31.10.2025 - 14:20,Заказ,Аккумулятор Samsung Galaxy A51 (EB-BA515),1,1284,1284,722,56.230529595015575,Иванов Сергей,Выдан
01.11.2025 - 11:35,Заказ,Аккумулятор Samsung Galaxy A51 (EB-BA515),1,1087,1087,515,47.378104875804965,Петров Роман,Выдан
01.11.2025 - 11:42,Заказ,Чистка системы охлаждения с заменой термопасты,1,1490,1490,1395,93.6241610738255,Иванов Сергей,Выдан
01.11.2025 - 11:50,Заказ,Прошивка Android/iOS,1,917,917,917,100.0,Иванов Сергей,Выдан
01.11.2025 - 15:28,Продажа,Кабель USB - Lightning (Foxconn),1,567,567,419,73.89770723104057,Петров Роман,
01.11.2025 - 17:50,Заказ,Чистка системы охлаждения с заменой термопасты,1,1454,1454,1354,93.12242090784044,Иванов Сергей,Выдан
02.11.2025 - 14:22,Заказ,Наклейка защитного стекла (Услуга),1,207,207,207,100.0,Сидоров Алексей,Выдан
02.11.2025 - 18:05,Заказ,Дисплей iPhone 11 (Копия AAA),1,2621,2621,1257,47.95879435330026,Иванов Сергей,Выдан
02.11.2025 - 19:05,Продажа,Кабель USB - Lightning (Foxconn),3,639,1917,1461,76.21283255086072,Иванов Сергей,
03.11.2025 - 11:49,Продажа,Чехол силиконовый прозрачный,1,304,304,244,80.26315789473685,Администратор,
03.11.2025 - 12:01,Заказ,Наклейка защитного стекла (Услуга),1,186,186,186,100.0,Сидоров Алексей,Выдан
03.11.2025 - 16:36,Заказ,Прошивка Android/iOS,2,937,1874,1874,100.0,Администратор,Выдан
04.11.2025 - 10:23,Продажа,Чехол силиконовый прозрачный,1,281,281,220,78.29181494661923,Администратор,
04.11.2025 - 17:56,Заказ,Прошивка Android/iOS,1,911,911,911,100.0,Петров Роман,Выдан
04.11.2025 - 19:29,Заказ,Аккумулятор Samsung Galaxy A51 (EB-BA515),2,1225,2450,1404,57.30612244897959,Администратор,Выдан
05.11.2025 - 11:17,Заказ,Диагностика,1,455,455,455,100.0,Иванов Сергей,Выдан
05.11.2025 - 14:44,Заказ,Наклейка защитного стекла (Услуга),1,212,212,212,100.0,Администратор,Выдан
05.11.2025 - 15:14,Заказ,Замена разъема зарядки (MicroUSB/Type-C),1,1087,1087,991,91.16835326586936,Иванов Сергей,Выдан
05.11.2025 - 16:24,Заказ,Дисплей iPhone 11 (Копия AAA),1,2512,2512,1178,46.894904458598724,Петров Роман,Выдан
06.11.2025 - 13:21,Продажа,16GB USB 2.0 Flash Drive SmartBuy,1,447,447,250,55.92841163310962,Иванов Сергей,
06.11.2025 - 14:46,Заказ,Защитное стекло 3D для iPhone 11/XR,1,527,527,475,90.13282732447819,Иванов Сергей,Выдан
06.11.2025 - 16:38,Заказ,Аккумулятор Samsung Galaxy A51 (EB-BA515),1,1253,1253,679,54.18994413407822,Сидоров Алексей,Выдан
06.11.2025 - 18:23,Заказ,Диагностика,1,517,517,517,100.0,Иванов Сергей,Выдан
07.11.2025 - 10:21,Заказ,Чистка системы охлаждения с заменой термопасты,2,1579,3158,2966,93.92020265991134,Администратор,Выдан
07.11.2025 - 13:28,Продажа,Блок питания Apple 20W (Copy),1,1110,1110,711,64.05405405405405,Администратор,
07.11.2025 - 13:43,Заказ,Чехол силиконовый прозрачный,1,304,304,243,79.93421052631578,Петров Роман,Выдан
07.11.2025 - 14:56,Продажа,16GB USB 2.0 Flash Drive SmartBuy,1,460,460,251,54.565217391304344,Иванов Сергей,
07.11.2025 - 18:36,Заказ,Установка Windows 10/11 + Драйвера,1,1215,1215,1215,100.0,Администратор,Выдан
08.11.2025 - 12:33,Заказ,Наклейка защитного стекла (Услуга),1,213,213,213,100.0,Иванов Сергей,Выдан
08.11.2025 - 15:55,Заказ,Прошивка Android/iOS,1,1097,1097,1097,100.0,Петров Роман,Выдан
09.11.2025 - 11:26,Продажа,Защитное стекло 3D для iPhone 11/XR,1,458,458,410,89.51965065502183,Петров Роман,
09.11.2025 - 18:57,Заказ,Установка Windows 10/11 + Драйвера,1,1212,1212,1212,100.0,Петров Роман,Выдан
10.11.2025 - 12:28,Заказ,Диагностика,1,480,480,480,100.0,Петров Роман,Выдан
10.11.2025 - 15:01,Заказ,Кабель USB - Lightning (Foxconn),1,630,630,482,76.5079365079365,Сидоров Алексей,Выдан
10.11.2025 - 16:18,Заказ,Чехол силиконовый прозрачный,1,328,328,266,81.09756097560977,Сидоров Алексей,Выдан
10.11.2025 - 18:42,Заказ,Диагностика,1,470,470,470,100.0,Иванов Сергей,Выдан
10.11.2025 - 19:53,Заказ,Чистка системы охлаждения с заменой термопасты,2,1440,2880,2672,92.77777777777779,Петров Роман,Выдан
11.11.2025 - 12:54,Заказ,Аккумулятор Samsung Galaxy A51 (EB-BA515),1,1176,1176,602,51.19047619047619,Иванов Сергей,Выдан
12.11.2025 - 11:15,Продажа,Защитное стекло 3D для iPhone 11/XR,1,486,486,436,89.7119341563786,Иванов Сергей,
12.11.2025 - 11:18,Продажа,Защитное стекло 3D для iPhone 11/XR,1,533,533,483,90.61913696060037,Администратор,
12.11.2025 - 18:19,Заказ,Дисплей iPhone 11 (Копия AAA),1,2437,2437,1041,42.71645465736562,Администратор,Выдан
12.11.2025 - 19:27,Заказ,Диагностика,2,450,900,900,100.0,Сидоров Алексей,Выдан
13.11.2025 - 15:20,Заказ,Замена разъема зарядки (MicroUSB/Type-C),1,1279,1279,1182,92.41594996090696,Петров Роман,Выдан
13.11.2025 - 15:46,Заказ,Чехол силиконовый прозрачный,1,270,270,208,77.03703703703704,Администратор,Выдан
14.11.2025 - 12:15,Заказ,Диагностика,1,493,493,493,100.0,Петров Роман,Выдан
14.11.2025 - 15:38,Заказ,Наклейка защитного стекла (Услуга),1,194,194,194,100.0,Администратор,Выдан
14.11.2025 - 19:19,Продажа,Чехол силиконовый прозрачный,1,281,281,221,78.64768683274022,Сидоров Алексей,
15.11.2025 - 12:30,Продажа,16GB USB 2.0 Flash Drive SmartBuy,1,435,435,242,55.632183908045974,Администратор,
15.11.2025 - 12:32,Заказ,Диагностика,1,520,520,520,100.0,Иванов Сергей,Выдан
15.11.2025 - 13:05,Заказ,Наклейка защитного стекла (Услуга),3,204,612,612,100.0,Иванов Сергей,Выдан
15.11.2025 - 13:07,Заказ,Наклейка защитного стекла (Услуга),1,186,186,186,100.0,Иванов Сергей,Выдан
15.11.2025 - 15:54,Заказ,Наклейка защитного стекла (Услуга),1,189,189,189,100.0,Администратор,Выдан
15.11.2025 - 17:26,Заказ,Прошивка Android/iOS,1,901,901,901,100.0,Иванов Сергей,Выдан
15.11.2025 - 19:18,Продажа,Жесткий диск Seagate BarraCuda 1TB,1,4157,4157,1155,27.784459947077217,Сидоров Алексей,
15.11.2025 - 19:31,Продажа,Кабель USB - Lightning (Foxconn),1,653,653,502,76.87595712098009,Администратор,
15.11.2025 - 19:57,Заказ,Дисплей iPhone 11 (Копия AAA),1,2640,2640,1187,44.96212121212121,Администратор,Выдан
16.11.2025 - 12:15,Заказ,Дисплей iPhone 11 (Копия AAA),1,2618,2618,1212,46.29488158899924,Сидоров Алексей,Выдан
16.11.2025 - 13:10,Заказ,Защитное стекло 3D для iPhone 11/XR,1,450,450,400,88.88888888888889,Иванов Сергей,Выдан
16.11.2025 - 14:01,Заказ,Диагностика,1,455,455,455,100.0,Сидоров Алексей,Выдан
16.11.2025 - 17:10,Заказ,Чехол силиконовый прозрачный,1,289,289,229,79.23875432525952,Сидоров Алексей,Выдан
16.11.2025 - 17:12,Заказ,"15.6"" WXGA HD LED Глянцевый 40pin (NT156WH)",1,4066,4066,795,19.55238563698967,Петров Роман,Выдан
16.11.2025 - 18:22,Заказ,Чехол силиконовый прозрачный,1,297,297,239,80.47138047138047,Иванов Сергей,Выдан
16.11.2025 - 19:00,Заказ,Чехол силиконовый прозрачный,1,271,271,209,77.12177121771218,Иванов Сергей,Выдан
17.11.2025 - 16:44,Продажа,Защитное стекло 3D для iPhone 11/XR,1,528,528,480,90.9090909090909,Петров Роман,
17.11.2025 - 18:25,Заказ,Установка Windows 10/11 + Драйвера,1,1244,1244,1244,100.0,Администратор,Выдан
19.11.2025 - 14:58,Продажа,Блок питания Apple 20W (Copy),1,1124,1124,715,63.612099644128115,Иванов Сергей,
19.11.2025 - 17:44,Заказ,Защитное стекло 3D для iPhone 11/XR,1,467,467,419,89.72162740899357,Петров Роман,Выдан
19.11.2025 - 18:01,Продажа,Блок питания Apple 20W (Copy),1,1160,1160,755,65.08620689655173,Сидоров Алексей,
19.11.2025 - 18:16,Заказ,Наклейка защитного стекла (Услуга),1,203,203,203,100.0,Сидоров Алексей,Выдан
20.11.2025 - 10:52,Продажа,Защитное стекло 3D для iPhone 11/XR,1,525,525,477,90.85714285714286,Сидоров Алексей,
20.11.2025 - 11:55,Заказ,16GB USB 2.0 Flash Drive SmartBuy,1,461,461,256,55.53145336225597,Сидоров Алексей,Выдан
20.11.2025 - 13:01,Заказ,Дисплей iPhone 11 (Копия AAA),1,2253,2253,890,39.502885042166,Администратор,Выдан
20.11.2025 - 16:17,Продажа,16GB USB 2.0 Flash Drive SmartBuy,1,411,411,217,52.798053527980535,Сидоров Алексей,
21.11.2025 - 11:11,Заказ,Блок питания Apple 20W (Copy),1,1308,1308,916,70.03058103975535,Петров Роман,Выдан
21.11.2025 - 12:07,Заказ,Диагностика,1,526,526,526,100.0,Администратор,Выдан
21.11.2025 - 13:40,Заказ,SSD накопитель Kingston 240GB,1,2205,2205,636,28.843537414965986,Петров Роман,Выдан
21.11.2025 - 13:43,Заказ,Чистка системы охлаждения с заменой термопасты,1,1413,1413,1309,92.63977353149328,Петров Роман,Выдан
21.11.2025 - 14:07,Заказ,Защитное стекло 3D для iPhone 11/XR,1,534,534,482,90.2621722846442,Петров Роман,Выдан
22.11.2025 - 14:19,Заказ,Чистка системы охлаждения с заменой термопасты,1,1463,1463,1367,93.43814080656186,Петров Роман,Выдан
22.11.2025 - 14:52,Заказ,Восстановление цепи питания,1,4126,4126,3651,88.48763936015511,Сидоров Алексей,Выдан
22.11.2025 - 16:45,Заказ,Замена разъема зарядки (MicroUSB/Type-C),1,1225,1225,1127,92.0,Петров Роман,Выдан
23.11.2025 - 14:55,Заказ,Прошивка Android/iOS,1,942,942,942,100.0,Петров Роман,Выдан
23.11.2025 - 17:15,Продажа,Защитное стекло 3D для iPhone 11/XR,1,503,503,452,89.86083499005964,Иванов Сергей,
23.11.2025 - 19:22,Заказ,Восстановление цепи питания,1,4471,4471,3948,88.30239320062626,Сидоров Алексей,Выдан
24.11.2025 - 11:42,Продажа,16GB USB 2.0 Flash Drive SmartBuy,1,458,458,262,57.20524017467249,Администратор,
24.11.2025 - 14:06,Заказ,16GB USB 2.0 Flash Drive SmartBuy,1,412,412,208,50.48543689320388,Сидоров Алексей,Выдан
24.11.2025 - 19:47,Заказ,"15.6"" WXGA HD LED Глянцевый 40pin (NT156WH)",1,4575,4575,1294,28.28415300546448,Администратор,Выдан
25.11.2025 - 13:34,Заказ,Наклейка защитного стекла (Услуга),1,182,182,182,100.0,Администратор,Выдан
26.11.2025 - 10:14,Заказ,Кабель USB - Lightning (Foxconn),1,650,650,502,77.23076923076924,Сидоров Алексей,Выдан
26.11.2025 - 11:05,Заказ,Прошивка Android/iOS,1,1076,1076,1076,100.0,Администратор,Выдан
26.11.2025 - 14:31,Заказ,Аккумулятор Samsung Galaxy A51 (EB-BA515),1,1227,1227,676,55.09372453137734,Иванов Сергей,Выдан
26.11.2025 - 15:01,Заказ,Диагностика,2,482,964,964,100.0,Сидоров Алексей,Выдан
26.11.2025 - 18:46,Заказ,Чехол силиконовый прозрачный,1,284,284,226,79.5774647887324,Петров Роман,Выдан
26.11.2025 - 19:57,Заказ,Восстановление цепи питания,1,4602,4602,4105,89.20034767492395,Администратор,Выдан
27.11.2025 - 12:13,Продажа,Чехол силиконовый прозрачный,1,290,290,230,79.3103448275862,Петров Роман,
27.11.2025 - 12:23,Заказ,Наклейка защитного стекла (Услуга),1,217,217,217,100.0,Сидоров Алексей,Выдан
27.11.2025 - 15:58,Заказ,Чехол силиконовый прозрачный,1,276,276,214,77.53623188405797,Сидоров Алексей,Выдан
27.11.2025 - 16:24,Заказ,Чехол силиконовый прозрачный,2,287,574,458,79.79094076655052,Сидоров Алексей,Выдан
27.11.2025 - 18:47,Заказ,Кабель USB - Lightning (Foxconn),1,633,633,483,76.30331753554502,Сидоров Алексей,Выдан
28.11.2025 - 11:26,Продажа,Жесткий диск Seagate BarraCuda 1TB,1,3622,3622,775,21.397018221976808,Иванов Сергей,
28.11.2025 - 14:14,Заказ,Восстановление цепи питания,1,4607,4607,4112,89.25548079010201,Администратор,Выдан
28.11.2025 - 17:12,Заказ,Наклейка защитного стекла (Услуга),1,208,208,208,100.0,Администратор,Выдан
29.11.2025 - 12:22,Заказ,SSD накопитель Kingston 240GB,1,2280,2280,750,32.89473684210527,Администратор,Выдан
29.11.2025 - 13:03,Заказ,Блок питания Apple 20W (Copy),1,1170,1170,773,66.06837606837607,Администратор,Выдан
29.11.2025 - 13:54,Заказ,16GB USB 2.0 Flash Drive SmartBuy,1,457,457,263,57.54923413566739,Администратор,Выдан
29.11.2025 - 15:46,Заказ,Защитное стекло 3D для iPhone 11/XR,1,501,501,451,90.01996007984032,Петров Роман,Выдан
29.11.2025 - 16:32,Заказ,Чистка системы охлаждения с заменой термопасты,1,1493,1493,1391,93.16811788345612,Иванов Сергей,Выдан
29.11.2025 - 17:31,Заказ,Наклейка защитного стекла (Услуга),2,188,376,376,100.0,Администратор,Выдан
29.11.2025 - 18:12,Заказ,SSD накопитель Kingston 240GB,1,2304,2304,736,31.944444444444443,Иванов Сергей,Выдан
30.11.2025 - 16:37,Заказ,Установка Windows 10/11 + Драйвера,2,1088,2176,2176,100.0,Петров Роман,Выдан
30.11.2025 - 17:24,Продажа,Защитное стекло 3D для iPhone 11/XR,1,510,510,460,90.19607843137256,Петров Роман,
30.11.2025 - 19:03,Продажа,Чехол силиконовый прозрачный,1,277,277,217,78.33935018050542,Администратор,
30.11.2025 - 19:47,Заказ,Жесткий диск Seagate BarraCuda 1TB,2,3525,7050,972,13.787234042553193,Администратор,Выдан
01.12.2025 - 19:14,Продажа,Защитное стекло 3D для iPhone 11/XR,1,548,548,498,90.87591240875912,Сидоров Алексей,
02.12.2025 - 11:22,Заказ,Дисплей iPhone 11 (Оригинал переклей),1,5506,5506,1737,31.54740283327279,Администратор,Выдан
02.12.2025 - 12:24,Заказ,Прошивка Android/iOS,1,950,950,950,100.0,Сидоров Алексей,Выдан
02.12.2025 - 16:51,Заказ,Замена разъема зарядки (MicroUSB/Type-C),1,1130,1130,1026,90.79646017699115,Администратор,Выдан
02.12.2025 - 17:38,Заказ,"15.6"" WXGA HD LED Глянцевый 40pin (NT156WH)",1,4198,4198,904,21.53406383992377,Сидоров Алексей,Выдан
02.12.2025 - 17:59,Заказ,Наклейка защитного стекла (Услуга),1,211,211,211,100.0,Администратор,Выдан
03.12.2025 - 11:33,Заказ,Чистка системы охлаждения с заменой термопасты,2,1497,2994,2792,93.25317301269205,Петров Роман,Выдан
03.12.2025 - 12:03,Продажа,Защитное стекло 3D для iPhone 11/XR,1,538,538,490,91.07806691449815,Петров Роман,
03.12.2025 - 12:28,Продажа,Чехол силиконовый прозрачный,1,274,274,214,78.1021897810219,Сидоров Алексей,
03.12.2025 - 15:16,Заказ,Замена разъема зарядки (MicroUSB/Type-C),1,1134,1134,1033,91.09347442680776,Сидоров Алексей,Выдан
03.12.2025 - 15:18,Заказ,Диагностика,2,506,1012,1012,100.0,Администратор,Выдан
03.12.2025 - 16:31,Заказ,"15.6"" WXGA HD LED Глянцевый 40pin (NT156WH)",1,4850,4850,1502,30.969072164948454,Петров Роман,Выдан
03.12.2025 - 19:14,Заказ,Диагностика,1,459,459,459,100.0,Петров Роман,Выдан
05.12.2025 - 10:21,Продажа,Защитное стекло 3D для iPhone 11/XR,1,507,507,456,89.94082840236686,Администратор,
06.12.2025 - 15:41,Заказ,Наклейка защитного стекла (Услуга),1,202,202,202,100.0,Сидоров Алексей,Выдан
07.12.2025 - 13:44,Продажа,Блок питания Apple 20W (Copy),1,1242,1242,843,67.8743961352657,Сидоров Алексей,
07.12.2025 - 14:07,Заказ,Диагностика,1,527,527,527,100.0,Сидоров Алексей,Выдан
07.12.2025 - 16:17,Заказ,Установка Windows 10/11 + Драйвера,2,1309,2618,2618,100.0,Петров Роман,Выдан
08.12.2025 - 14:20,Продажа,Чехол силиконовый прозрачный,1,312,312,253,81.08974358974359,Петров Роман,
08.12.2025 - 18:06,Заказ,Чехол силиконовый прозрачный,1,274,274,217,79.1970802919708,Администратор,Выдан
08.12.2025 - 19:30,Заказ,Диагностика,1,530,530,530,100.0,Иванов Сергей,Выдан
09.12.2025 - 11:05,Заказ,Защитное стекло 3D для iPhone 11/XR,1,493,493,442,89.65517241379311,Петров Роман,Выдан
09.12.2025 - 15:42,Заказ,Наклейка защитного стекла (Услуга),1,192,192,192,100.0,Сидоров Алексей,Выдан
09.12.2025 - 19:49,Заказ,Наклейка защитного стекла (Услуга),1,205,205,205,100.0,Сидоров Алексей,Выдан
10.12.2025 - 10:12,Заказ,Блок питания Apple 20W (Copy),1,1226,1226,837,68.27079934747145,Иванов Сергей,Выдан
10.12.2025 - 12:49,Заказ,Диагностика,1,462,462,462,100.0,Иванов Сергей,Выдан
10.12.2025 - 14:53,Заказ,"15.6"" WXGA HD LED Глянцевый 40pin (NT156WH)",1,4921,4921,1730,35.155456208087784,Администратор,Выдан
10.12.2025 - 14:58,Заказ,Восстановление цепи питания,1,4840,4840,4353,89.93801652892563,Администратор,Выдан
10.12.2025 - 16:08,Продажа,Чехол силиконовый прозрачный,1,310,310,253,81.61290322580645,Иванов Сергей,
10.12.2025 - 18:57,Заказ,Чехол силиконовый прозрачный,3,294,882,705,79.93197278911565,Администратор,Выдан
11.12.2025 - 13:40,Заказ,Защитное стекло 3D для iPhone 11/XR,1,516,516,466,90.31007751937985,Иванов Сергей,Выдан
11.12.2025 - 14:15,Заказ,Кабель USB - Lightning (Foxconn),1,647,647,502,77.58887171561051,Петров Роман,Выдан
11.12.2025 - 14:33,Продажа,Чехол силиконовый прозрачный,1,278,278,220,79.13669064748201,Петров Роман,
11.12.2025 - 14:55,Заказ,Защитное стекло 3D для iPhone 11/XR,1,543,543,494,90.97605893186004,Сидоров Алексей,Выдан
11.12.2025 - 15:21,Заказ,Дисплей iPhone 11 (Оригинал переклей),1,5983,5983,2101,35.116162460304196,Иванов Сергей,Выдан
12.12.2025 - 10:30,Заказ,Установка Windows 10/11 + Драйвера,1,1274,1274,1274,100.0,Петров Роман,Выдан
12.12.2025 - 14:13,Заказ,Наклейка защитного стекла (Услуга),1,202,202,202,100.0,Петров Роман,Выдан
12.12.2025 - 15:53,Заказ,Установка Windows 10/11 + Драйвера,1,1153,1153,1153,100.0,Петров Роман,Выдан
13.12.2025 - 13:35,Заказ,Аккумулятор Samsung Galaxy A51 (EB-BA515),1,1306,1306,756,57.88667687595712,Администратор,Выдан
13.12.2025 - 14:45,Заказ,Восстановление цепи питания,1,4890,4890,4368,89.32515337423312,Сидоров Алексей,Выдан
13.12.2025 - 15:06,Продажа,16GB USB 2.0 Flash Drive SmartBuy,1,489,489,281,57.46421267893661,Иванов Сергей,
14.12.2025 - 19:22,Заказ,Диагностика,1,525,525,525,100.0,Петров Роман,Выдан
15.12.2025 - 13:37,Продажа,Защитное стекло 3D для iPhone 11/XR,1,459,459,407,88.67102396514161,Сидоров Алексей,
15.12.2025 - 17:42,Заказ,Аккумулятор Samsung Galaxy A51 (EB-BA515),1,1254,1254,688,54.864433811802236,Иванов Сергей,Выдан
15.12.2025 - 19:24,Заказ,Чехол силиконовый прозрачный,1,328,328,271,82.6219512195122,Петров Роман,Выдан
16.12.2025 - 11:09,Заказ,Установка Windows 10/11 + Драйвера,1,1102,1102,1102,100.0,Администратор,Выдан
16.12.2025 - 13:16,Заказ,Чехол силиконовый прозрачный,2,290,580,462,79.65517241379311,Администратор,Выдан
16.12.2025 - 16:10,Заказ,Восстановление цепи питания,1,4439,4439,3945,88.87136742509574,Администратор,Выдан
16.12.2025 - 18:29,Заказ,Диагностика,2,542,1084,1084,100.0,Сидоров Алексей,Выдан
16.12.2025 - 19:17,Заказ,Защитное стекло 3D для iPhone 11/XR,1,545,545,495,90.82568807339449,Сидоров Алексей,Выдан
17.12.2025 - 18:23,Заказ,"15.6"" WXGA HD LED Глянцевый 40pin (NT156WH)",2,4711,9422,3018,32.031415835279134,Петров Роман,Выдан
18.12.2025 - 11:14,Заказ,Чехол силиконовый прозрачный,1,327,327,267,81.65137614678899,Администратор,Выдан
18.12.2025 - 11:35,Заказ,Дисплей iPhone 11 (Копия AAA),1,2492,2492,1133,45.46548956661316,Иванов Сергей,Выдан
18.12.2025 - 15:57,Заказ,Замена разъема зарядки (MicroUSB/Type-C),1,1182,1182,1081,91.45516074450084,Иванов Сергей,Выдан
18.12.2025 - 16:25,Продажа,Блок питания Apple 20W (Copy),1,1219,1219,816,66.94011484823625,Сидоров Алексей,
18.12.2025 - 17:00,Продажа,Защитное стекло 3D для iPhone 11/XR,1,486,486,435,89.50617283950618,Администратор,
18.12.2025 - 17:31,Заказ,16GB USB 2.0 Flash Drive SmartBuy,1,448,448,244,54.46428571428571,Сидоров Алексей,Выдан
18.12.2025 - 17:49,Заказ,Прошивка Android/iOS,1,1062,1062,1062,100.0,Сидоров Алексей,Выдан
18.12.2025 - 17:55,Заказ,Чехол силиконовый прозрачный,1,323,323,263,81.42414860681114,Петров Роман,Выдан
19.12.2025 - 14:32,Заказ,Чехол силиконовый прозрачный,1,284,284,222,78.16901408450704,Администратор,Выдан
19.12.2025 - 14:35,Заказ,Установка Windows 10/11 + Драйвера,2,1206,2412,2412,100.0,Сидоров Алексей,Выдан
19.12.2025 - 15:16,Заказ,Защитное стекло 3D для iPhone 11/XR,1,464,464,416,89.65517241379311,Администратор,Выдан
19.12.2025 - 15:45,Продажа,Блок питания Apple 20W (Copy),1,1230,1230,835,67.88617886178862,Сидоров Алексей,
19.12.2025 - 15:56,Продажа,Чехол силиконовый прозрачный,1,317,317,256,80.7570977917981,Иванов Сергей,
19.12.2025 - 16:28,Заказ,Чехол силиконовый прозрачный,1,318,318,259,81.44654088050315,Петров Роман,Выдан
19.12.2025 - 16:55,Заказ,Защитное стекло 3D для iPhone 11/XR,1,472,472,420,88.98305084745762,Сидоров Алексей,Выдан
19.12.2025 - 17:08,Заказ,Дисплей iPhone 11 (Копия AAA),1,2718,2718,1377,50.66225165562914,Петров Роман,Выдан
20.12.2025 - 13:37,Заказ,Дисплей iPhone 11 (Копия AAA),1,2330,2330,996,42.74678111587983,Иванов Сергей,Выдан
20.12.2025 - 14:43,Заказ,Чехол силиконовый прозрачный,1,329,329,272,82.67477203647417,Иванов Сергей,Выдан
20.12.2025 - 17:31,Продажа,Чехол силиконовый прозрачный,1,324,324,264,81.48148148148148,Иванов Сергей,
20.12.2025 - 18:18,Заказ,Установка Windows 10/11 + Драйвера,2,1230,2460,2460,100.0,Сидоров Алексей,Выдан
20.12.2025 - 19:11,Заказ,Блок питания Apple 20W (Copy),1,1299,1299,884,68.05234795996921,Петров Роман,Выдан
21.12.2025 - 10:15,Заказ,Кабель USB - Lightning (Foxconn),1,634,634,480,75.70977917981072,Петров Роман,Выдан
21.12.2025 - 10:25,Продажа,Чехол силиконовый прозрачный,1,324,324,265,81.79012345679013,Петров Роман,
21.12.2025 - 10:54,Заказ,Диагностика,1,462,462,462,100.0,Петров Роман,Выдан
21.12.2025 - 11:30,Заказ,Защитное стекло 3D для iPhone 11/XR,1,474,474,423,89.24050632911393,Администратор,Выдан
21.12.2025 - 16:29,Заказ,"15.6"" WXGA HD LED Глянцевый 40pin (NT156WH)",1,4246,4246,937,22.067828544512484,Сидоров Алексей,Выдан
21.12.2025 - 16:42,Заказ,Защитное стекло 3D для iPhone 11/XR,1,488,488,437,89.54918032786885,Иванов Сергей,Выдан
22.12.2025 - 12:33,Заказ,Наклейка защитного стекла (Услуга),1,206,206,206,100.0,Администратор,Выдан
23.12.2025 - 11:54,Заказ,Диагностика,1,523,523,523,100.0,Петров Роман,Выдан
23.12.2025 - 13:57,Заказ,SSD накопитель Kingston 240GB,1,2015,2015,460,22.8287841191067,Иванов Сергей,Выдан
23.12.2025 - 14:55,Продажа,Чехол силиконовый прозрачный,1,280,280,218,77.85714285714286,Администратор,
24.12.2025 - 12:18,Заказ,Защитное стекло 3D для iPhone 11/XR,2,549,1098,994,90.52823315118397,Сидоров Алексей,Выдан
24.12.2025 - 14:54,Заказ,SSD накопитель Kingston 240GB,1,2273,2273,834,36.691597008359,Сидоров Алексей,Выдан
24.12.2025 - 19:27,Продажа,Защитное стекло 3D для iPhone 11/XR,1,488,488,440,90.1639344262295,Иванов Сергей,
24.12.2025 - 19:37,Продажа,Кабель USB - Lightning (Foxconn),1,641,641,490,76.4430577223089,Иванов Сергей,
24.12.2025 - 19:48,Продажа,Защитное стекло 3D для iPhone 11/XR,1,549,549,498,90.7103825136612,Петров Роман,
25.12.2025 - 10:26,Продажа,Кабель USB - Lightning (Foxconn),1,589,589,434,73.68421052631578,Петров Роман,
25.12.2025 - 16:36,Заказ,Прошивка Android/iOS,1,935,935,935,100.0,Петров Роман,Выдан
26.12.2025 - 13:25,Заказ,Установка Windows 10/11 + Драйвера,1,1184,1184,1184,100.0,Сидоров Алексей,Выдан
26.12.2025 - 13:29,Заказ,Чехол силиконовый прозрачный,1,292,292,230,78.76712328767124,Петров Роман,Выдан
26.12.2025 - 16:21,Продажа,Защитное стекло 3D для iPhone 11/XR,1,497,497,448,90.14084507042254,Петров Роман,
27.12.2025 - 12:16,Заказ,Восстановление цепи питания,2,4936,9872,8876,89.91085899513777,Администратор,Выдан
27.12.2025 - 14:00,Заказ,Кабель USB - Lightning (Foxconn),1,593,593,445,75.04215851602024,Петров Роман,Выдан
27.12.2025 - 14:21,Заказ,Дисплей iPhone 11 (Оригинал переклей),2,5336,10672,2812,26.349325337331337,Администратор,Выдан
28.12.2025 - 11:10,Заказ,Восстановление цепи питания,1,4451,4451,3940,88.51943383509324,Иванов Сергей,Выдан
28.12.2025 - 11:44,Заказ,Дисплей iPhone 11 (Оригинал переклей),1,5958,5958,2044,34.30681436723732,Администратор,Выдан
28.12.2025 - 13:13,Заказ,Установка Windows 10/11 + Драйвера,1,1279,1279,1279,100.0,Петров Роман,Выдан
28.12.2025 - 14:54,Заказ,Чистка системы охлаждения с заменой термопасты,2,1559,3118,2916,93.52148813341886,Иванов Сергей,Выдан
28.12.2025 - 15:10,Заказ,Чехол силиконовый прозрачный,1,322,322,264,81.98757763975155,Сидоров Алексей,Выдан
28.12.2025 - 18:24,Заказ,Блок питания Apple 20W (Copy),1,1095,1095,694,63.37899543378995,Иванов Сергей,Выдан
29.12.2025 - 16:29,Заказ,Прошивка Android/iOS,1,972,972,972,100.0,Сидоров Алексей,Выдан
29.12.2025 - 19:33,Заказ,Прошивка Android/iOS,1,1017,1017,1017,100.0,Иванов Сергей,Выдан
30.12.2025 - 10:01,Продажа,Блок питания Apple 20W (Copy),1,1125,1125,742,65.95555555555556,Петров Роман,
30.12.2025 - 10:05,Заказ,Защитное стекло 3D для iPhone 11/XR,1,504,504,454,90.07936507936508,Сидоров Алексей,Выдан
30.12.2025 - 10:56,Заказ,16GB USB 2.0 Flash Drive SmartBuy,1,467,467,274,58.67237687366167,Петров Роман,Выдан
30.12.2025 - 13:01,Продажа,Чехол силиконовый прозрачный,1,281,281,219,77.93594306049823,Иванов Сергей,
30.12.2025 - 15:08,Заказ,Установка Windows 10/11 + Драйвера,1,1165,1165,1165,100.0,Петров Роман,Выдан
30.12.2025 - 16:02,Продажа,16GB USB 2.0 Flash Drive SmartBuy,1,425,425,226,53.17647058823529,Администратор,
30.12.2025 - 16:11,Заказ,Восстановление цепи питания,1,4583,4583,4062,88.63190050185467,Иванов Сергей,Выдан
30.12.2025 - 16:32,Заказ,Кабель USB - Lightning (Foxconn),1,612,612,463,75.65359477124183,Петров Роман,Выдан
31.12.2025 - 12:04,Заказ,Аккумулятор Samsung Galaxy A51 (EB-BA515),2,1083,2166,1056,48.75346260387812,Петров Роман,Выдан
31.12.2025 - 14:52,Продажа,16GB USB 2.0 Flash Drive SmartBuy,2,446,892,478,53.58744394618834,Сидоров Алексей,
31.12.2025 - 15:57,Заказ,Прошивка Android/iOS,1,996,996,996,100.0,Петров Роман,Выдан
31.12.2025 - 16:22,Заказ,Наклейка защитного стекла (Услуга),2,185,370,370,100.0,Администратор,Выдан
31.12.2025 - 17:42,Заказ,Чехол силиконовый прозрачный,1,328,328,271,82.6219512195122,Сидоров Алексей,Выдан
