Дата,Тип документа,Название,Количество,Цена,Сумма,Валовая прибыль (руб),Валовая прибыль (%),Сотрудник,Статус
01.01.2024 - 15:55,Продажа,Блок питания Apple 20W (Copy),1,1179,1179,773,65.56403731976252,Петров Роман,
01.01.2024 - 17:10,Заказ,Установка Windows 10/11 + Драйвера,1,1210,1210,1210,100.0,Администратор,Выдан
01.01.2024 - 18:06,Заказ,Защитное стекло 3D для iPhone 11/XR,1,526,526,478,90.8745247148289,Иванов Сергей,Выдан
02.01.2024 - 10:00,Заказ,Защитное стекло 3D для iPhone 11/XR,1,456,456,408,89.47368421052632,Иванов Сергей,Выдан
02.01.2024 - 10:11,Заказ,Установка Windows 10/11 + Драйвера,1,1114,1114,1114,100.0,Сидоров Алексей,Выдан
02.01.2024 - 11:58,Заказ,Блок питания Apple 20W (Copy),1,1226,1226,822,67.04730831973899,Петров Роман,Выдан
02.01.2024 - 12:12,Заказ,Дисплей iPhone 11 (Копия AAA),1,2474,2474,1055,42.64349232012935,Иванов Сергей,Выдан
02.01.2024 - 14:48,Заказ,16GB USB 2.0 Flash Drive SmartBuy,1,410,410,215,52.4390243902439,Петров Роман,Выдан
02.01.2024 - 17:22,Заказ,Замена разъема зарядки (MicroUSB/Type-C),1,1243,1243,1141,91.7940466613033,Иванов Сергей,Выдан
03.01.2024 - 11:36,Заказ,Восстановление цепи питания,1,4268,4268,3755,87.98031865042174,Иванов Сергей,Выдан
03.01.2024 - 15:42,Заказ,Дисплей iPhone 11 (Копия AAA),1,2466,2466,1109,44.97161394971614,Иванов Сергей,Выдан
03.01.2024 - 17:46,Заказ,Кабель USB - Lightning (Foxconn),1,574,574,423,73.69337979094077,Петров Роман,Выдан
03.01.2024 - 19:28,Заказ,Защитное стекло 3D для iPhone 11/XR,1,486,486,434,89.30041152263375,Иванов Сергей,Выдан
04.01.2024 - 12:05,Заказ,Прошивка Android/iOS,1,927,927,927,100.0,Администратор,Выдан
04.01.2024 - 12:26,Заказ,Восстановление цепи питания,1,4335,4335,3825,88.23529411764706,Администратор,Выдан
04.01.2024 - 19:09,Заказ,Дисплей iPhone 11 (Копия AAA),2,2619,5238,2562,48.911798396334476,Сидоров Алексей,Выдан
05.01.2024 - 12:10,Заказ,Защитное стекло 3D для iPhone 11/XR,1,470,470,418,88.93617021276596,Сидоров Алексей,Выдан
05.01.2024 - 13:45,Заказ,Наклейка защитного стекла (Услуга),1,203,203,203,100.0,Петров Роман,Выдан
05.01.2024 - 14:09,Заказ,Диагностика,1,510,510,510,100.0,Администратор,Выдан
05.01.2024 - 16:35,Заказ,Защитное стекло 3D для iPhone 11/XR,2,483,966,870,90.06211180124224,Сидоров Алексей,Выдан
05.01.2024 - 16:59,Заказ,Замена разъема зарядки (MicroUSB/Type-C),1,1194,1194,1097,91.87604690117253,Сидоров Алексей,Выдан
05.01.2024 - 19:26,Заказ,Кабель USB - Lightning (Foxconn),3,546,1638,1191,72.7106227106227,Петров Роман,Выдан
06.01.2024 - 10:12,Заказ,Восстановление цепи питания,1,4439,4439,3954,89.074115791845,Петров Роман,Выдан
06.01.2024 - 11:33,Заказ,Диагностика,1,548,548,548,100.0,Сидоров Алексей,Выдан
06.01.2024 - 12:25,Заказ,Чистка системы охлаждения с заменой термопасты,1,1508,1508,1407,93.3023872679045,Петров Роман,Выдан
06.01.2024 - 14:13,Заказ,Защитное стекло 3D для iPhone 11/XR,1,495,495,446,90.1010101010101,Сидоров Алексей,Выдан
06.01.2024 - 14:36,Заказ,Диагностика,1,466,466,466,100.0,Петров Роман,Выдан
06.01.2024 - 14:47,Заказ,"15.6"" WXGA HD LED Глянцевый 40pin (NT156WH)",2,4493,8986,2746,30.558646783886047,Сидоров Алексей,Выдан
06.01.2024 - 15:13,Заказ,Восстановление цепи питания,1,4092,4092,3572,87.29227761485826,Иванов Сергей,Выдан
06.01.2024 - 16:22,Заказ,Защитное стекло 3D для iPhone 11/XR,1,476,476,426,89.49579831932773,Администратор,Выдан
06.01.2024 - 18:31,Заказ,Кабель USB - Lightning (Foxconn),1,659,659,504,76.4795144157815,Петров Роман,Выдан
07.01.2024 - 10:14,Заказ,Наклейка защитного стекла (Услуга),2,183,366,366,100.0,Иванов Сергей,Выдан
07.01.2024 - 10:28,Продажа,16GB USB 2.0 Flash Drive SmartBuy,1,470,470,279,59.361702127659576,Администратор,
07.01.2024 - 14:44,Заказ,Установка Windows 10/11 + Драйвера,1,1184,1184,1184,100.0,Сидоров Алексей,Выдан
07.01.2024 - 14:58,Заказ,Наклейка защитного стекла (Услуга),1,214,214,214,100.0,Сидоров Алексей,Выдан
07.01.2024 - 15:12,Заказ,Диагностика,1,521,521,521,100.0,Иванов Сергей,Выдан
07.01.2024 - 15:22,Продажа,Кабель USB - Lightning (Foxconn),1,642,642,496,77.25856697819314,Сидоров Алексей,
07.01.2024 - 16:02,Заказ,Аккумулятор Samsung Galaxy A51 (EB-BA515),1,1209,1209,650,53.76344086021505,Администратор,Выдан
07.01.2024 - 18:19,Заказ,"15.6"" WXGA HD LED Глянцевый 40pin (NT156WH)",3,4847,14541,5127,35.25892304518259,Сидоров Алексей,Выдан
07.01.2024 - 19:25,Заказ,Защитное стекло 3D для iPhone 11/XR,1,477,477,428,89.72746331236897,Иванов Сергей,Выдан
08.01.2024 - 10:00,Заказ,Чехол силиконовый прозрачный,1,286,286,225,78.67132867132867,Администратор,Выдан
08.01.2024 - 11:24,Заказ,Диагностика,1,542,542,542,100.0,Иванов Сергей,Выдан
08.01.2024 - 14:36,Заказ,Дисплей iPhone 11 (Оригинал переклей),1,5986,5986,2319,38.7403942532576,Иванов Сергей,Выдан
08.01.2024 - 18:29,Заказ,Чистка системы охлаждения с заменой термопасты,1,1541,1541,1440,93.44581440622972,Петров Роман,Выдан
09.01.2024 - 15:01,Заказ,Чистка системы охлаждения с заменой термопасты,1,1634,1634,1531,93.69645042839657,Иванов Сергей,Выдан
09.01.2024 - 15:35,Заказ,Замена разъема зарядки (MicroUSB/Type-C),1,1265,1265,1169,92.41106719367589,Администратор,Выдан
09.01.2024 - 16:36,Заказ,Диагностика,2,529,1058,1058,100.0,Иванов Сергей,Выдан
09.01.2024 - 17:42,Заказ,Чистка системы охлаждения с заменой термопасты,1,1407,1407,1312,93.24804548685147,Иванов Сергей,Выдан
09.01.2024 - 18:40,Заказ,Наклейка защитного стекла (Услуга),2,195,390,390,100.0,Петров Роман,Выдан
09.01.2024 - 19:27,Заказ,Диагностика,1,497,497,497,100.0,Петров Роман,Выдан
10.01.2024 - 13:03,Заказ,Замена разъема зарядки (MicroUSB/Type-C),1,1120,1120,1023,91.33928571428571,Сидоров Алексей,Выдан
10.01.2024 - 15:12,Заказ,Чехол силиконовый прозрачный,3,302,906,720,79.47019867549669,Иванов Сергей,Выдан
10.01.2024 - 16:04,Продажа,Жесткий диск Seagate BarraCuda 1TB,2,3686,7372,1458,19.777536625067825,Сидоров Алексей,
10.01.2024 - 17:00,Заказ,Защитное стекло 3D для iPhone 11/XR,1,481,481,430,89.3970893970894,Сидоров Алексей,Выдан
11.01.2024 - 11:27,Заказ,16GB USB 2.0 Flash Drive SmartBuy,1,440,440,239,54.31818181818182,Администратор,Выдан
11.01.2024 - 12:00,Заказ,Чистка системы охлаждения с заменой термопасты,1,1504,1504,1404,93.35106382978722,Администратор,Выдан
11.01.2024 - 12:16,Заказ,Кабель USB - Lightning (Foxconn),2,655,1310,1008,76.94656488549619,Петров Роман,Выдан
11.01.2024 - 19:27,Заказ,Защитное стекло 3D для iPhone 11/XR,1,503,503,455,90.4572564612326,Сидоров Алексей,Выдан
13.01.2024 - 11:23,Заказ,Чехол силиконовый прозрачный,1,293,293,235,80.2047781569966,Сидоров Алексей,Выдан
13.01.2024 - 12:10,Продажа,Чехол силиконовый прозрачный,1,299,299,238,79.59866220735786,Петров Роман,
13.01.2024 - 12:17,Заказ,Наклейка защитного стекла (Услуга),1,212,212,212,100.0,Администратор,Выдан
13.01.2024 - 18:41,Заказ,Диагностика,1,474,474,474,100.0,Иванов Сергей,Выдан
13.01.2024 - 18:56,Заказ,Дисплей iPhone 11 (Копия AAA),1,2558,2558,1120,43.78420641125879,Сидоров Алексей,Выдан
14.01.2024 - 10:51,Заказ,Дисплей iPhone 11 (Оригинал переклей),1,5836,5836,1964,33.65318711446196,Сидоров Алексей,Выдан
14.01.2024 - 11:27,Заказ,Установка Windows 10/11 + Драйвера,1,1309,1309,1309,100.0,Сидоров Алексей,Выдан
14.01.2024 - 12:40,Заказ,Диагностика,1,510,510,510,100.0,Сидоров Алексей,Выдан
14.01.2024 - 13:25,Продажа,Блок питания Apple 20W (Copy),1,1095,1095,715,65.29680365296804,Иванов Сергей,
14.01.2024 - 16:13,Заказ,Замена разъема зарядки (MicroUSB/Type-C),1,1274,1274,1177,92.3861852433281,Иванов Сергей,Выдан
14.01.2024 - 17:04,Заказ,Прошивка Android/iOS,1,1062,1062,1062,100.0,Петров Роман,Выдан
14.01.2024 - 18:18,Заказ,Установка Windows 10/11 + Драйвера,1,1090,1090,1090,100.0,Сидоров Алексей,Выдан
14.01.2024 - 18:46,Заказ,Чистка системы охлаждения с заменой термопасты,1,1613,1613,1512,93.73837569745815,Сидоров Алексей,Выдан
15.01.2024 - 10:43,Продажа,Кабель USB - Lightning (Foxconn),1,649,649,501,77.19568567026194,Администратор,
15.01.2024 - 10:49,Заказ,Наклейка защитного стекла (Услуга),1,209,209,209,100.0,Иванов Сергей,Выдан
15.01.2024 - 18:04,Заказ,Защитное стекло 3D для iPhone 11/XR,1,513,513,465,90.64327485380117,Петров Роман,Выдан
15.01.2024 - 18:35,Заказ,Защитное стекло 3D для iPhone 11/XR,1,537,537,489,91.06145251396647,Сидоров Алексей,Выдан
15.01.2024 - 18:47,Заказ,Восстановление цепи питания,1,4289,4289,3788,88.31895546747494,Сидоров Алексей,Выдан
16.01.2024 - 10:06,Заказ,Наклейка защитного стекла (Услуга),1,217,217,217,100.0,Сидоров Алексей,Выдан
16.01.2024 - 15:30,Заказ,Дисплей iPhone 11 (Копия AAA),1,2711,2711,1304,48.100331980818886,Сидоров Алексей,Выдан
16.01.2024 - 17:04,Продажа,SSD накопитель Kingston 240GB,1,2212,2212,783,35.397830018083184,Иванов Сергей,
16.01.2024 - 17:50,Заказ,Восстановление цепи питания,1,4590,4590,4099,89.30283224400871,Петров Роман,Выдан
16.01.2024 - 18:20,Продажа,SSD накопитель Kingston 240GB,1,2338,2338,869,37.16852010265184,Петров Роман,
17.01.2024 - 10:34,Заказ,Кабель USB - Lightning (Foxconn),1,561,561,406,72.37076648841355,Петров Роман,Выдан
17.01.2024 - 11:06,Заказ,Кабель USB - Lightning (Foxconn),1,582,582,428,73.53951890034365,Петров Роман,Выдан
17.01.2024 - 12:43,Заказ,Чистка системы охлаждения с заменой термопасты,1,1524,1524,1424,93.43832020997375,Петров Роман,Выдан
17.01.2024 - 13:22,Заказ,Аккумулятор Samsung Galaxy A51 (EB-BA515),2,1127,2254,1164,51.641526175687666,Сидоров Алексей,Выдан
17.01.2024 - 13:26,Заказ,Чистка системы охлаждения с заменой термопасты,1,1593,1593,1492,93.65976145637163,Администратор,Выдан
17.01.2024 - 14:04,Заказ,Чехол силиконовый прозрачный,1,285,285,227,79.64912280701755,Иванов Сергей,Выдан
17.01.2024 - 15:40,Заказ,Чистка системы охлаждения с заменой термопасты,1,1615,1615,1511,93.56037151702786,Администратор,Выдан
17.01.2024 - 16:37,Продажа,Чехол силиконовый прозрачный,1,286,286,224,78.32167832167832,Петров Роман,
17.01.2024 - 16:50,Заказ,Диагностика,2,462,924,924,100.0,Петров Роман,Выдан
17.01.2024 - 18:30,Заказ,Замена разъема зарядки (MicroUSB/Type-C),1,1289,1289,1190,92.31962761830876,Иванов Сергей,Выдан
17.01.2024 - 19:40,Заказ,"15.6"" WXGA HD LED Глянцевый 40pin (NT156WH)",1,4186,4186,880,21.0224558050645,Петров Роман,Выдан
17.01.2024 - 19:55,Заказ,Восстановление цепи питания,1,4073,4073,3572,87.69948440952615,Петров Роман,Выдан
18.01.2024 - 10:11,Заказ,Кабель USB - Lightning (Foxconn),1,584,584,433,74.14383561643835,Сидоров Алексей,Выдан
18.01.2024 - 10:44,Заказ,Восстановление цепи питания,1,4599,4599,4081,88.73668188736681,Сидоров Алексей,Выдан
18.01.2024 - 10:53,Заказ,Диагностика,2,524,1048,1048,100.0,Администратор,Выдан
18.01.2024 - 13:38,Заказ,Восстановление цепи питания,1,4189,4189,3679,87.82525662449272,Сидоров Алексей,Выдан
18.01.2024 - 14:00,Заказ,Замена разъема зарядки (MicroUSB/Type-C),1,1257,1257,1160,92.28321400159109,Администратор,Выдан
18.01.2024 - 14:51,Заказ,Чистка системы охлаждения с заменой термопасты,1,1355,1355,1257,92.76752767527675,Сидоров Алексей,Выдан
18.01.2024 - 18:07,Заказ,Блок питания Apple 20W (Copy),1,1219,1219,807,66.20180475799836,Иванов Сергей,Выдан
18.01.2024 - 19:23,Заказ,Дисплей iPhone 11 (Копия AAA),1,2312,2312,977,42.25778546712803,Администратор,Выдан
19.01.2024 - 14:10,Заказ,Восстановление цепи питания,1,4533,4533,4016,88.5947496139422,Администратор,Выдан
19.01.2024 - 14:55,Заказ,Наклейка защитного стекла (Услуга),1,200,200,200,100.0,Петров Роман,Выдан
19.01.2024 - 17:30,Продажа,Блок питания Apple 20W (Copy),1,1234,1234,835,67.66612641815234,Петров Роман,
19.01.2024 - 18:33,Заказ,Замена разъема зарядки (MicroUSB/Type-C),1,1198,1198,1097,91.56928213689483,Сидоров Алексей,Выдан
19.01.2024 - 18:41,Заказ,Прошивка Android/iOS,1,927,927,927,100.0,Администратор,Выдан
20.01.2024 - 13:45,Продажа,Кабель USB - Lightning (Foxconn),1,581,581,428,73.66609294320138,Сидоров Алексей,
20.01.2024 - 18:59,Заказ,Диагностика,1,547,547,547,100.0,Сидоров Алексей,Выдан
21.01.2024 - 10:59,Продажа,Блок питания Apple 20W (Copy),1,1190,1190,786,66.05042016806722,Администратор,
21.01.2024 - 11:19,Заказ,Чехол силиконовый прозрачный,1,282,282,222,78.72340425531915,Петров Роман,Выдан
21.01.2024 - 13:53,Заказ,Прошивка Android/iOS,1,959,959,959,100.0,Петров Роман,Выдан
21.01.2024 - 17:56,Продажа,Чехол силиконовый прозрачный,1,305,305,248,81.31147540983606,Сидоров Алексей,
21.01.2024 - 19:19,Заказ,Дисплей iPhone 11 (Копия AAA),1,2512,2512,1164,46.33757961783439,Администратор,Выдан
22.01.2024 - 10:25,Заказ,Кабель USB - Lightning (Foxconn),1,594,594,440,74.07407407407408,Администратор,Выдан
22.01.2024 - 12:04,Заказ,Чехол силиконовый прозрачный,1,301,301,242,80.39867109634552,Сидоров Алексей,Выдан
22.01.2024 - 14:22,Продажа,Кабель USB - Lightning (Foxconn),1,655,655,509,77.70992366412214,Петров Роман,
22.01.2024 - 19:27,Заказ,Чехол силиконовый прозрачный,1,303,303,245,80.85808580858085,Иванов Сергей,Выдан
22.01.2024 - 19:37,Заказ,Наклейка защитного стекла (Услуга),1,211,211,211,100.0,Петров Роман,Выдан
22.01.2024 - 19:54,Заказ,Установка Windows 10/11 + Драйвера,1,1129,1129,1129,100.0,Петров Роман,Выдан
23.01.2024 - 11:20,Заказ,Установка Windows 10/11 + Драйвера,1,1172,1172,1172,100.0,Петров Роман,Выдан
23.01.2024 - 14:16,Продажа,Защитное стекло 3D для iPhone 11/XR,1,511,511,462,90.41095890410958,Сидоров Алексей,
23.01.2024 - 15:42,Продажа,Защитное стекло 3D для iPhone 11/XR,1,547,547,498,91.0420475319927,Петров Роман,
23.01.2024 - 17:38,Продажа,Чехол силиконовый прозрачный,3,315,945,765,80.95238095238095,Администратор,
23.01.2024 - 19:37,Заказ,16GB USB 2.0 Flash Drive SmartBuy,1,428,428,225,52.570093457943926,Петров Роман,Выдан
24.01.2024 - 13:07,Заказ,Установка Windows 10/11 + Драйвера,1,1303,1303,1303,100.0,Петров Роман,Выдан
24.01.2024 - 13:41,Продажа,16GB USB 2.0 Flash Drive SmartBuy,1,494,494,295,59.716599190283404,Иванов Сергей,
24.01.2024 - 18:01,Продажа,Кабель USB - Lightning (Foxconn),2,620,1240,936,75.48387096774194,Петров Роман,
24.01.2024 - 18:03,Продажа,Защитное стекло 3D для iPhone 11/XR,1,482,482,433,89.83402489626556,Иванов Сергей,
24.01.2024 - 18:58,Заказ,Диагностика,1,496,496,496,100.0,Петров Роман,Выдан
24.01.2024 - 19:10,Заказ,"15.6"" WXGA HD LED Глянцевый 40pin (NT156WH)",1,4448,4448,1119,25.157374100719426,Иванов Сергей,Выдан
24.01.2024 - 19:27,Заказ,Наклейка защитного стекла (Услуга),1,182,182,182,100.0,Петров Роман,Выдан
25.01.2024 - 12:28,Продажа,SSD накопитель Kingston 240GB,1,2244,2244,713,31.77361853832442,Петров Роман,
25.01.2024 - 12:37,Продажа,Чехол силиконовый прозрачный,1,273,273,214,78.3882783882784,Администратор,
25.01.2024 - 12:54,Заказ,Наклейка защитного стекла (Услуга),1,215,215,215,100.0,Петров Роман,Выдан
25.01.2024 - 13:58,Заказ,Диагностика,1,457,457,457,100.0,Администратор,Выдан
25.01.2024 - 14:34,Продажа,16GB USB 2.0 Flash Drive SmartBuy,1,415,415,222,53.493975903614455,Администратор,
25.01.2024 - 15:06,Заказ,Дисплей iPhone 11 (Оригинал переклей),1,5484,5484,1834,33.44274252370533,Администратор,Выдан
25.01.2024 - 15:16,Продажа,Чехол силиконовый прозрачный,1,289,289,231,79.93079584775087,Петров Роман,
25.01.2024 - 15:37,Заказ,Чехол силиконовый прозрачный,1,324,324,262,80.8641975308642,Администратор,Выдан
25.01.2024 - 16:40,Заказ,Аккумулятор Samsung Galaxy A51 (EB-BA515),1,1250,1250,715,57.199999999999996,Петров Роман,Выдан
25.01.2024 - 17:39,Заказ,Кабель USB - Lightning (Foxconn),1,542,542,386,71.21771217712177,Сидоров Алексей,Выдан
25.01.2024 - 17:48,Заказ,Диагностика,1,452,452,452,100.0,Администратор,Выдан
25.01.2024 - 18:46,Продажа,Чехол силиконовый прозрачный,1,273,273,216,79.12087912087912,Петров Роман,
26.01.2024 - 10:46,Заказ,"15.6"" WXGA HD LED Глянцевый 40pin (NT156WH)",1,4916,4916,1737,35.33360455655004,Сидоров Алексей,Выдан
26.01.2024 - 11:19,Заказ,Кабель USB - Lightning (Foxconn),1,581,581,433,74.52667814113597,Сидоров Алексей,Выдан
26.01.2024 - 11:52,Заказ,Наклейка защитного стекла (Услуга),1,219,219,219,100.0,Петров Роман,Выдан
26.01.2024 - 13:21,Заказ,16GB USB 2.0 Flash Drive SmartBuy,1,409,409,211,51.58924205378973,Администратор,Выдан
26.01.2024 - 15:20,Продажа,Чехол силиконовый прозрачный,1,299,299,242,80.93645484949833,Петров Роман,
26.01.2024 - 16:07,Заказ,Наклейка защитного стекла (Услуга),1,204,204,204,100.0,Администратор,Выдан
26.01.2024 - 17:08,Заказ,Чехол силиконовый прозрачный,1,270,270,211,78.14814814814814,Петров Роман,Выдан
26.01.2024 - 18:34,Продажа,16GB USB 2.0 Flash Drive SmartBuy,1,409,409,205,50.12224938875306,Администратор,
27.01.2024 - 10:58,Заказ,Замена разъема зарядки (MicroUSB/Type-C),2,1300,2600,2406,92.53846153846153,Сидоров Алексей,Выдан
27.01.2024 - 11:17,Заказ,Дисплей iPhone 11 (Оригинал переклей),1,5994,5994,2307,38.488488488488485,Администратор,Выдан
27.01.2024 - 11:35,Заказ,Блок питания Apple 20W (Copy),1,1198,1198,784,65.4424040066778,Петров Роман,Выдан
27.01.2024 - 12:08,Заказ,Дисплей iPhone 11 (Копия AAA),1,2564,2564,1132,44.14976599063963,Иванов Сергей,Выдан
27.01.2024 - 17:07,Заказ,Чистка системы охлаждения с заменой термопасты,1,1561,1561,1457,93.33760409993593,Администратор,Выдан
28.01.2024 - 10:14,Заказ,Замена разъема зарядки (MicroUSB/Type-C),1,1184,1184,1089,91.97635135135135,Петров Роман,Выдан
28.01.2024 - 12:34,Заказ,Чистка системы охлаждения с заменой термопасты,2,1473,2946,2738,92.93957909029193,Администратор,Выдан
28.01.2024 - 13:53,Заказ,Блок питания Apple 20W (Copy),1,1308,1308,896,68.50152905198776,Администратор,Выдан
28.01.2024 - 15:48,Заказ,Наклейка защитного стекла (Услуга),1,186,186,186,100.0,Иванов Сергей,Выдан
28.01.2024 - 18:33,Заказ,Кабель USB - Lightning (Foxconn),1,623,623,467,74.95987158908507,Петров Роман,Выдан
29.01.2024 - 10:27,Продажа,Кабель USB - Lightning (Foxconn),1,554,554,398,71.84115523465704,Администратор,
29.01.2024 - 11:32,Заказ,Аккумулятор Samsung Galaxy A51 (EB-BA515),1,1099,1099,568,51.68334849863512,Сидоров Алексей,Выдан
29.01.2024 - 13:06,Заказ,Защитное стекло 3D для iPhone 11/XR,1,478,478,430,89.9581589958159,Иванов Сергей,Выдан
29.01.2024 - 14:09,Заказ,Аккумулятор Samsung Galaxy A51 (EB-BA515),1,1241,1241,706,56.88960515713135,Сидоров Алексей,Выдан
29.01.2024 - 15:58,Заказ,Прошивка Android/iOS,1,1049,1049,1049,100.0,Иванов Сергей,Выдан
29.01.2024 - 16:31,Продажа,Защитное стекло 3D для iPhone 11/XR,2,503,1006,906,90.05964214711729,Иванов Сергей,
29.01.2024 - 16:44,Заказ,Наклейка защитного стекла (Услуга),1,210,210,210,100.0,Иванов Сергей,Выдан
29.01.2024 - 17:13,Заказ,Установка Windows 10/11 + Драйвера,1,1272,1272,1272,100.0,Петров Роман,Выдан
29.01.2024 - 17:16,Продажа,Чехол силиконовый прозрачный,1,302,302,243,80.4635761589404,Сидоров Алексей,
29.01.2024 - 17:20,Заказ,Кабель USB - Lightning (Foxconn),1,556,556,403,72.48201438848922,Иванов Сергей,Выдан
29.01.2024 - 17:28,Заказ,Защитное стекло 3D для iPhone 11/XR,1,509,509,458,89.9803536345776,Иванов Сергей,Выдан
30.01.2024 - 13:52,Продажа,Чехол силиконовый прозрачный,2,286,572,448,78.32167832167832,Сидоров Алексей,
30.01.2024 - 16:28,Заказ,Замена разъема зарядки (MicroUSB/Type-C),1,1298,1298,1200,92.44992295839754,Иванов Сергей,Выдан
30.01.2024 - 17:34,Заказ,Замена разъема зарядки (MicroUSB/Type-C),1,1127,1127,1023,90.77196095829636,Петров Роман,Выдан
30.01.2024 - 19:33,Заказ,Чехол силиконовый прозрачный,1,290,290,231,79.65517241379311,Иванов Сергей,Выдан
31.01.2024 - 10:10,Заказ,Чехол силиконовый прозрачный,2,288,576,452,78.47222222222221,Иванов Сергей,Выдан
31.01.2024 - 12:17,Продажа,Кабель USB - Lightning (Foxconn),1,574,574,431,75.08710801393728,Иванов Сергей,
31.01.2024 - 14:27,Продажа,Кабель USB - Lightning (Foxconn),1,630,630,474,75.23809523809524,Иванов Сергей,
31.01.2024 - 17:41,Заказ,Восстановление цепи питания,2,4511,9022,7980,88.45045444469075,Иванов Сергей,Выдан
31.01.2024 - 18:49,Заказ,Блок питания Apple 20W (Copy),1,1161,1161,772,66.4944013781223,Иванов Сергей,Выдан
01.02.2024 - 11:56,Заказ,Замена разъема зарядки (MicroUSB/Type-C),1,1182,1182,1082,91.53976311336717,Администратор,Выдан
01.02.2024 - 12:09,Заказ,Кабель USB - Lightning (Foxconn),1,629,629,477,75.83465818759937,Петров Роман,Выдан
01.02.2024 - 12:18,Продажа,Чехол силиконовый прозрачный,1,287,287,226,78.74564459930313,Сидоров Алексей,
01.02.2024 - 15:54,Заказ,Кабель USB - Lightning (Foxconn),1,643,643,497,77.29393468118197,Сидоров Алексей,Выдан
01.02.2024 - 16:03,Заказ,Наклейка защитного стекла (Услуга),2,213,426,426,100.0,Сидоров Алексей,Выдан
01.02.2024 - 16:39,Заказ,16GB USB 2.0 Flash Drive SmartBuy,1,419,419,223,53.22195704057279,Иванов Сергей,Выдан
01.02.2024 - 18:16,Заказ,Наклейка защитного стекла (Услуга),2,219,438,438,100.0,Петров Роман,Выдан
01.02.2024 - 18:17,Заказ,"15.6"" WXGA HD LED Глянцевый 40pin (NT156WH)",1,4098,4098,877,21.40068326012689,Администратор,Выдан
02.02.2024 - 10:03,Заказ,Чистка системы охлаждения с заменой термопасты,1,1476,1476,1378,93.36043360433605,Сидоров Алексей,Выдан
02.02.2024 - 11:43,Заказ,Кабель USB - Lightning (Foxconn),1,581,581,436,75.04302925989673,Сидоров Алексей,Выдан
02.02.2024 - 12:03,Заказ,Прошивка Android/iOS,1,1098,1098,1098,100.0,Сидоров Алексей,Выдан
02.02.2024 - 12:11,Заказ,Наклейка защитного стекла (Услуга),1,198,198,198,100.0,Администратор,Выдан
02.02.2024 - 14:50,Заказ,Чехол силиконовый прозрачный,1,311,311,253,81.35048231511254,Сидоров Алексей,Выдан
02.02.2024 - 19:42,Заказ,Замена разъема зарядки (MicroUSB/Type-C),1,1151,1151,1052,91.39878366637706,Администратор,Выдан
02.02.2024 - 19:42,Заказ,Замена разъема зарядки (MicroUSB/Type-C),1,1200,1200,1101,91.75,Иванов Сергей,Выдан
03.02.2024 - 10:22,Заказ,Блок питания Apple 20W (Copy),2,1175,2350,1572,66.8936170212766,Иванов Сергей,Выдан
03.02.2024 - 11:04,Заказ,Наклейка защитного стекла (Услуга),1,195,195,195,100.0,Петров Роман,Выдан
03.02.2024 - 11:42,Заказ,Дисплей iPhone 11 (Копия AAA),1,2458,2458,1048,42.63628966639544,Петров Роман,Выдан
04.02.2024 - 10:10,Продажа,Защитное стекло 3D для iPhone 11/XR,1,504,504,455,90.27777777777779,Петров Роман,
04.02.2024 - 13:03,Продажа,16GB USB 2.0 Flash Drive SmartBuy,1,460,460,268,58.26086956521739,Иванов Сергей,
04.02.2024 - 13:19,Заказ,Установка Windows 10/11 + Драйвера,1,1137,1137,1137,100.0,Администратор,Выдан
04.02.2024 - 14:17,Заказ,Диагностика,1,483,483,483,100.0,Сидоров Алексей,Выдан
04.02.2024 - 15:51,Продажа,Кабель USB - Lightning (Foxconn),1,590,590,434,73.5593220338983,Иванов Сергей,
04.02.2024 - 17:39,Заказ,Чистка системы охлаждения с заменой термопасты,1,1465,1465,1362,92.96928327645051,Петров Роман,Выдан
04.02.2024 - 18:54,Заказ,Чистка системы охлаждения с заменой термопасты,1,1460,1460,1359,93.08219178082192,Петров Роман,Выдан
05.02.2024 - 10:48,Заказ,Дисплей iPhone 11 (Копия AAA),1,2552,2552,1181,46.277429467084644,Иванов Сергей,Выдан
05.02.2024 - 12:46,Заказ,Установка Windows 10/11 + Драйвера,1,1314,1314,1314,100.0,Администратор,Выдан
05.02.2024 - 17:01,Продажа,Кабель USB - Lightning (Foxconn),1,637,637,485,76.138147566719,Петров Роман,
05.02.2024 - 18:30,Продажа,Блок питания Apple 20W (Copy),1,1262,1262,872,69.09667194928684,Сидоров Алексей,
05.02.2024 - 18:47,Продажа,Блок питания Apple 20W (Copy),1,1224,1224,825,67.40196078431373,Администратор,
05.02.2024 - 19:12,Заказ,Дисплей iPhone 11 (Оригинал переклей),1,5411,5411,1674,30.93698022546664,Администратор,Выдан
05.02.2024 - 19:52,Заказ,Замена разъема зарядки (MicroUSB/Type-C),2,1173,2346,2150,91.64535379369138,Администратор,Выдан
06.02.2024 - 15:11,Заказ,Чистка системы охлаждения с заменой термопасты,3,1393,4179,3867,92.5340990667624,Иванов Сергей,Выдан
06.02.2024 - 16:15,Заказ,Диагностика,1,512,512,512,100.0,Сидоров Алексей,Выдан
06.02.2024 - 16:25,Продажа,Защитное стекло 3D для iPhone 11/XR,1,516,516,467,90.50387596899225,Сидоров Алексей,
07.02.2024 - 10:17,Заказ,"15.6"" WXGA HD LED Глянцевый 40pin (NT156WH)",1,4641,4641,1557,33.548804137039426,Администратор,Выдан
07.02.2024 - 13:01,Заказ,SSD накопитель Kingston 240GB,1,2396,2396,932,38.898163606010016,Администратор,Выдан
07.02.2024 - 13:43,Заказ,Наклейка защитного стекла (Услуга),1,189,189,189,100.0,Администратор,Выдан
07.02.2024 - 15:00,Продажа,16GB USB 2.0 Flash Drive SmartBuy,2,486,972,568,58.43621399176955,Администратор,
07.02.2024 - 15:17,Заказ,Чехол силиконовый прозрачный,1,293,293,232,79.18088737201366,Администратор,Выдан
07.02.2024 - 16:20,Заказ,Замена разъема зарядки (MicroUSB/Type-C),1,1176,1176,1076,91.49659863945578,Администратор,Выдан
07.02.2024 - 16:46,Заказ,Жесткий диск Seagate BarraCuda 1TB,1,3540,3540,545,15.3954802259887,Иванов Сергей,Выдан
07.02.2024 - 16:50,Заказ,Наклейка защитного стекла (Услуга),1,214,214,214,100.0,Администратор,Выдан
07.02.2024 - 17:28,Продажа,Кабель USB - Lightning (Foxconn),1,580,580,433,74.6551724137931,Сидоров Алексей,
07.02.2024 - 18:04,Заказ,Замена разъема зарядки (MicroUSB/Type-C),1,1252,1252,1153,92.0926517571885,Администратор,Выдан
07.02.2024 - 18:56,Продажа,Защитное стекло 3D для iPhone 11/XR,1,477,477,428,89.72746331236897,Иванов Сергей,
07.02.2024 - 19:33,Продажа,Кабель USB - Lightning (Foxconn),1,616,616,470,76.2987012987013,Сидоров Алексей,
08.02.2024 - 13:41,Заказ,"15.6"" WXGA HD LED Глянцевый 40pin (NT156WH)",1,4865,4865,1715,35.25179856115108,Иванов Сергей,Выдан
08.02.2024 - 14:41,Заказ,Чистка системы охлаждения с заменой термопасты,1,1469,1469,1371,93.3287950987066,Администратор,Выдан
08.02.2024 - 14:53,Заказ,Чистка системы охлаждения с заменой термопасты,1,1529,1529,1425,93.19816873773709,Петров Роман,Выдан
08.02.2024 - 15:10,Заказ,Восстановление цепи питания,2,4794,9588,8620,89.904046725073,Администратор,Выдан
08.02.2024 - 18:35,Заказ,Дисплей iPhone 11 (Копия AAA),1,2608,2608,1207,46.28067484662577,Администратор,Выдан
09.02.2024 - 12:17,Заказ,Диагностика,1,544,544,544,100.0,Администратор,Выдан
09.02.2024 - 13:56,Продажа,Чехол силиконовый прозрачный,1,273,273,212,77.65567765567766,Администратор,
09.02.2024 - 15:51,Заказ,Дисплей iPhone 11 (Копия AAA),1,2536,2536,1132,44.63722397476341,Администратор,Выдан
09.02.2024 - 19:21,Заказ,Аккумулятор Samsung Galaxy A51 (EB-BA515),1,1237,1237,707,57.15440582053355,Сидоров Алексей,Выдан
10.02.2024 - 14:57,Заказ,Защитное стекло 3D для iPhone 11/XR,1,495,495,445,89.8989898989899,Сидоров Алексей,Выдан
10.02.2024 - 15:05,Заказ,Защитное стекло 3D для iPhone 11/XR,2,538,1076,980,91.07806691449815,Иванов Сергей,Выдан
10.02.2024 - 15:11,Заказ,Защитное стекло 3D для iPhone 11/XR,2,487,974,872,89.5277207392197,Петров Роман,Выдан
10.02.2024 - 15:15,Заказ,Диагностика,1,529,529,529,100.0,Сидоров Алексей,Выдан
10.02.2024 - 15:18,Заказ,Диагностика,1,450,450,450,100.0,Администратор,Выдан
10.02.2024 - 16:38,Заказ,Замена разъема зарядки (MicroUSB/Type-C),1,1287,1287,1190,92.46309246309247,Сидоров Алексей,Выдан
11.02.2024 - 10:07,Заказ,Жесткий диск Seagate BarraCuda 1TB,2,3560,7120,1360,19.101123595505616,Сидоров Алексей,Выдан
11.02.2024 - 11:25,Заказ,Установка Windows 10/11 + Драйвера,1,1204,1204,1204,100.0,Петров Роман,Выдан
11.02.2024 - 11:32,Заказ,Защитное стекло 3D для iPhone 11/XR,1,541,541,489,90.38817005545286,Петров Роман,Выдан
11.02.2024 - 16:34,Заказ,Прошивка Android/iOS,3,958,2874,2874,100.0,Сидоров Алексей,Выдан
11.02.2024 - 18:16,Заказ,Наклейка защитного стекла (Услуга),1,204,204,204,100.0,Администратор,Выдан
11.02.2024 - 19:39,Продажа,Кабель USB - Lightning (Foxconn),1,631,631,476,75.43581616481775,Сидоров Алексей,
12.02.2024 - 10:24,Заказ,Наклейка защитного стекла (Услуга),1,219,219,219,100.0,Администратор,Выдан
12.02.2024 - 11:06,Заказ,Диагностика,1,518,518,518,100.0,Иванов Сергей,Выдан
12.02.2024 - 11:13,Продажа,Чехол силиконовый прозрачный,1,297,297,240,80.8080808080808,Сидоров Алексей,
12.02.2024 - 11:26,Заказ,Установка Windows 10/11 + Драйвера,1,1246,1246,1246,100.0,Петров Роман,Выдан
12.02.2024 - 12:32,Заказ,Наклейка защитного стекла (Услуга),1,184,184,184,100.0,Иванов Сергей,Выдан
12.02.2024 - 12:59,Заказ,Дисплей iPhone 11 (Копия AAA),2,2644,5288,2438,46.104387291981844,Администратор,Выдан
12.02.2024 - 13:27,Продажа,SSD накопитель Kingston 240GB,1,2009,2009,499,24.838227974116474,Петров Роман,
12.02.2024 - 15:21,Заказ,Установка Windows 10/11 + Драйвера,1,1162,1162,1162,100.0,Администратор,Выдан
12.02.2024 - 16:21,Заказ,Чистка системы охлаждения с заменой термопасты,1,1581,1581,1483,93.80139152435167,Петров Роман,Выдан
12.02.2024 - 17:46,Заказ,Диагностика,1,526,526,526,100.0,Сидоров Алексей,Выдан
12.02.2024 - 18:38,Заказ,SSD накопитель Kingston 240GB,1,2206,2206,719,32.59292837715322,Администратор,Выдан
13.02.2024 - 15:06,Продажа,Жесткий диск Seagate BarraCuda 1TB,1,4038,4038,1073,26.572560673600794,Иванов Сергей,
13.02.2024 - 17:06,Заказ,Аккумулятор Samsung Galaxy A51 (EB-BA515),1,1227,1227,677,55.17522412387939,Иванов Сергей,Выдан
14.02.2024 - 11:02,Заказ,"15.6"" WXGA HD LED Глянцевый 40pin (NT156WH)",1,4175,4175,1058,25.34131736526946,Сидоров Алексей,Выдан
14.02.2024 - 14:11,Заказ,16GB USB 2.0 Flash Drive SmartBuy,1,446,446,239,53.58744394618834,Администратор,Выдан
14.02.2024 - 14:43,Заказ,Прошивка Android/iOS,3,966,2898,2898,100.0,Иванов Сергей,Выдан
14.02.2024 - 15:27,Заказ,Наклейка защитного стекла (Услуга),1,187,187,187,100.0,Иванов Сергей,Выдан
14.02.2024 - 15:54,Заказ,Диагностика,1,508,508,508,100.0,Сидоров Алексей,Выдан
14.02.2024 - 15:55,Продажа,16GB USB 2.0 Flash Drive SmartBuy,1,406,406,205,50.49261083743842,Администратор,
14.02.2024 - 16:11,Заказ,Замена разъема зарядки (MicroUSB/Type-C),1,1255,1255,1156,92.11155378486056,Иванов Сергей,Выдан
14.02.2024 - 16:12,Заказ,Чистка системы охлаждения с заменой термопасты,1,1488,1488,1390,93.41397849462365,Иванов Сергей,Выдан
14.02.2024 - 17:27,Заказ,Наклейка защитного стекла (Услуга),1,189,189,189,100.0,Администратор,Выдан
14.02.2024 - 18:09,Заказ,Диагностика,1,525,525,525,100.0,Петров Роман,Выдан
14.02.2024 - 19:27,Продажа,Блок питания Apple 20W (Copy),2,1138,2276,1474,64.76274165202109,Петров Роман,
15.02.2024 - 10:19,Заказ,Восстановление цепи питания,1,4396,4396,3896,88.62602365787079,Иванов Сергей,Выдан
15.02.2024 - 11:20,Заказ,Жесткий диск Seagate BarraCuda 1TB,1,4065,4065,1082,26.617466174661747,Сидоров Алексей,Выдан
15.02.2024 - 12:09,Продажа,16GB USB 2.0 Flash Drive SmartBuy,1,444,444,252,56.75675675675676,Иванов Сергей,
15.02.2024 - 13:31,Продажа,Чехол силиконовый прозрачный,1,311,311,254,81.67202572347267,Иванов Сергей,
15.02.2024 - 17:44,Заказ,16GB USB 2.0 Flash Drive SmartBuy,1,430,430,221,51.3953488372093,Сидоров Алексей,Выдан
15.02.2024 - 17:52,Продажа,Чехол силиконовый прозрачный,2,315,630,508,80.63492063492063,Сидоров Алексей,
15.02.2024 - 19:34,Заказ,Диагностика,1,529,529,529,100.0,Администратор,Выдан
16.02.2024 - 15:42,Заказ,Наклейка защитного стекла (Услуга),1,198,198,198,100.0,Администратор,Выдан
16.02.2024 - 15:45,Заказ,Защитное стекло 3D для iPhone 11/XR,1,455,455,408,89.67032967032968,Сидоров Алексей,Выдан
16.02.2024 - 19:24,Продажа,Кабель USB - Lightning (Foxconn),1,556,556,406,73.02158273381295,Иванов Сергей,
17.02.2024 - 11:20,Заказ,Замена разъема зарядки (MicroUSB/Type-C),3,1319,3957,3669,92.72175890826384,Администратор,Выдан
17.02.2024 - 11:26,Заказ,"15.6"" WXGA HD LED Глянцевый 40pin (NT156WH)",1,4551,4551,1457,32.01494177103933,Администратор,Выдан
17.02.2024 - 13:02,Заказ,Чехол силиконовый прозрачный,1,324,324,264,81.48148148148148,Администратор,Выдан
17.02.2024 - 14:43,Заказ,Прошивка Android/iOS,3,1006,3018,3018,100.0,Администратор,Выдан
17.02.2024 - 16:48,Заказ,Диагностика,1,455,455,455,100.0,Сидоров Алексей,Выдан
17.02.2024 - 18:35,Заказ,16GB USB 2.0 Flash Drive SmartBuy,1,439,439,248,56.49202733485193,Администратор,Выдан
18.02.2024 - 10:02,Заказ,Блок питания Apple 20W (Copy),2,1133,2266,1482,65.40158870255958,Сидоров Алексей,Выдан
18.02.2024 - 13:05,Заказ,Наклейка защитного стекла (Услуга),1,203,203,203,100.0,Сидоров Алексей,Выдан
18.02.2024 - 14:54,Заказ,"15.6"" WXGA HD LED Глянцевый 40pin (NT156WH)",1,4260,4260,1020,23.943661971830984,Иванов Сергей,Выдан
18.02.2024 - 15:01,Заказ,Наклейка защитного стекла (Услуга),1,182,182,182,100.0,Иванов Сергей,Выдан
18.02.2024 - 16:19,Заказ,Восстановление цепи питания,1,4551,4551,4027,88.48604702263239,Петров Роман,Выдан
18.02.2024 - 17:46,Заказ,Установка Windows 10/11 + Драйвера,2,1153,2306,2306,100.0,Сидоров Алексей,Выдан
18.02.2024 - 18:55,Заказ,Наклейка защитного стекла (Услуга),1,210,210,210,100.0,Иванов Сергей,Выдан
19.02.2024 - 11:52,Заказ,Прошивка Android/iOS,1,1015,1015,1015,100.0,Администратор,Выдан
19.02.2024 - 14:24,Заказ,Установка Windows 10/11 + Драйвера,1,1114,1114,1114,100.0,Петров Роман,Выдан
19.02.2024 - 16:37,Заказ,Аккумулятор Samsung Galaxy A51 (EB-BA515),2,1168,2336,1218,52.140410958904106,Сидоров Алексей,Выдан
19.02.2024 - 18:00,Продажа,16GB USB 2.0 Flash Drive SmartBuy,1,475,475,283,59.578947368421055,Петров Роман,
20.02.2024 - 15:55,Продажа,Чехол силиконовый прозрачный,1,328,328,268,81.70731707317073,Сидоров Алексей,
20.02.2024 - 17:47,Заказ,Установка Windows 10/11 + Драйвера,1,1259,1259,1259,100.0,Петров Роман,Выдан
20.02.2024 - 19:04,Заказ,Восстановление цепи питания,1,4894,4894,4389,89.68124233755618,Сидоров Алексей,Выдан
21.02.2024 - 10:05,Заказ,Дисплей iPhone 11 (Копия AAA),1,2737,2737,1402,51.22396784800877,Администратор,Выдан
21.02.2024 - 16:54,Заказ,Диагностика,1,545,545,545,100.0,Сидоров Алексей,Выдан
21.02.2024 - 17:56,Заказ,Прошивка Android/iOS,1,1057,1057,1057,100.0,Администратор,Выдан
21.02.2024 - 18:32,Заказ,Замена разъема зарядки (MicroUSB/Type-C),1,1140,1140,1043,91.49122807017544,Иванов Сергей,Выдан
22.02.2024 - 15:29,Заказ,Установка Windows 10/11 + Драйвера,1,1216,1216,1216,100.0,Сидоров Алексей,Выдан
22.02.2024 - 18:53,Заказ,Диагностика,1,516,516,516,100.0,Петров Роман,Выдан
22.02.2024 - 19:18,Продажа,16GB USB 2.0 Flash Drive SmartBuy,2,430,860,442,51.3953488372093,Иванов Сергей,
22.02.2024 - 19:45,Заказ,Замена разъема зарядки (MicroUSB/Type-C),1,1180,1180,1076,91.18644067796609,Петров Роман,Выдан
23.02.2024 - 12:41,Продажа,Чехол силиконовый прозрачный,1,301,301,242,80.39867109634552,Иванов Сергей,
23.02.2024 - 14:29,Заказ,Восстановление цепи питания,1,4558,4558,4047,88.78894251864853,Сидоров Алексей,Выдан
23.02.2024 - 16:38,Продажа,Защитное стекло 3D для iPhone 11/XR,1,464,464,416,89.65517241379311,Сидоров Алексей,
24.02.2024 - 11:39,Продажа,SSD накопитель Kingston 240GB,1,2334,2334,891,38.174807197943444,Администратор,
24.02.2024 - 12:11,Заказ,Защитное стекло 3D для iPhone 11/XR,1,522,522,471,90.22988505747126,Иванов Сергей,Выдан
24.02.2024 - 13:13,Заказ,Дисплей iPhone 11 (Копия AAA),1,2383,2383,954,40.03357112882921,Иванов Сергей,Выдан
24.02.2024 - 15:02,Заказ,Дисплей iPhone 11 (Копия AAA),1,2451,2451,999,40.758873929008566,Администратор,Выдан
24.02.2024 - 15:06,Заказ,Замена разъема зарядки (MicroUSB/Type-C),1,1266,1266,1171,92.4960505529226,Администратор,Выдан
24.02.2024 - 15:12,Заказ,Прошивка Android/iOS,1,1018,1018,1018,100.0,Иванов Сергей,Выдан
24.02.2024 - 16:26,Заказ,Диагностика,1,515,515,515,100.0,Администратор,Выдан
24.02.2024 - 18:12,Продажа,Защитное стекло 3D для iPhone 11/XR,1,460,460,408,88.69565217391305,Сидоров Алексей,
25.02.2024 - 12:00,Продажа,16GB USB 2.0 Flash Drive SmartBuy,2,442,884,480,54.29864253393665,Сидоров Алексей,
25.02.2024 - 12:20,Заказ,Прошивка Android/iOS,1,956,956,956,100.0,Администратор,Выдан
25.02.2024 - 14:19,Заказ,Установка Windows 10/11 + Драйвера,1,1103,1103,1103,100.0,Сидоров Алексей,Выдан
25.02.2024 - 14:42,Заказ,Кабель USB - Lightning (Foxconn),1,566,566,422,74.55830388692578,Сидоров Алексей,Выдан
25.02.2024 - 16:10,Заказ,Установка Windows 10/11 + Драйвера,1,1189,1189,1189,100.0,Сидоров Алексей,Выдан
25.02.2024 - 16:25,Заказ,Чистка системы охлаждения с заменой термопасты,1,1393,1393,1294,92.89303661162958,Петров Роман,Выдан
25.02.2024 - 17:04,Заказ,Чехол силиконовый прозрачный,1,314,314,253,80.57324840764332,Сидоров Алексей,Выдан
26.02.2024 - 10:19,Заказ,Наклейка защитного стекла (Услуга),1,214,214,214,100.0,Иванов Сергей,Выдан
26.02.2024 - 10:48,Продажа,Защитное стекло 3D для iPhone 11/XR,3,467,1401,1248,89.07922912205566,Сидоров Алексей,
26.02.2024 - 12:13,Заказ,Чехол силиконовый прозрачный,1,325,325,266,81.84615384615384,Администратор,Выдан
26.02.2024 - 12:53,Продажа,Кабель USB - Lightning (Foxconn),1,647,647,499,77.12519319938175,Сидоров Алексей,
26.02.2024 - 13:02,Заказ,Прошивка Android/iOS,1,908,908,908,100.0,Иванов Сергей,Выдан
26.02.2024 - 18:34,Заказ,Восстановление цепи питания,1,4348,4348,3863,88.84544618215271,Сидоров Алексей,Выдан
27.02.2024 - 10:08,Продажа,Чехол силиконовый прозрачный,1,282,282,221,78.36879432624113,Сидоров Алексей,
27.02.2024 - 13:27,Заказ,Чистка системы охлаждения с заменой термопасты,1,1519,1519,1416,93.21922317314022,Петров Роман,Выдан
27.02.2024 - 17:56,Заказ,Защитное стекло 3D для iPhone 11/XR,1,460,460,409,88.91304347826086,Сидоров Алексей,Выдан
27.02.2024 - 19:06,Заказ,Наклейка защитного стекла (Услуга),1,218,218,218,100.0,Петров Роман,Выдан
28.02.2024 - 12:04,Заказ,Установка Windows 10/11 + Драйвера,1,1280,1280,1280,100.0,Сидоров Алексей,Выдан
28.02.2024 - 12:56,Заказ,Диагностика,2,516,1032,1032,100.0,Администратор,Выдан
28.02.2024 - 13:09,Продажа,Защитное стекло 3D для iPhone 11/XR,1,480,480,429,89.375,Иванов Сергей,
28.02.2024 - 13:26,Продажа,Кабель USB - Lightning (Foxconn),1,649,649,496,76.42526964560862,Администратор,
28.02.2024 - 15:14,Продажа,Защитное стекло 3D для iPhone 11/XR,1,491,491,444,90.4276985743381,Сидоров Алексей,
28.02.2024 - 17:08,Заказ,Кабель USB - Lightning (Foxconn),2,550,1100,814,74.0,Сидоров Алексей,Выдан
29.02.2024 - 13:49,Заказ,Чистка системы охлаждения с заменой термопасты,1,1481,1481,1377,92.97771775827144,Иванов Сергей,Выдан
29.02.2024 - 15:18,Заказ,Диагностика,1,510,510,510,100.0,Администратор,Выдан
29.02.2024 - 15:35,Заказ,Чехол силиконовый прозрачный,1,282,282,225,79.7872340425532,Сидоров Алексей,Выдан
29.02.2024 - 17:11,Продажа,Чехол силиконовый прозрачный,1,301,301,244,81.06312292358804,Иванов Сергей,
29.02.2024 - 18:59,Заказ,Чистка системы охлаждения с заменой термопасты,1,1633,1633,1531,93.75382731169627,Иванов Сергей,Выдан
01.03.2024 - 13:10,Продажа,Блок питания Apple 20W (Copy),1,1151,1151,747,64.90008688097306,Сидоров Алексей,
01.03.2024 - 15:25,Заказ,Установка Windows 10/11 + Драйвера,1,1230,1230,1230,100.0,Администратор,Выдан
01.03.2024 - 16:31,Продажа,Чехол силиконовый прозрачный,1,329,329,268,81.45896656534954,Сидоров Алексей,
01.03.2024 - 16:40,Продажа,Защитное стекло 3D для iPhone 11/XR,1,452,452,405,89.60176991150442,Сидоров Алексей,
01.03.2024 - 17:40,Заказ,Аккумулятор Samsung Galaxy A51 (EB-BA515),1,1204,1204,659,54.734219269102994,Администратор,Выдан
02.03.2024 - 11:12,Продажа,Защитное стекло 3D для iPhone 11/XR,2,526,1052,954,90.68441064638783,Администратор,
02.03.2024 - 12:30,Продажа,Кабель USB - Lightning (Foxconn),3,545,1635,1164,71.19266055045873,Петров Роман,
02.03.2024 - 14:19,Заказ,Чехол силиконовый прозрачный,1,327,327,266,81.34556574923548,Сидоров Алексей,Выдан
02.03.2024 - 14:28,Заказ,Чистка системы охлаждения с заменой термопасты,1,1521,1521,1421,93.42537804076265,Администратор,Выдан
02.03.2024 - 14:30,Заказ,Чистка системы охлаждения с заменой термопасты,1,1556,1556,1454,93.44473007712082,Сидоров Алексей,Выдан
02.03.2024 - 16:34,Заказ,Наклейка защитного стекла (Услуга),1,197,197,197,100.0,Петров Роман,Выдан
02.03.2024 - 16:46,Заказ,Чехол силиконовый прозрачный,1,283,283,223,78.79858657243817,Администратор,Выдан
02.03.2024 - 16:58,Заказ,Чехол силиконовый прозрачный,1,300,300,243,81.0,Петров Роман,Выдан
02.03.2024 - 18:45,Продажа,Защитное стекло 3D для iPhone 11/XR,1,451,451,400,88.69179600886919,Администратор,
03.03.2024 - 11:47,Продажа,Защитное стекло 3D для iPhone 11/XR,1,459,459,411,89.54248366013073,Иванов Сергей,
03.03.2024 - 15:47,Продажа,Защитное стекло 3D для iPhone 11/XR,1,466,466,415,89.05579399141631,Администратор,
03.03.2024 - 15:51,Заказ,"15.6"" WXGA HD LED Глянцевый 40pin (NT156WH)",1,4436,4436,1316,29.666366095581605,Иванов Сергей,Выдан
04.03.2024 - 12:27,Заказ,Дисплей iPhone 11 (Оригинал переклей),1,5816,5816,2154,37.035763411279234,Петров Роман,Выдан
04.03.2024 - 12:38,Заказ,Защитное стекло 3D для iPhone 11/XR,1,462,462,412,89.17748917748918,Сидоров Алексей,Выдан
04.03.2024 - 14:13,Заказ,Восстановление цепи питания,3,4611,13833,12369,89.41661244849274,Администратор,Выдан
04.03.2024 - 18:37,Заказ,Прошивка Android/iOS,1,1078,1078,1078,100.0,Сидоров Алексей,Выдан
05.03.2024 - 10:25,Заказ,Восстановление цепи питания,1,4940,4940,4417,89.41295546558705,Администратор,Выдан
05.03.2024 - 11:08,Заказ,Установка Windows 10/11 + Драйвера,1,1233,1233,1233,100.0,Иванов Сергей,Выдан
05.03.2024 - 15:08,Заказ,Дисплей iPhone 11 (Копия AAA),1,2476,2476,1048,42.32633279483037,Петров Роман,Выдан
05.03.2024 - 16:22,Заказ,SSD накопитель Kingston 240GB,1,2325,2325,780,33.5483870967742,Администратор,Выдан
05.03.2024 - 19:49,Заказ,Диагностика,1,455,455,455,100.0,Сидоров Алексей,Выдан
06.03.2024 - 13:27,Заказ,Защитное стекло 3D для iPhone 11/XR,1,451,451,399,88.470066518847,Петров Роман,Выдан
06.03.2024 - 15:00,Заказ,Восстановление цепи питания,1,4713,4713,4217,89.47591767451729,Сидоров Алексей,Выдан
06.03.2024 - 15:12,Продажа,Чехол силиконовый прозрачный,1,291,291,231,79.38144329896907,Сидоров Алексей,
06.03.2024 - 18:24,Заказ,Чистка системы охлаждения с заменой термопасты,1,1528,1528,1428,93.45549738219894,Петров Роман,Выдан
07.03.2024 - 12:15,Продажа,Чехол силиконовый прозрачный,1,292,292,234,80.13698630136986,Петров Роман,
07.03.2024 - 15:59,Заказ,Установка Windows 10/11 + Драйвера,2,1256,2512,2512,100.0,Администратор,Выдан
07.03.2024 - 16:06,Заказ,Наклейка защитного стекла (Услуга),1,185,185,185,100.0,Администратор,Выдан
07.03.2024 - 17:11,Заказ,Замена разъема зарядки (MicroUSB/Type-C),2,1153,2306,2112,91.58716392020814,Сидоров Алексей,Выдан
07.03.2024 - 17:25,Заказ,Диагностика,2,505,1010,1010,100.0,Сидоров Алексей,Выдан
07.03.2024 - 17:56,Продажа,Защитное стекло 3D для iPhone 11/XR,1,545,545,495,90.82568807339449,Иванов Сергей,
07.03.2024 - 19:30,Заказ,Наклейка защитного стекла (Услуга),1,217,217,217,100.0,Сидоров Алексей,Выдан
08.03.2024 - 13:49,Заказ,Прошивка Android/iOS,1,999,999,999,100.0,Петров Роман,Выдан
08.03.2024 - 14:41,Заказ,Жесткий диск Seagate BarraCuda 1TB,1,3965,3965,932,23.505674653215635,Администратор,Выдан
08.03.2024 - 14:54,Заказ,Диагностика,1,496,496,496,100.0,Администратор,Выдан
08.03.2024 - 16:15,Заказ,Восстановление цепи питания,1,4698,4698,4176,88.88888888888889,Администратор,Выдан
08.03.2024 - 16:16,Заказ,Чистка системы охлаждения с заменой термопасты,1,1421,1421,1325,93.2441942294159,Петров Роман,Выдан
08.03.2024 - 19:45,Заказ,Замена разъема зарядки (MicroUSB/Type-C),1,1216,1216,1113,91.5296052631579,Администратор,Выдан
09.03.2024 - 11:57,Заказ,Замена разъема зарядки (MicroUSB/Type-C),1,1191,1191,1091,91.60369437447523,Иванов Сергей,Выдан
09.03.2024 - 12:33,Заказ,Наклейка защитного стекла (Услуга),2,205,410,410,100.0,Иванов Сергей,Выдан
09.03.2024 - 12:55,Заказ,Чистка системы охлаждения с заменой термопасты,2,1574,3148,2952,93.7738246505718,Иванов Сергей,Выдан
09.03.2024 - 13:00,Заказ,Дисплей iPhone 11 (Оригинал переклей),1,5869,5869,2005,34.16254898619867,Петров Роман,Выдан
09.03.2024 - 14:44,Заказ,"15.6"" WXGA HD LED Глянцевый 40pin (NT156WH)",1,4918,4918,1568,31.88287921919479,Администратор,Выдан
09.03.2024 - 14:50,Заказ,Дисплей iPhone 11 (Копия AAA),1,2510,2510,1071,42.669322709163346,Иванов Сергей,Выдан
09.03.2024 - 15:16,Заказ,Наклейка защитного стекла (Услуга),1,184,184,184,100.0,Петров Роман,Выдан
09.03.2024 - 18:31,Заказ,Чехол силиконовый прозрачный,1,291,291,230,79.03780068728523,Сидоров Алексей,Выдан
09.03.2024 - 18:55,Заказ,Прошивка Android/iOS,1,1035,1035,1035,100.0,Иванов Сергей,Выдан
09.03.2024 - 19:41,Продажа,Защитное стекло 3D для iPhone 11/XR,1,519,519,467,89.98073217726397,Сидоров Алексей,
09.03.2024 - 19:52,Заказ,Защитное стекло 3D для iPhone 11/XR,1,515,515,467,90.67961165048544,Сидоров Алексей,Выдан
10.03.2024 - 11:17,Заказ,"15.6"" WXGA HD LED Глянцевый 40pin (NT156WH)",1,4428,4428,1346,30.397470641373083,Администратор,Выдан
10.03.2024 - 11:36,Заказ,Кабель USB - Lightning (Foxconn),1,629,629,483,76.7885532591415,Администратор,Выдан
10.03.2024 - 12:27,Заказ,Наклейка защитного стекла (Услуга),1,213,213,213,100.0,Иванов Сергей,Выдан
10.03.2024 - 16:01,Заказ,Дисплей iPhone 11 (Оригинал переклей),1,5672,5672,2036,35.895627644569814,Сидоров Алексей,Выдан
10.03.2024 - 19:44,Продажа,SSD накопитель Kingston 240GB,1,2351,2351,888,37.7711612079966,Сидоров Алексей,
11.03.2024 - 10:22,Заказ,Наклейка защитного стекла (Услуга),1,193,193,193,100.0,Иванов Сергей,Выдан
11.03.2024 - 11:10,Продажа,Чехол силиконовый прозрачный,1,323,323,266,82.35294117647058,Иванов Сергей,
11.03.2024 - 15:16,Заказ,SSD накопитель Kingston 240GB,1,2162,2162,728,33.672525439407956,Сидоров Алексей,Выдан
11.03.2024 - 16:05,Продажа,Чехол силиконовый прозрачный,1,305,305,243,79.67213114754098,Администратор,
11.03.2024 - 16:11,Продажа,Чехол силиконовый прозрачный,1,308,308,251,81.4935064935065,Петров Роман,
11.03.2024 - 18:51,Заказ,Диагностика,1,495,495,495,100.0,Иванов Сергей,Выдан
11.03.2024 - 19:15,Продажа,Чехол силиконовый прозрачный,1,323,323,262,81.11455108359134,Администратор,
11.03.2024 - 19:53,Продажа,Блок питания Apple 20W (Copy),1,1129,1129,734,65.0132860938884,Сидоров Алексей,
12.03.2024 - 11:34,Заказ,Диагностика,1,503,503,503,100.0,Петров Роман,Выдан
12.03.2024 - 14:31,Заказ,Чехол силиконовый прозрачный,1,314,314,254,80.89171974522293,Петров Роман,Выдан
12.03.2024 - 18:35,Заказ,Блок питания Apple 20W (Copy),1,1214,1214,814,67.0510708401977,Администратор,Выдан
12.03.2024 - 19:12,Продажа,Кабель USB - Lightning (Foxconn),1,541,541,387,71.53419593345656,Петров Роман,
12.03.2024 - 19:49,Заказ,Защитное стекло 3D для iPhone 11/XR,1,473,473,423,89.4291754756871,Петров Роман,Выдан
13.03.2024 - 11:49,Заказ,Чистка системы охлаждения с заменой термопасты,1,1482,1482,1382,93.25236167341431,Иванов Сергей,Выдан
13.03.2024 - 12:01,Заказ,Дисплей iPhone 11 (Копия AAA),1,2477,2477,1009,40.73475979006863,Иванов Сергей,Выдан
13.03.2024 - 13:30,Заказ,Аккумулятор Samsung Galaxy A51 (EB-BA515),1,1086,1086,517,47.605893186003684,Администратор,Выдан
13.03.2024 - 19:17,Заказ,"15.6"" WXGA HD LED Глянцевый 40pin (NT156WH)",1,4532,4532,1381,30.472197705207414,Администратор,Выдан
14.03.2024 - 13:40,Заказ,Чистка системы охлаждения с заменой термопасты,3,1377,4131,3837,92.88307915758897,Администратор,Выдан
14.03.2024 - 15:35,Заказ,Дисплей iPhone 11 (Оригинал переклей),1,5275,5275,1404,26.616113744075832,Сидоров Алексей,Выдан
15.03.2024 - 10:03,Заказ,Защитное стекло 3D для iPhone 11/XR,1,529,529,481,90.92627599243856,Администратор,Выдан
15.03.2024 - 10:30,Заказ,Диагностика,1,529,529,529,100.0,Администратор,Выдан
15.03.2024 - 11:45,Заказ,Диагностика,1,467,467,467,100.0,Сидоров Алексей,Выдан
15.03.2024 - 12:50,Заказ,Аккумулятор Samsung Galaxy A51 (EB-BA515),1,1275,1275,719,56.392156862745104,Администратор,Выдан
15.03.2024 - 13:43,Заказ,Аккумулятор Samsung Galaxy A51 (EB-BA515),2,1299,2598,1462,56.27405696689761,Администратор,Выдан
15.03.2024 - 14:43,Заказ,Чистка системы охлаждения с заменой термопасты,1,1459,1459,1359,93.14599040438657,Сидоров Алексей,Выдан
15.03.2024 - 15:10,Заказ,Наклейка защитного стекла (Услуга),1,195,195,195,100.0,Администратор,Выдан
15.03.2024 - 15:16,Заказ,Чистка системы охлаждения с заменой термопасты,1,1466,1466,1371,93.51978171896317,Сидоров Алексей,Выдан
15.03.2024 - 19:37,Продажа,Жесткий диск Seagate BarraCuda 1TB,2,3502,7004,1378,19.67447173043975,Петров Роман,
16.03.2024 - 11:38,Заказ,Наклейка защитного стекла (Услуга),1,192,192,192,100.0,Администратор,Выдан
16.03.2024 - 12:07,Заказ,Защитное стекло 3D для iPhone 11/XR,1,532,532,481,90.41353383458647,Петров Роман,Выдан
16.03.2024 - 13:30,Заказ,Наклейка защитного стекла (Услуга),1,186,186,186,100.0,Сидоров Алексей,Выдан
16.03.2024 - 13:40,Заказ,Замена разъема зарядки (MicroUSB/Type-C),1,1099,1099,1003,91.26478616924477,Петров Роман,Выдан
16.03.2024 - 13:42,Продажа,16GB USB 2.0 Flash Drive SmartBuy,1,414,414,221,53.3816425120773,Сидоров Алексей,
16.03.2024 - 13:49,Заказ,Замена разъема зарядки (MicroUSB/Type-C),1,1119,1119,1015,90.70598748882931,Сидоров Алексей,Выдан
16.03.2024 - 14:30,Продажа,Чехол силиконовый прозрачный,1,313,313,253,80.83067092651757,Администратор,
16.03.2024 - 18:11,Заказ,Установка Windows 10/11 + Драйвера,1,1257,1257,1257,100.0,Петров Роман,Выдан
17.03.2024 - 10:59,Продажа,Чехол силиконовый прозрачный,1,279,279,222,79.56989247311827,Сидоров Алексей,
17.03.2024 - 11:17,Заказ,Кабель USB - Lightning (Foxconn),1,584,584,435,74.48630136986301,Петров Роман,Выдан
17.03.2024 - 12:15,Заказ,Установка Windows 10/11 + Драйвера,1,1244,1244,1244,100.0,Иванов Сергей,Выдан
17.03.2024 - 12:46,Заказ,SSD накопитель Kingston 240GB,1,2015,2015,478,23.722084367245657,Петров Роман,Выдан
17.03.2024 - 16:53,Заказ,Чехол силиконовый прозрачный,3,300,900,714,79.33333333333333,Сидоров Алексей,Выдан
17.03.2024 - 18:42,Заказ,Замена разъема зарядки (MicroUSB/Type-C),1,1199,1199,1099,91.65971643035863,Администратор,Выдан
18.03.2024 - 12:55,Заказ,"15.6"" WXGA HD LED Глянцевый 40pin (NT156WH)",1,4834,4834,1553,32.12660322714108,Администратор,Выдан
18.03.2024 - 15:52,Заказ,Чистка системы охлаждения с заменой термопасты,1,1527,1527,1430,93.64767518009168,Иванов Сергей,Выдан
18.03.2024 - 16:38,Заказ,Замена разъема зарядки (MicroUSB/Type-C),1,1102,1102,1000,90.74410163339383,Администратор,Выдан
18.03.2024 - 18:37,Продажа,Блок питания Apple 20W (Copy),1,1179,1179,767,65.0551314673452,Сидоров Алексей,
18.03.2024 - 19:01,Заказ,Дисплей iPhone 11 (Копия AAA),1,2740,2740,1375,50.18248175182482,Иванов Сергей,Выдан
19.03.2024 - 10:22,Заказ,Кабель USB - Lightning (Foxconn),1,608,608,453,74.50657894736842,Иванов Сергей,Выдан
19.03.2024 - 10:45,Заказ,Чистка системы охлаждения с заменой термопасты,1,1387,1387,1286,92.71809661139149,Сидоров Алексей,Выдан
19.03.2024 - 12:42,Заказ,Диагностика,1,522,522,522,100.0,Администратор,Выдан
19.03.2024 - 13:42,Заказ,Чехол силиконовый прозрачный,1,280,280,222,79.28571428571428,Сидоров Алексей,Выдан
19.03.2024 - 16:52,Заказ,Чистка системы охлаждения с заменой термопасты,1,1605,1605,1502,93.58255451713396,Петров Роман,Выдан
19.03.2024 - 17:56,Продажа,Защитное стекло 3D для iPhone 11/XR,1,530,530,479,90.37735849056604,Иванов Сергей,
20.03.2024 - 10:09,Заказ,Наклейка защитного стекла (Услуга),2,187,374,374,100.0,Петров Роман,Выдан
20.03.2024 - 10:18,Продажа,Защитное стекло 3D для iPhone 11/XR,1,516,516,466,90.31007751937985,Петров Роман,
20.03.2024 - 11:24,Заказ,Кабель USB - Lightning (Foxconn),1,658,658,504,76.59574468085107,Иванов Сергей,Выдан
20.03.2024 - 15:19,Продажа,Кабель USB - Lightning (Foxconn),1,568,568,416,73.23943661971832,Иванов Сергей,
21.03.2024 - 11:01,Заказ,Защитное стекло 3D для iPhone 11/XR,1,503,503,453,90.05964214711729,Сидоров Алексей,Выдан
21.03.2024 - 13:18,Заказ,Кабель USB - Lightning (Foxconn),2,583,1166,876,75.1286449399657,Сидоров Алексей,Выдан
21.03.2024 - 13:29,Заказ,Чехол силиконовый прозрачный,1,313,313,254,81.15015974440894,Петров Роман,Выдан
21.03.2024 - 14:07,Заказ,Чехол силиконовый прозрачный,1,316,316,259,81.9620253164557,Сидоров Алексей,Выдан
21.03.2024 - 14:40,Заказ,Прошивка Android/iOS,2,980,1960,1960,100.0,Администратор,Выдан
21.03.2024 - 15:26,Заказ,Жесткий диск Seagate BarraCuda 1TB,1,3552,3552,591,16.638513513513516,Администратор,Выдан
21.03.2024 - 15:39,Заказ,Кабель USB - Lightning (Foxconn),1,558,558,408,73.11827956989248,Иванов Сергей,Выдан
21.03.2024 - 15:58,Заказ,Замена разъема зарядки (MicroUSB/Type-C),1,1212,1212,1117,92.16171617161716,Сидоров Алексей,Выдан
21.03.2024 - 16:53,Продажа,Блок питания Apple 20W (Copy),1,1232,1232,835,67.77597402597402,Сидоров Алексей,
21.03.2024 - 18:44,Заказ,16GB USB 2.0 Flash Drive SmartBuy,2,418,836,434,51.91387559808612,Иванов Сергей,Выдан
21.03.2024 - 18:57,Заказ,Замена разъема зарядки (MicroUSB/Type-C),1,1255,1255,1156,92.11155378486056,Петров Роман,Выдан
22.03.2024 - 10:20,Заказ,Замена разъема зарядки (MicroUSB/Type-C),1,1128,1128,1024,90.78014184397163,Петров Роман,Выдан
22.03.2024 - 10:57,Заказ,Дисплей iPhone 11 (Копия AAA),1,2675,2675,1324,49.495327102803735,Администратор,Выдан
22.03.2024 - 11:10,Продажа,Защитное стекло 3D для iPhone 11/XR,1,533,533,486,91.18198874296435,Сидоров Алексей,
22.03.2024 - 12:54,Продажа,Защитное стекло 3D для iPhone 11/XR,1,492,492,443,90.04065040650406,Петров Роман,
22.03.2024 - 13:01,Заказ,Наклейка защитного стекла (Услуга),1,190,190,190,100.0,Петров Роман,Выдан
22.03.2024 - 14:04,Заказ,Блок питания Apple 20W (Copy),1,1251,1251,833,66.58673061550759,Сидоров Алексей,Выдан
22.03.2024 - 14:45,Заказ,Прошивка Android/iOS,1,902,902,902,100.0,Иванов Сергей,Выдан
22.03.2024 - 16:45,Заказ,Кабель USB - Lightning (Foxconn),1,559,559,413,73.8819320214669,Администратор,Выдан
22.03.2024 - 16:50,Заказ,Диагностика,1,490,490,490,100.0,Администратор,Выдан
22.03.2024 - 17:56,Заказ,Чистка системы охлаждения с заменой термопасты,1,1422,1422,1323,93.0379746835443,Петров Роман,Выдан
22.03.2024 - 19:42,Заказ,Наклейка защитного стекла (Услуга),1,183,183,183,100.0,Петров Роман,Выдан
23.03.2024 - 11:24,Заказ,Диагностика,1,464,464,464,100.0,Администратор,Выдан
23.03.2024 - 14:06,Продажа,Чехол силиконовый прозрачный,1,324,324,263,81.17283950617285,Сидоров Алексей,
23.03.2024 - 14:49,Заказ,Защитное стекло 3D для iPhone 11/XR,1,471,471,420,89.171974522293,Сидоров Алексей,Выдан
23.03.2024 - 17:18,Заказ,Замена разъема зарядки (MicroUSB/Type-C),1,1151,1151,1049,91.13814074717637,Администратор,Выдан
23.03.2024 - 17:53,Заказ,Аккумулятор Samsung Galaxy A51 (EB-BA515),1,1179,1179,650,55.13146734520781,Петров Роман,Выдан
24.03.2024 - 11:33,Заказ,Защитное стекло 3D для iPhone 11/XR,1,498,498,446,89.5582329317269,Администратор,Выдан
24.03.2024 - 11:51,Заказ,Замена разъема зарядки (MicroUSB/Type-C),1,1110,1110,1010,90.990990990991,Сидоров Алексей,Выдан
24.03.2024 - 14:14,Заказ,Наклейка защитного стекла (Услуга),1,218,218,218,100.0,Петров Роман,Выдан
24.03.2024 - 14:52,Заказ,Замена разъема зарядки (MicroUSB/Type-C),2,1211,2422,2218,91.57720891824937,Петров Роман,Выдан
24.03.2024 - 14:55,Продажа,Чехол силиконовый прозрачный,1,291,291,232,79.72508591065292,Петров Роман,
24.03.2024 - 15:47,Заказ,Дисплей iPhone 11 (Копия AAA),1,2365,2365,927,39.196617336152215,Администратор,Выдан
24.03.2024 - 16:46,Заказ,Наклейка защитного стекла (Услуга),1,203,203,203,100.0,Петров Роман,Выдан
24.03.2024 - 17:42,Заказ,Кабель USB - Lightning (Foxconn),1,552,552,397,71.92028985507247,Петров Роман,Выдан
24.03.2024 - 18:48,Заказ,Наклейка защитного стекла (Услуга),1,191,191,191,100.0,Иванов Сергей,Выдан
25.03.2024 - 10:16,Заказ,Замена разъема зарядки (MicroUSB/Type-C),1,1195,1195,1099,91.96652719665272,Администратор,Выдан
25.03.2024 - 10:50,Заказ,Кабель USB - Lightning (Foxconn),2,541,1082,790,73.01293900184844,Петров Роман,Выдан
25.03.2024 - 17:30,Заказ,Диагностика,1,522,522,522,100.0,Администратор,Выдан
25.03.2024 - 17:46,Продажа,Защитное стекло 3D для iPhone 11/XR,1,477,477,425,89.09853249475891,Иванов Сергей,
25.03.2024 - 18:10,Заказ,Диагностика,1,482,482,482,100.0,Сидоров Алексей,Выдан
26.03.2024 - 11:34,Заказ,Наклейка защитного стекла (Услуга),2,200,400,400,100.0,Сидоров Алексей,Выдан
26.03.2024 - 14:59,Заказ,16GB USB 2.0 Flash Drive SmartBuy,1,451,451,249,55.210643015521065,Администратор,Выдан
27.03.2024 - 10:16,Заказ,Замена разъема зарядки (MicroUSB/Type-C),2,1209,2418,2218,91.72870140612076,Петров Роман,Выдан
27.03.2024 - 13:13,Продажа,Чехол силиконовый прозрачный,3,272,816,630,77.20588235294117,Петров Роман,
27.03.2024 - 14:52,Продажа,Защитное стекло 3D для iPhone 11/XR,1,540,540,490,90.74074074074075,Петров Роман,
27.03.2024 - 17:16,Заказ,Наклейка защитного стекла (Услуга),1,213,213,213,100.0,Петров Роман,Выдан
27.03.2024 - 18:26,Заказ,Диагностика,1,486,486,486,100.0,Сидоров Алексей,Выдан
27.03.2024 - 18:31,Заказ,Дисплей iPhone 11 (Копия AAA),1,2476,2476,1120,45.23424878836833,Администратор,Выдан
27.03.2024 - 19:33,Заказ,Замена разъема зарядки (MicroUSB/Type-C),1,1174,1174,1070,91.14139693356049,Петров Роман,Выдан
27.03.2024 - 19:38,Продажа,Кабель USB - Lightning (Foxconn),1,552,552,406,73.55072463768117,Петров Роман,
28.03.2024 - 10:06,Продажа,Кабель USB - Lightning (Foxconn),1,572,572,425,74.3006993006993,Иванов Сергей,
28.03.2024 - 12:21,Заказ,Установка Windows 10/11 + Драйвера,1,1306,1306,1306,100.0,Петров Роман,Выдан
28.03.2024 - 13:26,Заказ,Чистка системы охлаждения с заменой термопасты,1,1560,1560,1464,93.84615384615384,Петров Роман,Выдан
28.03.2024 - 15:27,Заказ,Чистка системы охлаждения с заменой термопасты,1,1626,1626,1531,94.15744157441574,Сидоров Алексей,Выдан
29.03.2024 - 10:38,Заказ,Наклейка защитного стекла (Услуга),1,191,191,191,100.0,Петров Роман,Выдан
29.03.2024 - 13:39,Заказ,Установка Windows 10/11 + Драйвера,1,1315,1315,1315,100.0,Администратор,Выдан
29.03.2024 - 13:54,Продажа,Чехол силиконовый прозрачный,1,294,294,233,79.25170068027211,Петров Роман,
29.03.2024 - 14:11,Заказ,Прошивка Android/iOS,1,986,986,986,100.0,Администратор,Выдан
29.03.2024 - 17:13,Продажа,Чехол силиконовый прозрачный,1,299,299,242,80.93645484949833,Петров Роман,
30.03.2024 - 12:49,Заказ,Чистка системы охлаждения с заменой термопасты,1,1409,1409,1305,92.61887863733143,Иванов Сергей,Выдан
30.03.2024 - 14:08,Заказ,Диагностика,1,504,504,504,100.0,Администратор,Выдан
30.03.2024 - 15:09,Заказ,Чехол силиконовый прозрачный,1,310,310,252,81.29032258064515,Петров Роман,Выдан
31.03.2024 - 11:03,Заказ,Чистка системы охлаждения с заменой термопасты,1,1388,1388,1290,92.93948126801152,Сидоров Алексей,Выдан
31.03.2024 - 12:13,Заказ,Диагностика,1,539,539,539,100.0,Иванов Сергей,Выдан
31.03.2024 - 13:35,Продажа,Защитное стекло 3D для iPhone 11/XR,1,468,468,418,89.31623931623932,Иванов Сергей,
31.03.2024 - 13:59,Заказ,Наклейка защитного стекла (Услуга),1,201,201,201,100.0,Администратор,Выдан
31.03.2024 - 15:19,Заказ,Замена разъема зарядки (MicroUSB/Type-C),1,1082,1082,983,90.85027726432531,Администратор,Выдан
31.03.2024 - 15:28,Заказ,Дисплей iPhone 11 (Копия AAA),1,2649,2649,1287,48.58437146092866,Иванов Сергей,Выдан
31.03.2024 - 15:43,Заказ,Кабель USB - Lightning (Foxconn),1,587,587,433,73.7649063032368,Петров Роман,Выдан
01.04.2024 - 10:02,Заказ,Аккумулятор Samsung Galaxy A51 (EB-BA515),1,1141,1141,581,50.920245398773,Сидоров Алексей,Выдан
01.04.2024 - 11:59,Продажа,16GB USB 2.0 Flash Drive SmartBuy,1,479,479,285,59.49895615866389,Сидоров Алексей,
01.04.2024 - 12:22,Заказ,Защитное стекло 3D для iPhone 11/XR,1,474,474,423,89.24050632911393,Петров Роман,Выдан
01.04.2024 - 13:13,Продажа,Блок питания Apple 20W (Copy),1,1184,1184,796,67.22972972972973,Администратор,
01.04.2024 - 16:10,Заказ,Блок питания Apple 20W (Copy),1,1164,1164,777,66.75257731958763,Администратор,Выдан
01.04.2024 - 17:29,Заказ,Диагностика,1,465,465,465,100.0,Сидоров Алексей,Выдан
02.04.2024 - 13:00,Заказ,Блок питания Apple 20W (Copy),1,1319,1319,911,69.0674753601213,Сидоров Алексей,Выдан
02.04.2024 - 13:15,Заказ,Дисплей iPhone 11 (Оригинал переклей),2,4993,9986,2366,23.693170438614057,Сидоров Алексей,Выдан
02.04.2024 - 13:54,Заказ,Диагностика,2,507,1014,1014,100.0,Петров Роман,Выдан
02.04.2024 - 15:12,Заказ,Чистка системы охлаждения с заменой термопасты,1,1494,1494,1396,93.44042838018741,Иванов Сергей,Выдан
02.04.2024 - 16:26,Заказ,SSD накопитель Kingston 240GB,1,1999,1999,557,27.863931965982992,Сидоров Алексей,Выдан
02.04.2024 - 17:36,Заказ,Аккумулятор Samsung Galaxy A51 (EB-BA515),1,1279,1279,756,59.10867865519938,Администратор,Выдан
02.04.2024 - 17:56,Заказ,Наклейка защитного стекла (Услуга),1,204,204,204,100.0,Сидоров Алексей,Выдан
02.04.2024 - 18:12,Заказ,Установка Windows 10/11 + Драйвера,1,1204,1204,1204,100.0,Сидоров Алексей,Выдан
02.04.2024 - 18:31,Заказ,Установка Windows 10/11 + Драйвера,1,1142,1142,1142,100.0,Иванов Сергей,Выдан
02.04.2024 - 18:59,Заказ,Диагностика,1,527,527,527,100.0,Иванов Сергей,Выдан
02.04.2024 - 19:14,Заказ,Установка Windows 10/11 + Драйвера,1,1197,1197,1197,100.0,Сидоров Алексей,Выдан
02.04.2024 - 19:31,Заказ,Чехол силиконовый прозрачный,2,275,550,426,77.45454545454545,Сидоров Алексей,Выдан
03.04.2024 - 16:32,Заказ,Наклейка защитного стекла (Услуга),1,205,205,205,100.0,Администратор,Выдан
03.04.2024 - 17:12,Заказ,Диагностика,1,548,548,548,100.0,Сидоров Алексей,Выдан
03.04.2024 - 19:55,Заказ,Чистка системы охлаждения с заменой термопасты,1,1442,1442,1342,93.06518723994452,Иванов Сергей,Выдан
04.04.2024 - 10:59,Заказ,Восстановление цепи питания,1,4672,4672,4161,89.0625,Сидоров Алексей,Выдан
04.04.2024 - 12:46,Заказ,Аккумулятор Samsung Galaxy A51 (EB-BA515),2,1148,2296,1168,50.87108013937283,Сидоров Алексей,Выдан
04.04.2024 - 13:04,Заказ,Диагностика,1,463,463,463,100.0,Иванов Сергей,Выдан
04.04.2024 - 14:15,Продажа,Чехол силиконовый прозрачный,1,279,279,217,77.77777777777779,Сидоров Алексей,
04.04.2024 - 15:18,Заказ,Замена разъема зарядки (MicroUSB/Type-C),1,1109,1109,1008,90.892696122633,Иванов Сергей,Выдан
04.04.2024 - 18:37,Заказ,Дисплей iPhone 11 (Копия AAA),1,2454,2454,1031,42.013039934800325,Администратор,Выдан
04.04.2024 - 19:45,Заказ,Чистка системы охлаждения с заменой термопасты,1,1400,1400,1303,93.07142857142857,Петров Роман,Выдан
05.04.2024 - 10:13,Заказ,Прошивка Android/iOS,1,1090,1090,1090,100.0,Администратор,Выдан
05.04.2024 - 10:43,Заказ,Наклейка защитного стекла (Услуга),1,182,182,182,100.0,Иванов Сергей,Выдан
05.04.2024 - 12:17,Заказ,Чистка системы охлаждения с заменой термопасты,1,1399,1399,1301,92.99499642601859,Петров Роман,Выдан
05.04.2024 - 12:46,Продажа,Кабель USB - Lightning (Foxconn),1,572,572,423,73.95104895104895,Петров Роман,
05.04.2024 - 14:52,Заказ,SSD накопитель Kingston 240GB,1,2140,2140,591,27.61682242990654,Сидоров Алексей,Выдан
05.04.2024 - 14:57,Заказ,Установка Windows 10/11 + Драйвера,1,1255,1255,1255,100.0,Сидоров Алексей,Выдан
05.04.2024 - 16:51,Заказ,Диагностика,1,454,454,454,100.0,Петров Роман,Выдан
05.04.2024 - 17:15,Заказ,Диагностика,1,544,544,544,100.0,Администратор,Выдан
05.04.2024 - 19:05,Продажа,Защитное стекло 3D для iPhone 11/XR,1,524,524,475,90.64885496183206,Петров Роман,
06.04.2024 - 10:36,Заказ,"15.6"" WXGA HD LED Глянцевый 40pin (NT156WH)",1,4558,4558,1483,32.53620008775779,Администратор,Выдан
07.04.2024 - 11:01,Заказ,Установка Windows 10/11 + Драйвера,1,1137,1137,1137,100.0,Сидоров Алексей,Выдан
07.04.2024 - 12:27,Продажа,Чехол силиконовый прозрачный,1,279,279,218,78.13620071684588,Администратор,
07.04.2024 - 15:46,Заказ,Чистка системы охлаждения с заменой термопасты,2,1352,2704,2508,92.75147928994083,Петров Роман,Выдан
07.04.2024 - 17:40,Заказ,Диагностика,1,498,498,498,100.0,Администратор,Выдан
08.04.2024 - 10:30,Заказ,Аккумулятор Samsung Galaxy A51 (EB-BA515),1,1251,1251,710,56.754596322941644,Сидоров Алексей,Выдан
08.04.2024 - 10:57,Заказ,Кабель USB - Lightning (Foxconn),1,553,553,409,73.96021699819168,Иванов Сергей,Выдан
08.04.2024 - 12:43,Продажа,Чехол силиконовый прозрачный,1,298,298,241,80.87248322147651,Сидоров Алексей,
08.04.2024 - 15:06,Заказ,Защитное стекло 3D для iPhone 11/XR,1,501,501,452,90.21956087824351,Администратор,Выдан
08.04.2024 - 16:21,Заказ,Диагностика,1,520,520,520,100.0,Иванов Сергей,Выдан
08.04.2024 - 18:10,Заказ,SSD накопитель Kingston 240GB,1,2108,2108,618,29.316888045540797,Сидоров Алексей,Выдан
09.04.2024 - 11:03,Продажа,Блок питания Apple 20W (Copy),1,1187,1187,778,65.54338668913226,Администратор,
09.04.2024 - 11:17,Заказ,Замена разъема зарядки (MicroUSB/Type-C),1,1299,1299,1200,92.37875288683603,Иванов Сергей,Выдан
09.04.2024 - 15:28,Заказ,Наклейка защитного стекла (Услуга),2,215,430,430,100.0,Петров Роман,Выдан
09.04.2024 - 17:16,Заказ,Замена разъема зарядки (MicroUSB/Type-C),1,1130,1130,1033,91.41592920353983,Иванов Сергей,Выдан
09.04.2024 - 18:13,Продажа,16GB USB 2.0 Flash Drive SmartBuy,1,485,485,295,60.824742268041234,Иванов Сергей,
09.04.2024 - 18:52,Заказ,Восстановление цепи питания,1,4675,4675,4193,89.68983957219251,Администратор,Выдан
09.04.2024 - 18:58,Заказ,Чехол силиконовый прозрачный,2,312,624,510,81.73076923076923,Сидоров Алексей,Выдан
10.04.2024 - 10:00,Заказ,"15.6"" WXGA HD LED Глянцевый 40pin (NT156WH)",1,4200,4200,1147,27.30952380952381,Петров Роман,Выдан
10.04.2024 - 10:15,Заказ,Прошивка Android/iOS,1,1035,1035,1035,100.0,Администратор,Выдан
10.04.2024 - 12:37,Заказ,Прошивка Android/iOS,2,945,1890,1890,100.0,Петров Роман,Выдан
10.04.2024 - 16:24,Заказ,Замена разъема зарядки (MicroUSB/Type-C),1,1117,1117,1021,91.40555058191585,Администратор,Выдан
10.04.2024 - 16:41,Заказ,Замена разъема зарядки (MicroUSB/Type-C),1,1173,1173,1075,91.64535379369138,Иванов Сергей,Выдан
10.04.2024 - 19:45,Заказ,Дисплей iPhone 11 (Копия AAA),1,2614,2614,1167,44.644223412394794,Администратор,Выдан
11.04.2024 - 11:37,Заказ,Чехол силиконовый прозрачный,1,277,277,219,79.06137184115524,Сидоров Алексей,Выдан
11.04.2024 - 12:20,Продажа,Защитное стекло 3D для iPhone 11/XR,1,537,537,487,90.68901303538175,Иванов Сергей,
11.04.2024 - 13:07,Заказ,"15.6"" WXGA HD LED Глянцевый 40pin (NT156WH)",2,4338,8676,2154,24.827109266943292,Петров Роман,Выдан
11.04.2024 - 13:26,Заказ,16GB USB 2.0 Flash Drive SmartBuy,1,455,455,246,54.065934065934066,Иванов Сергей,Выдан
11.04.2024 - 14:26,Заказ,Прошивка Android/iOS,1,1048,1048,1048,100.0,Сидоров Алексей,Выдан
11.04.2024 - 15:06,Заказ,Диагностика,1,534,534,534,100.0,Петров Роман,Выдан
11.04.2024 - 16:01,Заказ,Блок питания Apple 20W (Copy),1,1283,1283,899,70.0701480904131,Сидоров Алексей,Выдан
11.04.2024 - 16:52,Заказ,Наклейка защитного стекла (Услуга),2,198,396,396,100.0,Петров Роман,Выдан
11.04.2024 - 17:53,Заказ,Восстановление цепи питания,1,4478,4478,4000,89.32559178204555,Администратор,Выдан
12.04.2024 - 10:28,Заказ,Наклейка защитного стекла (Услуга),1,219,219,219,100.0,Петров Роман,Выдан
12.04.2024 - 12:38,Заказ,Установка Windows 10/11 + Драйвера,1,1148,1148,1148,100.0,Петров Роман,Выдан
12.04.2024 - 13:17,Заказ,Восстановление цепи питания,1,4259,4259,3764,88.3775534162949,Петров Роман,Выдан
12.04.2024 - 13:41,Заказ,Аккумулятор Samsung Galaxy A51 (EB-BA515),1,1226,1226,701,57.17781402936378,Сидоров Алексей,Выдан
12.04.2024 - 17:08,Продажа,Блок питания Apple 20W (Copy),1,1131,1131,750,66.3129973474801,Администратор,
12.04.2024 - 17:31,Заказ,Диагностика,1,515,515,515,100.0,Администратор,Выдан
12.04.2024 - 18:56,Заказ,Дисплей iPhone 11 (Копия AAA),1,2264,2264,836,36.92579505300353,Администратор,Выдан
12.04.2024 - 19:08,Продажа,Защитное стекло 3D для iPhone 11/XR,3,526,1578,1428,90.49429657794677,Иванов Сергей,
12.04.2024 - 19:40,Заказ,Наклейка защитного стекла (Услуга),3,187,561,561,100.0,Администратор,Выдан
13.04.2024 - 12:51,Продажа,16GB USB 2.0 Flash Drive SmartBuy,1,447,447,238,53.24384787472036,Администратор,
13.04.2024 - 15:14,Заказ,Восстановление цепи питания,1,4629,4629,4110,88.78807517822423,Сидоров Алексей,Выдан
13.04.2024 - 16:55,Продажа,Блок питания Apple 20W (Copy),1,1106,1106,693,62.65822784810127,Петров Роман,
14.04.2024 - 11:12,Продажа,Чехол силиконовый прозрачный,1,291,291,231,79.38144329896907,Петров Роман,
14.04.2024 - 13:03,Продажа,SSD накопитель Kingston 240GB,1,2316,2316,882,38.082901554404145,Администратор,
14.04.2024 - 13:31,Заказ,Чистка системы охлаждения с заменой термопасты,1,1591,1591,1488,93.52608422375864,Петров Роман,Выдан
14.04.2024 - 14:23,Продажа,Кабель USB - Lightning (Foxconn),1,583,583,427,73.2418524871355,Иванов Сергей,
14.04.2024 - 15:01,Заказ,Чистка системы охлаждения с заменой термопасты,1,1414,1414,1317,93.14002828854314,Сидоров Алексей,Выдан
14.04.2024 - 17:01,Заказ,Блок питания Apple 20W (Copy),1,1106,1106,703,63.5623869801085,Сидоров Алексей,Выдан
14.04.2024 - 19:11,Заказ,Чистка системы охлаждения с заменой термопасты,1,1590,1590,1487,93.52201257861635,Сидоров Алексей,Выдан
15.04.2024 - 11:13,Заказ,Чистка системы охлаждения с заменой термопасты,1,1530,1530,1433,93.66013071895425,Иванов Сергей,Выдан
15.04.2024 - 17:34,Заказ,Восстановление цепи питания,2,4832,9664,8666,89.67301324503312,Петров Роман,Выдан
16.04.2024 - 10:51,Заказ,Дисплей iPhone 11 (Оригинал переклей),1,5062,5062,1102,21.77005136309759,Сидоров Алексей,Выдан
16.04.2024 - 10:59,Заказ,Диагностика,1,486,486,486,100.0,Иванов Сергей,Выдан
16.04.2024 - 12:51,Продажа,Защитное стекло 3D для iPhone 11/XR,1,451,451,400,88.69179600886919,Иванов Сергей,
16.04.2024 - 14:10,Заказ,Чистка системы охлаждения с заменой термопасты,1,1390,1390,1287,92.58992805755396,Петров Роман,Выдан
16.04.2024 - 15:55,Заказ,Чистка системы охлаждения с заменой термопасты,1,1391,1391,1296,93.17038102084831,Сидоров Алексей,Выдан
16.04.2024 - 17:23,Заказ,Замена разъема зарядки (MicroUSB/Type-C),3,1186,3558,3267,91.8212478920742,Иванов Сергей,Выдан
16.04.2024 - 18:25,Заказ,Восстановление цепи питания,1,4734,4734,4249,89.75496408956485,Петров Роман,Выдан
17.04.2024 - 10:42,Заказ,Чистка системы охлаждения с заменой термопасты,1,1480,1480,1381,93.3108108108108,Иванов Сергей,Выдан
17.04.2024 - 10:44,Продажа,Блок питания Apple 20W (Copy),1,1102,1102,714,64.7912885662432,Администратор,
17.04.2024 - 12:22,Заказ,Замена разъема зарядки (MicroUSB/Type-C),1,1191,1191,1090,91.51973131821998,Администратор,Выдан
17.04.2024 - 15:37,Продажа,SSD накопитель Kingston 240GB,1,2097,2097,566,26.990939437291367,Петров Роман,
17.04.2024 - 18:21,Заказ,Дисплей iPhone 11 (Копия AAA),1,2324,2324,993,42.72805507745267,Администратор,Выдан
17.04.2024 - 19:04,Заказ,Прошивка Android/iOS,1,914,914,914,100.0,Администратор,Выдан
18.04.2024 - 10:48,Продажа,Чехол силиконовый прозрачный,1,287,287,228,79.44250871080139,Петров Роман,
18.04.2024 - 13:09,Заказ,Установка Windows 10/11 + Драйвера,2,1225,2450,2450,100.0,Администратор,Выдан
18.04.2024 - 14:25,Заказ,16GB USB 2.0 Flash Drive SmartBuy,1,434,434,225,51.843317972350235,Сидоров Алексей,Выдан
18.04.2024 - 15:04,Заказ,Дисплей iPhone 11 (Копия AAA),1,2532,2532,1068,42.18009478672986,Сидоров Алексей,Выдан
18.04.2024 - 15:17,Заказ,Дисплей iPhone 11 (Копия AAA),1,2642,2642,1245,47.12339137017411,Сидоров Алексей,Выдан
18.04.2024 - 16:58,Заказ,Наклейка защитного стекла (Услуга),2,218,436,436,100.0,Администратор,Выдан
18.04.2024 - 18:00,Заказ,Замена разъема зарядки (MicroUSB/Type-C),1,1170,1170,1068,91.28205128205128,Петров Роман,Выдан
18.04.2024 - 19:41,Заказ,Чистка системы охлаждения с заменой термопасты,2,1387,2774,2574,92.79019466474405,Администратор,Выдан
19.04.2024 - 13:07,Продажа,16GB USB 2.0 Flash Drive SmartBuy,1,456,456,259,56.79824561403509,Администратор,
19.04.2024 - 13:18,Заказ,Чехол силиконовый прозрачный,2,314,628,504,80.2547770700637,Сидоров Алексей,Выдан
19.04.2024 - 14:33,Заказ,Дисплей iPhone 11 (Оригинал переклей),1,4958,4958,1017,20.512303348124245,Сидоров Алексей,Выдан
19.04.2024 - 14:57,Заказ,Аккумулятор Samsung Galaxy A51 (EB-BA515),1,1168,1168,618,52.910958904109584,Сидоров Алексей,Выдан
19.04.2024 - 16:40,Заказ,"15.6"" WXGA HD LED Глянцевый 40pin (NT156WH)",1,4915,4915,1802,36.663275686673444,Сидоров Алексей,Выдан
19.04.2024 - 16:48,Заказ,Чехол силиконовый прозрачный,1,288,288,228,79.16666666666666,Иванов Сергей,Выдан
19.04.2024 - 17:42,Заказ,Защитное стекло 3D для iPhone 11/XR,1,479,479,431,89.97912317327767,Петров Роман,Выдан
19.04.2024 - 19:46,Заказ,16GB USB 2.0 Flash Drive SmartBuy,1,432,432,241,55.78703703703704,Администратор,Выдан
20.04.2024 - 10:05,Заказ,Установка Windows 10/11 + Драйвера,3,1129,3387,3387,100.0,Сидоров Алексей,Выдан
20.04.2024 - 12:47,Заказ,Чехол силиконовый прозрачный,2,307,614,494,80.45602605863192,Иванов Сергей,Выдан
20.04.2024 - 14:37,Заказ,Установка Windows 10/11 + Драйвера,1,1097,1097,1097,100.0,Сидоров Алексей,Выдан
20.04.2024 - 16:42,Продажа,Блок питания Apple 20W (Copy),1,1298,1298,915,70.49306625577813,Петров Роман,
20.04.2024 - 18:07,Продажа,Кабель USB - Lightning (Foxconn),2,614,1228,932,75.8957654723127,Петров Роман,
20.04.2024 - 19:22,Продажа,Чехол силиконовый прозрачный,1,320,320,263,82.1875,Петров Роман,
21.04.2024 - 11:30,Продажа,Блок питания Apple 20W (Copy),1,1255,1255,870,69.32270916334662,Иванов Сергей,
21.04.2024 - 12:59,Заказ,Дисплей iPhone 11 (Оригинал переклей),2,5959,11918,4480,37.590199697935894,Администратор,Выдан
21.04.2024 - 14:40,Заказ,Наклейка защитного стекла (Услуга),1,214,214,214,100.0,Сидоров Алексей,Выдан
21.04.2024 - 16:51,Заказ,Установка Windows 10/11 + Драйвера,1,1089,1089,1089,100.0,Сидоров Алексей,Выдан
21.04.2024 - 17:19,Заказ,Кабель USB - Lightning (Foxconn),1,596,596,453,76.00671140939598,Сидоров Алексей,Выдан
21.04.2024 - 17:25,Заказ,Чистка системы охлаждения с заменой термопасты,1,1594,1594,1498,93.97741530740275,Иванов Сергей,Выдан
22.04.2024 - 15:28,Заказ,Замена разъема зарядки (MicroUSB/Type-C),1,1192,1192,1089,91.35906040268456,Сидоров Алексей,Выдан
22.04.2024 - 17:57,Заказ,Кабель USB - Lightning (Foxconn),1,653,653,508,77.7947932618683,Петров Роман,Выдан
23.04.2024 - 16:11,Заказ,Чехол силиконовый прозрачный,1,311,311,254,81.67202572347267,Петров Роман,Выдан
23.04.2024 - 16:47,Заказ,Блок питания Apple 20W (Copy),1,1258,1258,851,67.64705882352942,Иванов Сергей,Выдан
23.04.2024 - 18:06,Заказ,Дисплей iPhone 11 (Копия AAA),1,2420,2420,960,39.66942148760331,Иванов Сергей,Выдан
24.04.2024 - 10:00,Заказ,Прошивка Android/iOS,3,952,2856,2856,100.0,Сидоров Алексей,Выдан
24.04.2024 - 11:02,Продажа,Защитное стекло 3D для iPhone 11/XR,1,515,515,463,89.90291262135922,Петров Роман,
24.04.2024 - 13:25,Продажа,Защитное стекло 3D для iPhone 11/XR,1,468,468,417,89.1025641025641,Администратор,
24.04.2024 - 15:22,Заказ,Наклейка защитного стекла (Услуга),1,201,201,201,100.0,Администратор,Выдан
24.04.2024 - 16:13,Заказ,Диагностика,1,538,538,538,100.0,Сидоров Алексей,Выдан
24.04.2024 - 19:49,Заказ,Прошивка Android/iOS,1,932,932,932,100.0,Администратор,Выдан
25.04.2024 - 11:05,Продажа,Защитное стекло 3D для iPhone 11/XR,1,487,487,437,89.73305954825463,Сидоров Алексей,
25.04.2024 - 12:47,Продажа,Чехол силиконовый прозрачный,1,280,280,222,79.28571428571428,Иванов Сергей,
25.04.2024 - 13:50,Заказ,Чистка системы охлаждения с заменой термопасты,1,1559,1559,1461,93.71391917896086,Иванов Сергей,Выдан
25.04.2024 - 14:31,Продажа,Чехол силиконовый прозрачный,1,294,294,232,78.91156462585033,Иванов Сергей,
25.04.2024 - 14:33,Заказ,SSD накопитель Kingston 240GB,3,2059,6177,1482,23.992229237493927,Петров Роман,Выдан
25.04.2024 - 16:58,Продажа,Блок питания Apple 20W (Copy),1,1255,1255,859,68.44621513944223,Администратор,
26.04.2024 - 12:50,Заказ,Чехол силиконовый прозрачный,1,305,305,248,81.31147540983606,Иванов Сергей,Выдан
26.04.2024 - 13:09,Заказ,Чистка системы охлаждения с заменой термопасты,1,1535,1535,1436,93.55048859934854,Сидоров Алексей,Выдан
26.04.2024 - 14:32,Продажа,Защитное стекло 3D для iPhone 11/XR,1,505,505,458,90.6930693069307,Иванов Сергей,
26.04.2024 - 14:38,Заказ,"15.6"" WXGA HD LED Глянцевый 40pin (NT156WH)",2,4834,9668,3320,34.34009102192801,Иванов Сергей,Выдан
26.04.2024 - 15:00,Продажа,Кабель USB - Lightning (Foxconn),1,657,657,512,77.92998477929984,Петров Роман,
26.04.2024 - 16:36,Заказ,Дисплей iPhone 11 (Оригинал переклей),1,5058,5058,1420,28.074337682878607,Иванов Сергей,Выдан
26.04.2024 - 18:43,Продажа,Кабель USB - Lightning (Foxconn),1,583,583,440,75.47169811320755,Иванов Сергей,
26.04.2024 - 18:59,Заказ,Замена разъема зарядки (MicroUSB/Type-C),1,1142,1142,1040,91.06830122591944,Сидоров Алексей,Выдан
26.04.2024 - 19:19,Заказ,Чехол силиконовый прозрачный,1,301,301,241,80.06644518272425,Сидоров Алексей,Выдан
26.04.2024 - 19:30,Заказ,Чехол силиконовый прозрачный,1,323,323,264,81.73374613003097,Петров Роман,Выдан
27.04.2024 - 10:10,Продажа,Защитное стекло 3D для iPhone 11/XR,1,465,465,414,89.03225806451613,Иванов Сергей,
27.04.2024 - 11:13,Заказ,Наклейка защитного стекла (Услуга),1,190,190,190,100.0,Петров Роман,Выдан
27.04.2024 - 12:27,Заказ,Чехол силиконовый прозрачный,1,325,325,263,80.92307692307692,Сидоров Алексей,Выдан
27.04.2024 - 14:04,Заказ,Чистка системы охлаждения с заменой термопасты,1,1625,1625,1523,93.72307692307692,Петров Роман,Выдан
27.04.2024 - 15:19,Заказ,16GB USB 2.0 Flash Drive SmartBuy,3,460,1380,774,56.086956521739125,Сидоров Алексей,Выдан
27.04.2024 - 15:22,Заказ,"15.6"" WXGA HD LED Глянцевый 40pin (NT156WH)",1,4814,4814,1630,33.859576235978395,Иванов Сергей,Выдан
27.04.2024 - 16:59,Заказ,Установка Windows 10/11 + Драйвера,1,1259,1259,1259,100.0,Сидоров Алексей,Выдан
27.04.2024 - 19:54,Заказ,Защитное стекло 3D для iPhone 11/XR,1,540,540,491,90.92592592592592,Иванов Сергей,Выдан
28.04.2024 - 10:11,Продажа,16GB USB 2.0 Flash Drive SmartBuy,1,448,448,247,55.13392857142857,Сидоров Алексей,
28.04.2024 - 11:09,Продажа,Защитное стекло 3D для iPhone 11/XR,1,518,518,470,90.73359073359073,Петров Роман,
28.04.2024 - 12:12,Заказ,Наклейка защитного стекла (Услуга),1,186,186,186,100.0,Сидоров Алексей,Выдан
28.04.2024 - 13:24,Заказ,Установка Windows 10/11 + Драйвера,2,1265,2530,2530,100.0,Сидоров Алексей,Выдан
28.04.2024 - 13:49,Заказ,Защитное стекло 3D для iPhone 11/XR,1,514,514,464,90.27237354085604,Петров Роман,Выдан
28.04.2024 - 19:27,Заказ,Установка Windows 10/11 + Драйвера,1,1080,1080,1080,100.0,Петров Роман,Выдан
28.04.2024 - 19:40,Заказ,Чехол силиконовый прозрачный,2,293,586,470,80.2047781569966,Петров Роман,Выдан
29.04.2024 - 10:32,Заказ,Восстановление цепи питания,1,4820,4820,4330,89.83402489626556,Администратор,Выдан
29.04.2024 - 11:09,Заказ,Замена разъема зарядки (MicroUSB/Type-C),1,1142,1142,1043,91.33099824868651,Сидоров Алексей,Выдан
29.04.2024 - 11:40,Продажа,16GB USB 2.0 Flash Drive SmartBuy,2,480,960,550,57.291666666666664,Сидоров Алексей,
29.04.2024 - 12:43,Заказ,Наклейка защитного стекла (Услуга),1,209,209,209,100.0,Иванов Сергей,Выдан
29.04.2024 - 14:47,Заказ,Аккумулятор Samsung Galaxy A51 (EB-BA515),1,1166,1166,599,51.37221269296741,Петров Роман,Выдан
29.04.2024 - 16:50,Заказ,Чистка системы охлаждения с заменой термопасты,1,1579,1579,1480,93.73020899303357,Иванов Сергей,Выдан
29.04.2024 - 19:07,Заказ,Восстановление цепи питания,1,4076,4076,3591,88.10107948969578,Иванов Сергей,Выдан
30.04.2024 - 11:01,Заказ,Аккумулятор Samsung Galaxy A51 (EB-BA515),1,1150,1150,589,51.21739130434783,Иванов Сергей,Выдан
30.04.2024 - 13:44,Продажа,Чехол силиконовый прозрачный,1,325,325,267,82.15384615384616,Сидоров Алексей,
30.04.2024 - 15:15,Заказ,Восстановление цепи питания,1,4553,4553,4034,88.60092246870195,Сидоров Алексей,Выдан
30.04.2024 - 15:47,Продажа,Кабель USB - Lightning (Foxconn),1,592,592,441,74.49324324324324,Петров Роман,
30.04.2024 - 17:18,Заказ,Установка Windows 10/11 + Драйвера,1,1248,1248,1248,100.0,Администратор,Выдан
30.04.2024 - 18:59,Заказ,Кабель USB - Lightning (Foxconn),1,591,591,442,74.78849407783417,Администратор,Выдан
01.05.2024 - 10:03,Заказ,Кабель USB - Lightning (Foxconn),1,605,605,459,75.86776859504131,Администратор,Выдан
01.05.2024 - 11:31,Заказ,"15.6"" WXGA HD LED Глянцевый 40pin (NT156WH)",1,4257,4257,946,22.22222222222222,Петров Роман,Выдан
01.05.2024 - 15:47,Заказ,Чехол силиконовый прозрачный,1,318,318,259,81.44654088050315,Администратор,Выдан
01.05.2024 - 16:25,Заказ,Аккумулятор Samsung Galaxy A51 (EB-BA515),1,1231,1231,688,55.88952071486596,Сидоров Алексей,Выдан
01.05.2024 - 17:30,Заказ,Чистка системы охлаждения с заменой термопасты,1,1462,1462,1358,92.88645690834473,Иванов Сергей,Выдан
01.05.2024 - 18:06,Продажа,Жесткий диск Seagate BarraCuda 1TB,1,4175,4175,1263,30.251497005988025,Петров Роман,
02.05.2024 - 11:42,Заказ,Наклейка защитного стекла (Услуга),1,182,182,182,100.0,Администратор,Выдан
02.05.2024 - 16:43,Продажа,Кабель USB - Lightning (Foxconn),1,592,592,436,73.64864864864865,Иванов Сергей,
02.05.2024 - 16:59,Заказ,Чехол силиконовый прозрачный,1,270,270,213,78.88888888888889,Администратор,Выдан
02.05.2024 - 19:00,Заказ,Наклейка защитного стекла (Услуга),1,180,180,180,100.0,Иванов Сергей,Выдан
03.05.2024 - 12:15,Заказ,Прошивка Android/iOS,1,951,951,951,100.0,Петров Роман,Выдан
03.05.2024 - 12:17,Заказ,Установка Windows 10/11 + Драйвера,1,1100,1100,1100,100.0,Иванов Сергей,Выдан
03.05.2024 - 13:14,Заказ,Установка Windows 10/11 + Драйвера,1,1120,1120,1120,100.0,Иванов Сергей,Выдан
03.05.2024 - 14:58,Заказ,SSD накопитель Kingston 240GB,1,2271,2271,782,34.43416996917657,Сидоров Алексей,Выдан
03.05.2024 - 17:08,Заказ,Блок питания Apple 20W (Copy),1,1134,1134,740,65.25573192239858,Петров Роман,Выдан
03.05.2024 - 17:24,Заказ,Восстановление цепи питания,1,4406,4406,3903,88.58374943259192,Администратор,Выдан
03.05.2024 - 19:42,Заказ,Чистка системы охлаждения с заменой термопасты,2,1392,2784,2582,92.74425287356321,Сидоров Алексей,Выдан
04.05.2024 - 10:46,Заказ,Замена разъема зарядки (MicroUSB/Type-C),1,1311,1311,1214,92.60106788710908,Сидоров Алексей,Выдан
04.05.2024 - 13:18,Заказ,Аккумулятор Samsung Galaxy A51 (EB-BA515),1,1270,1270,747,58.818897637795274,Иванов Сергей,Выдан
05.05.2024 - 10:03,Заказ,Блок питания Apple 20W (Copy),2,1179,2358,1590,67.43002544529261,Иванов Сергей,Выдан
05.05.2024 - 10:37,Заказ,16GB USB 2.0 Flash Drive SmartBuy,1,420,420,228,54.285714285714285,Петров Роман,Выдан
05.05.2024 - 10:47,Заказ,Восстановление цепи питания,1,4056,4056,3539,87.2534516765286,Администратор,Выдан
05.05.2024 - 10:48,Продажа,Кабель USB - Lightning (Foxconn),1,625,625,482,77.12,Иванов Сергей,
05.05.2024 - 12:35,Продажа,Защитное стекло 3D для iPhone 11/XR,1,540,540,491,90.92592592592592,Администратор,
05.05.2024 - 15:12,Продажа,SSD накопитель Kingston 240GB,1,2331,2331,767,32.904332904332904,Администратор,
05.05.2024 - 16:03,Заказ,Замена разъема зарядки (MicroUSB/Type-C),1,1229,1229,1128,91.7819365337673,Петров Роман,Выдан
05.05.2024 - 19:37,Заказ,Замена разъема зарядки (MicroUSB/Type-C),2,1176,2352,2158,91.75170068027211,Иванов Сергей,Выдан
06.05.2024 - 10:01,Заказ,16GB USB 2.0 Flash Drive SmartBuy,1,446,446,247,55.381165919282516,Иванов Сергей,Выдан
06.05.2024 - 10:34,Заказ,Замена разъема зарядки (MicroUSB/Type-C),1,1304,1304,1205,92.4079754601227,Петров Роман,Выдан
06.05.2024 - 10:58,Заказ,Чехол силиконовый прозрачный,1,308,308,247,80.1948051948052,Иванов Сергей,Выдан
06.05.2024 - 11:08,Продажа,Чехол силиконовый прозрачный,1,286,286,229,80.06993006993007,Иванов Сергей,
06.05.2024 - 11:49,Заказ,Прошивка Android/iOS,1,1004,1004,1004,100.0,Петров Роман,Выдан
06.05.2024 - 12:24,Заказ,Защитное стекло 3D для iPhone 11/XR,1,523,523,475,90.82217973231359,Петров Роман,Выдан
06.05.2024 - 13:33,Заказ,Прошивка Android/iOS,1,1065,1065,1065,100.0,Иванов Сергей,Выдан
06.05.2024 - 17:37,Заказ,Установка Windows 10/11 + Драйвера,1,1289,1289,1289,100.0,Иванов Сергей,Выдан
06.05.2024 - 19:02,Заказ,Восстановление цепи питания,1,4406,4406,3923,89.03767589650477,Сидоров Алексей,Выдан
06.05.2024 - 19:25,Продажа,16GB USB 2.0 Flash Drive SmartBuy,1,466,466,264,56.65236051502146,Сидоров Алексей,
06.05.2024 - 19:41,Заказ,Чехол силиконовый прозрачный,1,289,289,227,78.54671280276817,Администратор,Выдан
07.05.2024 - 11:47,Заказ,Защитное стекло 3D для iPhone 11/XR,1,504,504,453,89.88095238095238,Петров Роман,Выдан
07.05.2024 - 17:06,Заказ,Восстановление цепи питания,1,4579,4579,4090,89.32081240445513,Петров Роман,Выдан
07.05.2024 - 17:12,Заказ,16GB USB 2.0 Flash Drive SmartBuy,1,408,408,208,50.98039215686274,Администратор,Выдан
08.05.2024 - 10:23,Заказ,Замена разъема зарядки (MicroUSB/Type-C),1,1216,1216,1118,91.94078947368422,Иванов Сергей,Выдан
08.05.2024 - 10:23,Заказ,Защитное стекло 3D для iPhone 11/XR,3,502,1506,1350,89.64143426294821,Иванов Сергей,Выдан
08.05.2024 - 10:59,Продажа,Защитное стекло 3D для iPhone 11/XR,1,472,472,421,89.19491525423729,Администратор,
08.05.2024 - 13:18,Заказ,Установка Windows 10/11 + Драйвера,1,1307,1307,1307,100.0,Петров Роман,Выдан
08.05.2024 - 13:23,Заказ,Дисплей iPhone 11 (Оригинал переклей),1,5823,5823,1860,31.94229778464709,Администратор,Выдан
08.05.2024 - 14:21,Продажа,Чехол силиконовый прозрачный,1,270,270,210,77.77777777777779,Иванов Сергей,
08.05.2024 - 15:37,Заказ,Наклейка защитного стекла (Услуга),1,199,199,199,100.0,Иванов Сергей,Выдан
08.05.2024 - 16:38,Заказ,Установка Windows 10/11 + Драйвера,1,1140,1140,1140,100.0,Иванов Сергей,Выдан
08.05.2024 - 19:14,Заказ,Диагностика,1,482,482,482,100.0,Администратор,Выдан
09.05.2024 - 11:48,Заказ,Блок питания Apple 20W (Copy),1,1284,1284,889,69.2367601246106,Сидоров Алексей,Выдан
09.05.2024 - 19:15,Заказ,Диагностика,1,531,531,531,100.0,Сидоров Алексей,Выдан
09.05.2024 - 19:28,Заказ,Диагностика,1,536,536,536,100.0,Иванов Сергей,Выдан
10.05.2024 - 10:03,Продажа,Защитное стекло 3D для iPhone 11/XR,1,453,453,402,88.74172185430463,Администратор,
10.05.2024 - 10:17,Заказ,Установка Windows 10/11 + Драйвера,1,1265,1265,1265,100.0,Иванов Сергей,Выдан
10.05.2024 - 10:38,Продажа,Кабель USB - Lightning (Foxconn),1,638,638,494,77.4294670846395,Сидоров Алексей,
10.05.2024 - 11:17,Заказ,Жесткий диск Seagate BarraCuda 1TB,1,3942,3942,1005,25.49467275494673,Администратор,Выдан
10.05.2024 - 14:30,Заказ,Чехол силиконовый прозрачный,1,280,280,223,79.64285714285714,Администратор,Выдан
10.05.2024 - 16:26,Заказ,Наклейка защитного стекла (Услуга),2,190,380,380,100.0,Иванов Сергей,Выдан
10.05.2024 - 16:31,Продажа,Защитное стекло 3D для iPhone 11/XR,2,489,978,884,90.38854805725971,Иванов Сергей,
10.05.2024 - 17:34,Заказ,"15.6"" WXGA HD LED Глянцевый 40pin (NT156WH)",1,4472,4472,1388,31.03756708407871,Сидоров Алексей,Выдан
11.05.2024 - 11:07,Продажа,Защитное стекло 3D для iPhone 11/XR,1,539,539,492,91.28014842300557,Администратор,
11.05.2024 - 11:26,Заказ,Установка Windows 10/11 + Драйвера,1,1091,1091,1091,100.0,Администратор,Выдан
11.05.2024 - 13:39,Заказ,Диагностика,1,520,520,520,100.0,Иванов Сергей,Выдан
11.05.2024 - 17:10,Продажа,16GB USB 2.0 Flash Drive SmartBuy,1,417,417,214,51.3189448441247,Петров Роман,
11.05.2024 - 17:31,Заказ,Наклейка защитного стекла (Услуга),1,203,203,203,100.0,Сидоров Алексей,Выдан
11.05.2024 - 18:19,Заказ,Дисплей iPhone 11 (Копия AAA),1,2441,2441,1069,43.79352724293322,Петров Роман,Выдан
11.05.2024 - 19:27,Заказ,Наклейка защитного стекла (Услуга),1,209,209,209,100.0,Администратор,Выдан
12.05.2024 - 10:04,Заказ,Чехол силиконовый прозрачный,2,289,578,460,79.58477508650519,Администратор,Выдан
12.05.2024 - 12:30,Заказ,Установка Windows 10/11 + Драйвера,1,1114,1114,1114,100.0,Иванов Сергей,Выдан
12.05.2024 - 12:35,Продажа,Жесткий диск Seagate BarraCuda 1TB,1,3994,3994,1024,25.63845768652979,Иванов Сергей,
12.05.2024 - 12:46,Продажа,Защитное стекло 3D для iPhone 11/XR,1,500,500,449,89.8,Сидоров Алексей,
12.05.2024 - 15:25,Заказ,Установка Windows 10/11 + Драйвера,1,1307,1307,1307,100.0,Петров Роман,Выдан
12.05.2024 - 16:30,Заказ,Кабель USB - Lightning (Foxconn),1,645,645,494,76.5891472868217,Иванов Сергей,Выдан
12.05.2024 - 17:59,Продажа,SSD накопитель Kingston 240GB,1,2195,2195,758,34.533029612756266,Администратор,
12.05.2024 - 18:15,Заказ,Чистка системы охлаждения с заменой термопасты,1,1370,1370,1266,92.4087591240876,Петров Роман,Выдан
12.05.2024 - 18:49,Заказ,Наклейка защитного стекла (Услуга),1,191,191,191,100.0,Петров Роман,Выдан
13.05.2024 - 11:11,Заказ,Дисплей iPhone 11 (Копия AAA),1,2549,2549,1101,43.19340918007061,Сидоров Алексей,Выдан
13.05.2024 - 17:43,Продажа,Чехол силиконовый прозрачный,1,298,298,237,79.53020134228188,Сидоров Алексей,
13.05.2024 - 18:40,Продажа,Защитное стекло 3D для iPhone 11/XR,1,520,520,473,90.96153846153847,Сидоров Алексей,
14.05.2024 - 11:21,Заказ,Прошивка Android/iOS,1,981,981,981,100.0,Сидоров Алексей,Выдан
14.05.2024 - 12:14,Продажа,Чехол силиконовый прозрачный,1,325,325,265,81.53846153846153,Петров Роман,
14.05.2024 - 12:46,Заказ,Замена разъема зарядки (MicroUSB/Type-C),1,1156,1156,1055,91.26297577854672,Сидоров Алексей,Выдан
14.05.2024 - 12:55,Продажа,Защитное стекло 3D для iPhone 11/XR,1,532,532,481,90.41353383458647,Иванов Сергей,
14.05.2024 - 14:41,Заказ,Установка Windows 10/11 + Драйвера,1,1085,1085,1085,100.0,Сидоров Алексей,Выдан
14.05.2024 - 15:47,Заказ,Блок питания Apple 20W (Copy),1,1208,1208,822,68.04635761589404,Петров Роман,Выдан
14.05.2024 - 16:39,Заказ,Кабель USB - Lightning (Foxconn),1,626,626,475,75.87859424920129,Сидоров Алексей,Выдан
15.05.2024 - 12:34,Заказ,Наклейка защитного стекла (Услуга),1,216,216,216,100.0,Сидоров Алексей,Выдан
15.05.2024 - 17:34,Заказ,Кабель USB - Lightning (Foxconn),1,580,580,430,74.13793103448276,Петров Роман,Выдан
15.05.2024 - 18:09,Заказ,Чистка системы охлаждения с заменой термопасты,1,1613,1613,1513,93.80037197768134,Сидоров Алексей,Выдан
15.05.2024 - 19:09,Заказ,Диагностика,1,478,478,478,100.0,Петров Роман,Выдан
16.05.2024 - 10:04,Заказ,Прошивка Android/iOS,1,989,989,989,100.0,Администратор,Выдан
16.05.2024 - 13:39,Продажа,Кабель USB - Lightning (Foxconn),1,615,615,464,75.44715447154472,Иванов Сергей,
16.05.2024 - 14:36,Продажа,Защитное стекло 3D для iPhone 11/XR,1,450,450,402,89.33333333333333,Сидоров Алексей,
16.05.2024 - 18:54,Заказ,Диагностика,1,532,532,532,100.0,Иванов Сергей,Выдан
17.05.2024 - 10:24,Продажа,Защитное стекло 3D для iPhone 11/XR,1,466,466,416,89.27038626609442,Петров Роман,
17.05.2024 - 11:17,Заказ,Защитное стекло 3D для iPhone 11/XR,3,471,1413,1263,89.38428874734608,Петров Роман,Выдан
17.05.2024 - 12:47,Заказ,Наклейка защитного стекла (Услуга),1,197,197,197,100.0,Петров Роман,Выдан
17.05.2024 - 13:11,Заказ,Замена разъема зарядки (MicroUSB/Type-C),1,1112,1112,1010,90.82733812949641,Петров Роман,Выдан
17.05.2024 - 13:19,Продажа,Защитное стекло 3D для iPhone 11/XR,1,521,521,471,90.40307101727447,Петров Роман,
17.05.2024 - 14:21,Заказ,Установка Windows 10/11 + Драйвера,1,1098,1098,1098,100.0,Иванов Сергей,Выдан
17.05.2024 - 16:28,Заказ,Замена разъема зарядки (MicroUSB/Type-C),1,1089,1089,985,90.44995408631772,Иванов Сергей,Выдан
18.05.2024 - 10:08,Заказ,Чехол силиконовый прозрачный,1,293,293,231,78.839590443686,Петров Роман,Выдан
18.05.2024 - 11:02,Заказ,"15.6"" WXGA HD LED Глянцевый 40pin (NT156WH)",1,4321,4321,1231,28.48877574635501,Иванов Сергей,Выдан
18.05.2024 - 14:34,Заказ,Замена разъема зарядки (MicroUSB/Type-C),1,1114,1114,1012,90.84380610412927,Сидоров Алексей,Выдан
18.05.2024 - 18:14,Заказ,Замена разъема зарядки (MicroUSB/Type-C),1,1128,1128,1024,90.78014184397163,Сидоров Алексей,Выдан
19.05.2024 - 10:50,Продажа,Кабель USB - Lightning (Foxconn),1,634,634,478,75.39432176656152,Сидоров Алексей,
19.05.2024 - 15:22,Заказ,Наклейка защитного стекла (Услуга),1,210,210,210,100.0,Иванов Сергей,Выдан
19.05.2024 - 17:34,Заказ,Установка Windows 10/11 + Драйвера,1,1271,1271,1271,100.0,Петров Роман,Выдан
19.05.2024 - 18:22,Заказ,Чехол силиконовый прозрачный,1,329,329,272,82.67477203647417,Администратор,Выдан
20.05.2024 - 10:42,Продажа,Чехол силиконовый прозрачный,1,289,289,229,79.23875432525952,Петров Роман,
20.05.2024 - 12:27,Заказ,Замена разъема зарядки (MicroUSB/Type-C),1,1148,1148,1048,91.28919860627178,Сидоров Алексей,Выдан
20.05.2024 - 13:58,Продажа,Кабель USB - Lightning (Foxconn),3,647,1941,1515,78.05255023183926,Петров Роман,
20.05.2024 - 16:14,Продажа,Чехол силиконовый прозрачный,1,302,302,241,79.80132450331125,Администратор,
20.05.2024 - 16:21,Заказ,Прошивка Android/iOS,1,1093,1093,1093,100.0,Иванов Сергей,Выдан
20.05.2024 - 17:10,Заказ,Наклейка защитного стекла (Услуга),1,208,208,208,100.0,Сидоров Алексей,Выдан
20.05.2024 - 17:46,Заказ,Диагностика,1,500,500,500,100.0,Петров Роман,Выдан
20.05.2024 - 18:26,Заказ,Жесткий диск Seagate BarraCuda 1TB,1,3936,3936,922,23.42479674796748,Сидоров Алексей,Выдан
20.05.2024 - 19:03,Заказ,Восстановление цепи питания,1,4057,4057,3537,87.18264727631254,Администратор,Выдан
20.05.2024 - 19:48,Заказ,Кабель USB - Lightning (Foxconn),1,589,589,441,74.87266553480475,Администратор,Выдан
21.05.2024 - 13:01,Продажа,Кабель USB - Lightning (Foxconn),1,600,600,443,73.83333333333333,Сидоров Алексей,
21.05.2024 - 14:18,Заказ,Прошивка Android/iOS,1,1086,1086,1086,100.0,Петров Роман,Выдан
21.05.2024 - 14:42,Продажа,16GB USB 2.0 Flash Drive SmartBuy,1,472,472,273,57.83898305084746,Иванов Сергей,
21.05.2024 - 14:49,Заказ,Наклейка защитного стекла (Услуга),1,211,211,211,100.0,Иванов Сергей,Выдан
22.05.2024 - 11:09,Заказ,Диагностика,1,462,462,462,100.0,Иванов Сергей,Выдан
22.05.2024 - 11:47,Продажа,Чехол силиконовый прозрачный,1,323,323,262,81.11455108359134,Петров Роман,
22.05.2024 - 12:59,Заказ,Восстановление цепи питания,2,4690,9380,8382,89.36034115138592,Сидоров Алексей,Выдан
22.05.2024 - 13:44,Заказ,16GB USB 2.0 Flash Drive SmartBuy,1,436,436,242,55.5045871559633,Петров Роман,Выдан
22.05.2024 - 16:09,Заказ,Восстановление цепи питания,1,4586,4586,4106,89.53336240732665,Сидоров Алексей,Выдан
22.05.2024 - 17:26,Заказ,Диагностика,2,461,922,922,100.0,Иванов Сергей,Выдан
22.05.2024 - 18:02,Заказ,Чистка системы охлаждения с заменой термопасты,1,1573,1573,1476,93.83343928798475,Администратор,Выдан
22.05.2024 - 19:18,Заказ,Наклейка защитного стекла (Услуга),1,213,213,213,100.0,Петров Роман,Выдан
22.05.2024 - 19:59,Заказ,Кабель USB - Lightning (Foxconn),1,638,638,485,76.01880877742947,Петров Роман,Выдан
23.05.2024 - 12:18,Продажа,Защитное стекло 3D для iPhone 11/XR,1,536,536,487,90.85820895522389,Администратор,
23.05.2024 - 14:07,Продажа,Жесткий диск Seagate BarraCuda 1TB,1,3805,3805,837,21.99737187910644,Администратор,
23.05.2024 - 16:17,Заказ,SSD накопитель Kingston 240GB,1,2347,2347,894,38.09118023008096,Петров Роман,Выдан
23.05.2024 - 16:29,Заказ,Кабель USB - Lightning (Foxconn),1,581,581,429,73.8382099827883,Сидоров Алексей,Выдан
23.05.2024 - 17:31,Заказ,Диагностика,1,534,534,534,100.0,Сидоров Алексей,Выдан
23.05.2024 - 18:35,Заказ,Замена разъема зарядки (MicroUSB/Type-C),1,1187,1187,1084,91.32266217354676,Петров Роман,Выдан
23.05.2024 - 19:01,Заказ,16GB USB 2.0 Flash Drive SmartBuy,1,421,421,226,53.681710213776725,Сидоров Алексей,Выдан
24.05.2024 - 11:07,Заказ,Аккумулятор Samsung Galaxy A51 (EB-BA515),1,1295,1295,728,56.21621621621622,Петров Роман,Выдан
24.05.2024 - 11:24,Заказ,Установка Windows 10/11 + Драйвера,1,1315,1315,1315,100.0,Администратор,Выдан
24.05.2024 - 13:13,Заказ,Наклейка защитного стекла (Услуга),1,196,196,196,100.0,Сидоров Алексей,Выдан
24.05.2024 - 14:34,Заказ,Чехол силиконовый прозрачный,1,273,273,213,78.02197802197803,Сидоров Алексей,Выдан
24.05.2024 - 15:34,Заказ,Диагностика,1,509,509,509,100.0,Администратор,Выдан
24.05.2024 - 19:50,Продажа,Защитное стекло 3D для iPhone 11/XR,1,455,455,406,89.23076923076924,Администратор,
25.05.2024 - 10:21,Продажа,16GB USB 2.0 Flash Drive SmartBuy,1,423,423,233,55.08274231678487,Сидоров Алексей,
25.05.2024 - 10:21,Продажа,Чехол силиконовый прозрачный,2,313,626,504,80.5111821086262,Петров Роман,
25.05.2024 - 10:24,Заказ,Наклейка защитного стекла (Услуга),1,194,194,194,100.0,Сидоров Алексей,Выдан
25.05.2024 - 13:10,Заказ,SSD накопитель Kingston 240GB,1,2041,2041,559,27.388535031847134,Петров Роман,Выдан
25.05.2024 - 13:33,Заказ,Диагностика,1,525,525,525,100.0,Петров Роман,Выдан
25.05.2024 - 14:47,Заказ,Замена разъема зарядки (MicroUSB/Type-C),1,1123,1123,1025,91.27337488869101,Петров Роман,Выдан
25.05.2024 - 15:45,Заказ,Установка Windows 10/11 + Драйвера,1,1240,1240,1240,100.0,Сидоров Алексей,Выдан
25.05.2024 - 16:33,Заказ,Чехол силиконовый прозрачный,1,328,328,271,82.6219512195122,Петров Роман,Выдан
25.05.2024 - 18:20,Заказ,Чистка системы охлаждения с заменой термопасты,1,1383,1383,1286,92.98626174981923,Петров Роман,Выдан
25.05.2024 - 19:56,Заказ,Кабель USB - Lightning (Foxconn),1,621,621,470,75.68438003220612,Иванов Сергей,Выдан
26.05.2024 - 10:26,Заказ,Защитное стекло 3D для iPhone 11/XR,1,477,477,428,89.72746331236897,Сидоров Алексей,Выдан
26.05.2024 - 13:17,Продажа,Блок питания Apple 20W (Copy),1,1277,1277,887,69.45967110415036,Иванов Сергей,
26.05.2024 - 13:33,Заказ,Дисплей iPhone 11 (Копия AAA),1,2306,2306,917,39.76582827406765,Иванов Сергей,Выдан
26.05.2024 - 13:34,Заказ,Кабель USB - Lightning (Foxconn),1,634,634,488,76.97160883280758,Петров Роман,Выдан
26.05.2024 - 13:38,Продажа,Чехол силиконовый прозрачный,1,323,323,265,82.04334365325077,Сидоров Алексей,
26.05.2024 - 14:29,Продажа,Защитное стекло 3D для iPhone 11/XR,3,507,1521,1368,89.94082840236686,Петров Роман,
26.05.2024 - 17:03,Заказ,Чехол силиконовый прозрачный,1,304,304,245,80.5921052631579,Иванов Сергей,Выдан
26.05.2024 - 19:19,Заказ,Чехол силиконовый прозрачный,1,317,317,260,82.01892744479495,Петров Роман,Выдан
26.05.2024 - 19:26,Заказ,Защитное стекло 3D для iPhone 11/XR,1,511,511,459,89.82387475538161,Сидоров Алексей,Выдан
26.05.2024 - 19:58,Продажа,SSD накопитель Kingston 240GB,1,2153,2153,654,30.376219228982816,Петров Роман,
27.05.2024 - 10:18,Заказ,Дисплей iPhone 11 (Копия AAA),1,2555,2555,1189,46.53620352250489,Сидоров Алексей,Выдан
27.05.2024 - 10:26,Заказ,Прошивка Android/iOS,1,977,977,977,100.0,Администратор,Выдан
27.05.2024 - 11:11,Заказ,Наклейка защитного стекла (Услуга),1,201,201,201,100.0,Сидоров Алексей,Выдан
27.05.2024 - 12:15,Заказ,SSD накопитель Kingston 240GB,1,2382,2382,945,39.67254408060453,Сидоров Алексей,Выдан
27.05.2024 - 19:32,Продажа,16GB USB 2.0 Flash Drive SmartBuy,1,471,471,271,57.537154989384284,Петров Роман,
28.05.2024 - 12:19,Заказ,Прошивка Android/iOS,1,1072,1072,1072,100.0,Администратор,Выдан
28.05.2024 - 19:26,Продажа,Кабель USB - Lightning (Foxconn),1,635,635,483,76.06299212598425,Иванов Сергей,
29.05.2024 - 11:18,Заказ,"15.6"" WXGA HD LED Глянцевый 40pin (NT156WH)",1,4844,4844,1666,34.39306358381503,Сидоров Алексей,Выдан
29.05.2024 - 11:44,Продажа,Чехол силиконовый прозрачный,1,271,271,209,77.12177121771218,Петров Роман,
29.05.2024 - 12:32,Заказ,Чистка системы охлаждения с заменой термопасты,1,1501,1501,1404,93.53764157228514,Сидоров Алексей,Выдан
29.05.2024 - 13:40,Заказ,Замена разъема зарядки (MicroUSB/Type-C),1,1241,1241,1144,92.18372280419017,Администратор,Выдан
29.05.2024 - 15:52,Заказ,Прошивка Android/iOS,1,1090,1090,1090,100.0,Иванов Сергей,Выдан
29.05.2024 - 15:53,Продажа,Кабель USB - Lightning (Foxconn),1,567,567,411,72.4867724867725,Сидоров Алексей,
29.05.2024 - 17:49,Продажа,Защитное стекло 3D для iPhone 11/XR,2,487,974,876,89.93839835728953,Петров Роман,
29.05.2024 - 19:21,Продажа,16GB USB 2.0 Flash Drive SmartBuy,1,470,470,280,59.57446808510638,Иванов Сергей,
30.05.2024 - 12:02,Заказ,Защитное стекло 3D для iPhone 11/XR,1,515,515,466,90.48543689320388,Иванов Сергей,Выдан
30.05.2024 - 12:30,Заказ,Защитное стекло 3D для iPhone 11/XR,1,473,473,423,89.4291754756871,Администратор,Выдан
30.05.2024 - 13:05,Продажа,Защитное стекло 3D для iPhone 11/XR,2,532,1064,968,90.97744360902256,Администратор,
30.05.2024 - 14:54,Заказ,Диагностика,1,488,488,488,100.0,Петров Роман,Выдан
30.05.2024 - 15:19,Заказ,Наклейка защитного стекла (Услуга),1,203,203,203,100.0,Иванов Сергей,Выдан
30.05.2024 - 16:31,Продажа,Защитное стекло 3D для iPhone 11/XR,1,496,496,445,89.71774193548387,Администратор,
30.05.2024 - 16:55,Заказ,Дисплей iPhone 11 (Оригинал переклей),1,5896,5896,2116,35.888738127544094,Петров Роман,Выдан
30.05.2024 - 17:02,Продажа,Кабель USB - Lightning (Foxconn),1,656,656,502,76.52439024390245,Петров Роман,
30.05.2024 - 18:10,Заказ,16GB USB 2.0 Flash Drive SmartBuy,1,437,437,236,54.004576659038904,Петров Роман,Выдан
30.05.2024 - 18:15,Продажа,Кабель USB - Lightning (Foxconn),1,647,647,498,76.97063369397218,Иванов Сергей,
30.05.2024 - 19:34,Заказ,Блок питания Apple 20W (Copy),1,1301,1301,912,70.09992313604918,Сидоров Алексей,Выдан
31.05.2024 - 15:05,Продажа,Защитное стекло 3D для iPhone 11/XR,1,475,475,426,89.6842105263158,Петров Роман,
31.05.2024 - 16:19,Заказ,Защитное стекло 3D для iPhone 11/XR,1,454,454,407,89.64757709251101,Иванов Сергей,Выдан
31.05.2024 - 18:00,Заказ,Чехол силиконовый прозрачный,1,322,322,261,81.05590062111801,Сидоров Алексей,Выдан
31.05.2024 - 19:52,Заказ,Чехол силиконовый прозрачный,1,285,285,227,79.64912280701755,Петров Роман,Выдан
01.06.2024 - 10:31,Заказ,Прошивка Android/iOS,1,940,940,940,100.0,Администратор,Выдан
01.06.2024 - 11:40,Продажа,Чехол силиконовый прозрачный,1,319,319,260,81.50470219435736,Администратор,
01.06.2024 - 12:14,Продажа,Блок питания Apple 20W (Copy),1,1272,1272,891,70.04716981132076,Петров Роман,
01.06.2024 - 12:36,Заказ,Кабель USB - Lightning (Foxconn),1,628,628,475,75.63694267515923,Администратор,Выдан
01.06.2024 - 15:02,Заказ,Замена разъема зарядки (MicroUSB/Type-C),3,1248,3744,3438,91.82692307692307,Администратор,Выдан
01.06.2024 - 17:12,Заказ,Замена разъема зарядки (MicroUSB/Type-C),1,1248,1248,1145,91.74679487179486,Сидоров Алексей,Выдан
01.06.2024 - 17:21,Продажа,Чехол силиконовый прозрачный,1,329,329,269,81.7629179331307,Иванов Сергей,
01.06.2024 - 17:22,Продажа,Защитное стекло 3D для iPhone 11/XR,1,476,476,428,89.91596638655463,Петров Роман,
01.06.2024 - 18:05,Продажа,16GB USB 2.0 Flash Drive SmartBuy,1,493,493,302,61.257606490872206,Иванов Сергей,
02.06.2024 - 10:06,Заказ,Защитное стекло 3D для iPhone 11/XR,1,494,494,445,90.08097165991903,Иванов Сергей,Выдан
02.06.2024 - 12:37,Заказ,Замена разъема зарядки (MicroUSB/Type-C),1,1207,1207,1105,91.54929577464789,Иванов Сергей,Выдан
02.06.2024 - 14:25,Заказ,Кабель USB - Lightning (Foxconn),1,646,646,501,77.55417956656346,Сидоров Алексей,Выдан
02.06.2024 - 19:46,Заказ,Диагностика,1,547,547,547,100.0,Сидоров Алексей,Выдан
03.06.2024 - 12:26,Заказ,Дисплей iPhone 11 (Оригинал переклей),1,5766,5766,1801,31.23482483524107,Иванов Сергей,Выдан
03.06.2024 - 12:36,Заказ,Чистка системы охлаждения с заменой термопасты,1,1586,1586,1484,93.5687263556116,Сидоров Алексей,Выдан
03.06.2024 - 13:21,Продажа,16GB USB 2.0 Flash Drive SmartBuy,1,431,431,223,51.74013921113689,Иванов Сергей,
03.06.2024 - 14:58,Заказ,16GB USB 2.0 Flash Drive SmartBuy,1,493,493,302,61.257606490872206,Сидоров Алексей,Выдан
03.06.2024 - 15:59,Заказ,Чехол силиконовый прозрачный,1,313,313,255,81.46964856230032,Петров Роман,Выдан
03.06.2024 - 18:26,Заказ,Замена разъема зарядки (MicroUSB/Type-C),1,1226,1226,1129,92.08809135399673,Администратор,Выдан
03.06.2024 - 18:31,Заказ,Диагностика,1,478,478,478,100.0,Администратор,Выдан
03.06.2024 - 19:16,Продажа,16GB USB 2.0 Flash Drive SmartBuy,1,487,487,291,59.753593429158116,Иванов Сергей,
04.06.2024 - 13:34,Заказ,Замена разъема зарядки (MicroUSB/Type-C),1,1206,1206,1109,91.95688225538971,Петров Роман,Выдан
04.06.2024 - 13:48,Заказ,Дисплей iPhone 11 (Копия AAA),1,2668,2668,1320,49.47526236881559,Иванов Сергей,Выдан
04.06.2024 - 13:49,Продажа,Чехол силиконовый прозрачный,1,296,296,238,80.4054054054054,Сидоров Алексей,
04.06.2024 - 15:27,Продажа,Чехол силиконовый прозрачный,1,324,324,266,82.09876543209876,Иванов Сергей,
04.06.2024 - 17:22,Продажа,Чехол силиконовый прозрачный,1,289,289,232,80.27681660899654,Иванов Сергей,
04.06.2024 - 18:22,Заказ,Восстановление цепи питания,1,4167,4167,3646,87.4970002399808,Петров Роман,Выдан
04.06.2024 - 18:50,Заказ,Установка Windows 10/11 + Драйвера,1,1275,1275,1275,100.0,Петров Роман,Выдан
04.06.2024 - 19:02,Заказ,Диагностика,1,540,540,540,100.0,Сидоров Алексей,Выдан
04.06.2024 - 19:52,Заказ,Дисплей iPhone 11 (Копия AAA),1,2467,2467,1051,42.602351033644105,Администратор,Выдан
05.06.2024 - 11:20,Заказ,Прошивка Android/iOS,1,1088,1088,1088,100.0,Петров Роман,Выдан
05.06.2024 - 15:47,Заказ,Чехол силиконовый прозрачный,1,320,320,263,82.1875,Иванов Сергей,Выдан
05.06.2024 - 18:42,Заказ,Чистка системы охлаждения с заменой термопасты,1,1421,1421,1317,92.68121041520057,Сидоров Алексей,Выдан
06.06.2024 - 10:11,Заказ,Прошивка Android/iOS,1,1062,1062,1062,100.0,Иванов Сергей,Выдан
06.06.2024 - 11:58,Заказ,Установка Windows 10/11 + Драйвера,1,1112,1112,1112,100.0,Администратор,Выдан
06.06.2024 - 14:41,Заказ,Защитное стекло 3D для iPhone 11/XR,2,522,1044,940,90.03831417624522,Администратор,Выдан
06.06.2024 - 18:26,Заказ,Замена разъема зарядки (MicroUSB/Type-C),1,1290,1290,1195,92.63565891472868,Петров Роман,Выдан
06.06.2024 - 18:50,Заказ,Чехол силиконовый прозрачный,1,304,304,245,80.5921052631579,Администратор,Выдан
06.06.2024 - 19:22,Продажа,16GB USB 2.0 Flash Drive SmartBuy,1,422,422,226,53.55450236966824,Администратор,
07.06.2024 - 10:54,Продажа,Блок питания Apple 20W (Copy),1,1122,1122,726,64.70588235294117,Петров Роман,
07.06.2024 - 12:54,Заказ,Восстановление цепи питания,1,4550,4550,4060,89.23076923076924,Администратор,Выдан
07.06.2024 - 13:58,Заказ,Восстановление цепи питания,1,4926,4926,4451,90.35728786033292,Петров Роман,Выдан
07.06.2024 - 14:42,Продажа,Защитное стекло 3D для iPhone 11/XR,3,500,1500,1350,90.0,Петров Роман,
08.06.2024 - 10:59,Продажа,Блок питания Apple 20W (Copy),1,1195,1195,810,67.78242677824268,Сидоров Алексей,
08.06.2024 - 12:18,Заказ,Установка Windows 10/11 + Драйвера,1,1283,1283,1283,100.0,Иванов Сергей,Выдан
08.06.2024 - 14:05,Заказ,Защитное стекло 3D для iPhone 11/XR,1,518,518,471,90.92664092664093,Иванов Сергей,Выдан
08.06.2024 - 14:50,Заказ,Дисплей iPhone 11 (Копия AAA),2,2451,4902,2142,43.696450428396574,Иванов Сергей,Выдан
09.06.2024 - 11:32,Продажа,Защитное стекло 3D для iPhone 11/XR,1,480,480,429,89.375,Петров Роман,
10.06.2024 - 10:14,Заказ,Дисплей iPhone 11 (Копия AAA),1,2719,2719,1359,49.98161088635528,Петров Роман,Выдан
10.06.2024 - 12:08,Продажа,Блок питания Apple 20W (Copy),1,1236,1236,825,66.74757281553399,Петров Роман,
10.06.2024 - 15:34,Продажа,SSD накопитель Kingston 240GB,1,2011,2011,442,21.979114868224762,Сидоров Алексей,
11.06.2024 - 10:24,Продажа,Блок питания Apple 20W (Copy),1,1101,1101,720,65.39509536784742,Иванов Сергей,
11.06.2024 - 11:02,Продажа,Кабель USB - Lightning (Foxconn),1,656,656,504,76.82926829268293,Сидоров Алексей,
11.06.2024 - 11:45,Заказ,Защитное стекло 3D для iPhone 11/XR,1,494,494,442,89.47368421052632,Иванов Сергей,Выдан
11.06.2024 - 16:19,Заказ,Чехол силиконовый прозрачный,1,327,327,267,81.65137614678899,Сидоров Алексей,Выдан
11.06.2024 - 16:41,Заказ,Установка Windows 10/11 + Драйвера,1,1180,1180,1180,100.0,Петров Роман,Выдан
11.06.2024 - 17:37,Продажа,Кабель USB - Lightning (Foxconn),2,638,1276,976,76.48902821316614,Иванов Сергей,
12.06.2024 - 10:28,Заказ,Прошивка Android/iOS,1,904,904,904,100.0,Администратор,Выдан
12.06.2024 - 10:44,Заказ,Восстановление цепи питания,1,4421,4421,3913,88.5093870165121,Администратор,Выдан
12.06.2024 - 13:01,Заказ,"15.6"" WXGA HD LED Глянцевый 40pin (NT156WH)",1,4393,4393,1069,24.334167994536763,Сидоров Алексей,Выдан
12.06.2024 - 13:13,Заказ,Кабель USB - Lightning (Foxconn),1,652,652,503,77.14723926380368,Петров Роман,Выдан
12.06.2024 - 13:29,Заказ,Чистка системы охлаждения с заменой термопасты,1,1640,1640,1539,93.84146341463413,Петров Роман,Выдан
12.06.2024 - 13:40,Заказ,Установка Windows 10/11 + Драйвера,2,1298,2596,2596,100.0,Иванов Сергей,Выдан
12.06.2024 - 13:58,Продажа,Защитное стекло 3D для iPhone 11/XR,1,464,464,417,89.87068965517241,Иванов Сергей,
12.06.2024 - 14:32,Заказ,16GB USB 2.0 Flash Drive SmartBuy,1,456,456,263,57.675438596491226,Петров Роман,Выдан
12.06.2024 - 16:42,Заказ,Дисплей iPhone 11 (Копия AAA),1,2636,2636,1211,45.94081942336874,Иванов Сергей,Выдан
13.06.2024 - 10:21,Заказ,Диагностика,1,468,468,468,100.0,Сидоров Алексей,Выдан
13.06.2024 - 13:25,Заказ,Установка Windows 10/11 + Драйвера,1,1190,1190,1190,100.0,Иванов Сергей,Выдан
13.06.2024 - 17:28,Продажа,Чехол силиконовый прозрачный,1,326,326,268,82.20858895705521,Сидоров Алексей,
13.06.2024 - 17:59,Продажа,SSD накопитель Kingston 240GB,1,2248,2248,804,35.76512455516014,Петров Роман,
13.06.2024 - 18:49,Заказ,Замена разъема зарядки (MicroUSB/Type-C),1,1090,1090,992,91.00917431192661,Администратор,Выдан
13.06.2024 - 19:50,Продажа,Защитное стекло 3D для iPhone 11/XR,1,547,547,499,91.22486288848263,Петров Роман,
14.06.2024 - 11:24,Продажа,Защитное стекло 3D для iPhone 11/XR,1,464,464,414,89.22413793103449,Сидоров Алексей,
14.06.2024 - 12:15,Заказ,Кабель USB - Lightning (Foxconn),2,644,1288,994,77.17391304347827,Иванов Сергей,Выдан
14.06.2024 - 14:12,Заказ,Чехол силиконовый прозрачный,2,329,658,544,82.67477203647417,Администратор,Выдан
14.06.2024 - 14:24,Заказ,16GB USB 2.0 Flash Drive SmartBuy,1,456,456,254,55.70175438596491,Иванов Сергей,Выдан
14.06.2024 - 14:41,Заказ,Установка Windows 10/11 + Драйвера,1,1278,1278,1278,100.0,Иванов Сергей,Выдан
14.06.2024 - 15:45,Продажа,Чехол силиконовый прозрачный,2,321,642,524,81.61993769470405,Иванов Сергей,
14.06.2024 - 16:34,Продажа,16GB USB 2.0 Flash Drive SmartBuy,1,472,472,271,57.41525423728814,Сидоров Алексей,
14.06.2024 - 16:38,Продажа,Защитное стекло 3D для iPhone 11/XR,1,490,490,439,89.59183673469387,Петров Роман,
14.06.2024 - 19:47,Заказ,Блок питания Apple 20W (Copy),1,1146,1146,763,66.57940663176265,Иванов Сергей,Выдан
15.06.2024 - 11:03,Заказ,Установка Windows 10/11 + Драйвера,1,1084,1084,1084,100.0,Петров Роман,Выдан
15.06.2024 - 12:39,Заказ,Прошивка Android/iOS,1,924,924,924,100.0,Администратор,Выдан
15.06.2024 - 12:50,Заказ,Диагностика,1,505,505,505,100.0,Администратор,Выдан
15.06.2024 - 13:37,Продажа,16GB USB 2.0 Flash Drive SmartBuy,1,421,421,228,54.156769596199524,Сидоров Алексей,
15.06.2024 - 13:40,Продажа,Чехол силиконовый прозрачный,1,285,285,227,79.64912280701755,Петров Роман,
15.06.2024 - 14:34,Заказ,Аккумулятор Samsung Galaxy A51 (EB-BA515),1,1146,1146,589,51.396160558464224,Сидоров Алексей,Выдан
15.06.2024 - 15:53,Продажа,Защитное стекло 3D для iPhone 11/XR,1,463,463,414,89.41684665226782,Петров Роман,
15.06.2024 - 19:12,Заказ,Прошивка Android/iOS,1,979,979,979,100.0,Администратор,Выдан
15.06.2024 - 19:35,Продажа,Жесткий диск Seagate BarraCuda 1TB,1,3745,3745,902,24.085447263017357,Иванов Сергей,
16.06.2024 - 10:09,Заказ,Замена разъема зарядки (MicroUSB/Type-C),1,1130,1130,1034,91.50442477876106,Иванов Сергей,Выдан
16.06.2024 - 14:13,Продажа,Защитное стекло 3D для iPhone 11/XR,1,455,455,408,89.67032967032968,Администратор,
16.06.2024 - 14:52,Заказ,Замена разъема зарядки (MicroUSB/Type-C),1,1288,1288,1192,92.54658385093167,Сидоров Алексей,Выдан
16.06.2024 - 19:56,Заказ,Чистка системы охлаждения с заменой термопасты,1,1549,1549,1446,93.3505487411233,Администратор,Выдан
17.06.2024 - 14:19,Продажа,Кабель USB - Lightning (Foxconn),1,611,611,466,76.2684124386252,Администратор,
17.06.2024 - 19:51,Продажа,Кабель USB - Lightning (Foxconn),1,624,624,468,75.0,Администратор,
18.06.2024 - 10:11,Продажа,Чехол силиконовый прозрачный,1,308,308,251,81.4935064935065,Иванов Сергей,
18.06.2024 - 11:59,Заказ,Чехол силиконовый прозрачный,1,302,302,244,80.79470198675497,Администратор,Выдан
18.06.2024 - 12:15,Заказ,Чистка системы охлаждения с заменой термопасты,1,1617,1617,1513,93.56833642547929,Сидоров Алексей,Выдан
18.06.2024 - 18:00,Заказ,Прошивка Android/iOS,1,971,971,971,100.0,Петров Роман,Выдан
18.06.2024 - 18:05,Продажа,Кабель USB - Lightning (Foxconn),1,571,571,424,74.25569176882661,Иванов Сергей,
18.06.2024 - 18:19,Заказ,Диагностика,1,482,482,482,100.0,Иванов Сергей,Выдан
19.06.2024 - 11:01,Продажа,Защитное стекло 3D для iPhone 11/XR,1,477,477,429,89.937106918239,Иванов Сергей,
19.06.2024 - 12:46,Заказ,Установка Windows 10/11 + Драйвера,1,1250,1250,1250,100.0,Администратор,Выдан
19.06.2024 - 13:26,Заказ,Чистка системы охлаждения с заменой термопасты,1,1585,1585,1484,93.62776025236593,Администратор,Выдан
20.06.2024 - 10:07,Заказ,Чехол силиконовый прозрачный,1,320,320,263,82.1875,Администратор,Выдан
20.06.2024 - 13:33,Продажа,Чехол силиконовый прозрачный,1,285,285,224,78.59649122807018,Петров Роман,
20.06.2024 - 15:27,Продажа,Защитное стекло 3D для iPhone 11/XR,3,500,1500,1359,90.60000000000001,Сидоров Алексей,
20.06.2024 - 16:43,Заказ,16GB USB 2.0 Flash Drive SmartBuy,1,462,462,266,57.57575757575758,Иванов Сергей,Выдан
21.06.2024 - 11:37,Заказ,Диагностика,1,468,468,468,100.0,Администратор,Выдан
21.06.2024 - 11:54,Заказ,Чистка системы охлаждения с заменой термопасты,1,1416,1416,1321,93.2909604519774,Администратор,Выдан
21.06.2024 - 12:43,Продажа,Кабель USB - Lightning (Foxconn),1,607,607,457,75.28830313014826,Петров Роман,
21.06.2024 - 13:22,Заказ,Кабель USB - Lightning (Foxconn),1,563,563,416,73.8898756660746,Петров Роман,Выдан
21.06.2024 - 15:16,Заказ,Диагностика,1,537,537,537,100.0,Администратор,Выдан
21.06.2024 - 16:01,Заказ,Замена разъема зарядки (MicroUSB/Type-C),1,1132,1132,1028,90.81272084805654,Сидоров Алексей,Выдан
21.06.2024 - 16:02,Заказ,Наклейка защитного стекла (Услуга),1,218,218,218,100.0,Иванов Сергей,Выдан
21.06.2024 - 17:07,Заказ,Кабель USB - Lightning (Foxconn),1,652,652,497,76.22699386503068,Иванов Сергей,Выдан
21.06.2024 - 17:52,Заказ,Наклейка защитного стекла (Услуга),1,192,192,192,100.0,Сидоров Алексей,Выдан
22.06.2024 - 10:34,Заказ,Кабель USB - Lightning (Foxconn),1,560,560,412,73.57142857142858,Администратор,Выдан
22.06.2024 - 10:58,Заказ,Замена разъема зарядки (MicroUSB/Type-C),1,1232,1232,1137,92.28896103896103,Иванов Сергей,Выдан
22.06.2024 - 11:40,Продажа,Блок питания Apple 20W (Copy),1,1317,1317,921,69.93166287015946,Иванов Сергей,
22.06.2024 - 12:22,Заказ,"15.6"" WXGA HD LED Глянцевый 40pin (NT156WH)",2,4079,8158,1558,19.097818092669772,Иванов Сергей,Выдан
22.06.2024 - 15:34,Заказ,16GB USB 2.0 Flash Drive SmartBuy,1,492,492,294,59.756097560975604,Петров Роман,Выдан
22.06.2024 - 16:38,Заказ,"15.6"" WXGA HD LED Глянцевый 40pin (NT156WH)",1,4520,4520,1449,32.057522123893804,Администратор,Выдан
22.06.2024 - 17:53,Заказ,"15.6"" WXGA HD LED Глянцевый 40pin (NT156WH)",1,4233,4233,1058,24.99409402315143,Сидоров Алексей,Выдан
22.06.2024 - 18:24,Заказ,Диагностика,1,524,524,524,100.0,Сидоров Алексей,Выдан
22.06.2024 - 18:40,Заказ,Дисплей iPhone 11 (Копия AAA),1,2719,2719,1386,50.97462302317028,Петров Роман,Выдан
22.06.2024 - 19:52,Продажа,Кабель USB - Lightning (Foxconn),1,630,630,480,76.19047619047619,Петров Роман,
23.06.2024 - 13:43,Продажа,Кабель USB - Lightning (Foxconn),1,605,605,455,75.20661157024794,Администратор,
23.06.2024 - 14:48,Заказ,Чехол силиконовый прозрачный,1,297,297,236,79.46127946127946,Администратор,Выдан
23.06.2024 - 15:14,Заказ,Защитное стекло 3D для iPhone 11/XR,1,450,450,402,89.33333333333333,Администратор,Выдан
23.06.2024 - 18:16,Продажа,Чехол силиконовый прозрачный,1,279,279,220,78.85304659498208,Сидоров Алексей,
23.06.2024 - 19:11,Заказ,Чистка системы охлаждения с заменой термопасты,1,1523,1523,1427,93.69665134602758,Иванов Сергей,Выдан
24.06.2024 - 15:01,Заказ,Блок питания Apple 20W (Copy),1,1221,1221,811,66.42096642096642,Администратор,Выдан
25.06.2024 - 15:53,Заказ,Блок питания Apple 20W (Copy),1,1312,1312,911,69.4359756097561,Сидоров Алексей,Выдан
25.06.2024 - 15:57,Заказ,Диагностика,1,540,540,540,100.0,Сидоров Алексей,Выдан
26.06.2024 - 12:08,Заказ,Кабель USB - Lightning (Foxconn),1,588,588,438,74.48979591836735,Иванов Сергей,Выдан
26.06.2024 - 12:41,Заказ,Наклейка защитного стекла (Услуга),1,185,185,185,100.0,Сидоров Алексей,Выдан
26.06.2024 - 13:48,Продажа,16GB USB 2.0 Flash Drive SmartBuy,1,438,438,233,53.19634703196348,Петров Роман,
26.06.2024 - 16:53,Заказ,Наклейка защитного стекла (Услуга),1,207,207,207,100.0,Сидоров Алексей,Выдан
26.06.2024 - 16:54,Заказ,Защитное стекло 3D для iPhone 11/XR,1,478,478,426,89.1213389121339,Иванов Сергей,Выдан
26.06.2024 - 16:58,Заказ,Наклейка защитного стекла (Услуга),1,188,188,188,100.0,Петров Роман,Выдан
26.06.2024 - 17:33,Заказ,Диагностика,1,468,468,468,100.0,Иванов Сергей,Выдан
27.06.2024 - 10:22,Продажа,Кабель USB - Lightning (Foxconn),1,573,573,426,74.3455497382199,Администратор,
27.06.2024 - 12:26,Заказ,Наклейка защитного стекла (Услуга),1,183,183,183,100.0,Сидоров Алексей,Выдан
27.06.2024 - 15:46,Заказ,Чистка системы охлаждения с заменой термопасты,1,1393,1393,1293,92.82124910265614,Иванов Сергей,Выдан
27.06.2024 - 16:04,Заказ,Защитное стекло 3D для iPhone 11/XR,1,504,504,455,90.27777777777779,Иванов Сергей,Выдан
27.06.2024 - 17:42,Заказ,"15.6"" WXGA HD LED Глянцевый 40pin (NT156WH)",2,4189,8378,2156,25.734065409405588,Администратор,Выдан
27.06.2024 - 19:39,Заказ,SSD накопитель Kingston 240GB,1,2416,2416,952,39.40397350993378,Сидоров Алексей,Выдан
28.06.2024 - 11:13,Заказ,Дисплей iPhone 11 (Копия AAA),1,2335,2335,867,37.13062098501071,Администратор,Выдан
28.06.2024 - 12:36,Продажа,SSD накопитель Kingston 240GB,2,2418,4836,1878,38.83374689826303,Петров Роман,
28.06.2024 - 16:21,Продажа,Чехол силиконовый прозрачный,1,313,313,254,81.15015974440894,Иванов Сергей,
28.06.2024 - 17:27,Заказ,Диагностика,1,523,523,523,100.0,Администратор,Выдан
28.06.2024 - 18:48,Продажа,Кабель USB - Lightning (Foxconn),1,639,639,486,76.05633802816901,Сидоров Алексей,
28.06.2024 - 18:59,Заказ,Замена разъема зарядки (MicroUSB/Type-C),1,1277,1277,1179,92.3257635082224,Сидоров Алексей,Выдан
29.06.2024 - 11:49,Заказ,Дисплей iPhone 11 (Оригинал переклей),1,5112,5112,1494,29.225352112676056,Администратор,Выдан
29.06.2024 - 12:20,Заказ,Аккумулятор Samsung Galaxy A51 (EB-BA515),1,1200,1200,635,52.916666666666664,Петров Роман,Выдан
29.06.2024 - 12:44,Продажа,Защитное стекло 3D для iPhone 11/XR,1,545,545,495,90.82568807339449,Администратор,
29.06.2024 - 13:51,Заказ,Замена разъема зарядки (MicroUSB/Type-C),1,1119,1119,1015,90.70598748882931,Администратор,Выдан
29.06.2024 - 15:08,Заказ,Аккумулятор Samsung Galaxy A51 (EB-BA515),2,1251,2502,1408,56.27498001598721,Иванов Сергей,Выдан
29.06.2024 - 15:42,Заказ,Чехол силиконовый прозрачный,1,270,270,213,78.88888888888889,Сидоров Алексей,Выдан
29.06.2024 - 17:11,Заказ,Замена разъема зарядки (MicroUSB/Type-C),1,1092,1092,988,90.47619047619048,Администратор,Выдан
29.06.2024 - 17:56,Заказ,Прошивка Android/iOS,1,1028,1028,1028,100.0,Администратор,Выдан
29.06.2024 - 18:46,Продажа,Защитное стекло 3D для iPhone 11/XR,2,472,944,848,89.83050847457628,Иванов Сергей,
30.06.2024 - 10:09,Заказ,Прошивка Android/iOS,1,970,970,970,100.0,Сидоров Алексей,Выдан
30.06.2024 - 11:09,Заказ,Установка Windows 10/11 + Драйвера,1,1207,1207,1207,100.0,Петров Роман,Выдан
30.06.2024 - 11:13,Заказ,Чистка системы охлаждения с заменой термопасты,1,1378,1378,1282,93.03338171262699,Петров Роман,Выдан
30.06.2024 - 11:49,Заказ,Наклейка защитного стекла (Услуга),1,181,181,181,100.0,Администратор,Выдан
30.06.2024 - 12:01,Заказ,Наклейка защитного стекла (Услуга),1,210,210,210,100.0,Петров Роман,Выдан
30.06.2024 - 12:07,Заказ,Защитное стекло 3D для iPhone 11/XR,1,538,538,490,91.07806691449815,Петров Роман,Выдан
30.06.2024 - 14:10,Заказ,Установка Windows 10/11 + Драйвера,1,1178,1178,1178,100.0,Иванов Сергей,Выдан
30.06.2024 - 14:23,Заказ,Чистка системы охлаждения с заменой термопасты,1,1390,1390,1293,93.02158273381295,Петров Роман,Выдан
30.06.2024 - 15:06,Заказ,Наклейка защитного стекла (Услуга),1,181,181,181,100.0,Иванов Сергей,Выдан
30.06.2024 - 16:32,Заказ,Чистка системы охлаждения с заменой термопасты,1,1641,1641,1542,93.96709323583181,Администратор,Выдан
30.06.2024 - 16:44,Продажа,Защитное стекло 3D для iPhone 11/XR,1,487,487,437,89.73305954825463,Администратор,
01.07.2024 - 10:25,Продажа,Чехол силиконовый прозрачный,1,282,282,224,79.43262411347519,Администратор,
01.07.2024 - 11:32,Заказ,Замена разъема зарядки (MicroUSB/Type-C),2,1168,2336,2144,91.78082191780823,Сидоров Алексей,Выдан
01.07.2024 - 13:29,Заказ,Замена разъема зарядки (MicroUSB/Type-C),1,1200,1200,1100,91.66666666666666,Петров Роман,Выдан
01.07.2024 - 13:48,Заказ,Дисплей iPhone 11 (Копия AAA),1,2645,2645,1292,48.8468809073724,Сидоров Алексей,Выдан
01.07.2024 - 15:17,Заказ,SSD накопитель Kingston 240GB,1,2108,2108,632,29.98102466793169,Администратор,Выдан
01.07.2024 - 15:24,Заказ,Защитное стекло 3D для iPhone 11/XR,2,505,1010,908,89.9009900990099,Сидоров Алексей,Выдан
01.07.2024 - 15:42,Заказ,Наклейка защитного стекла (Услуга),1,216,216,216,100.0,Иванов Сергей,Выдан
01.07.2024 - 17:57,Заказ,Диагностика,1,528,528,528,100.0,Иванов Сергей,Выдан
01.07.2024 - 17:59,Продажа,Чехол силиконовый прозрачный,1,299,299,240,80.2675585284281,Сидоров Алексей,
02.07.2024 - 10:11,Продажа,Блок питания Apple 20W (Copy),2,1274,2548,1768,69.38775510204081,Иванов Сергей,
02.07.2024 - 10:54,Заказ,"15.6"" WXGA HD LED Глянцевый 40pin (NT156WH)",1,4322,4322,1100,25.451180009254976,Иванов Сергей,Выдан
02.07.2024 - 13:02,Заказ,Жесткий диск Seagate BarraCuda 1TB,1,3736,3736,781,20.904710920770878,Петров Роман,Выдан
02.07.2024 - 14:17,Заказ,"15.6"" WXGA HD LED Глянцевый 40pin (NT156WH)",1,4431,4431,1335,30.12863913337847,Сидоров Алексей,Выдан
02.07.2024 - 16:16,Заказ,Восстановление цепи питания,1,4743,4743,4234,89.26839553025512,Администратор,Выдан
02.07.2024 - 19:30,Заказ,"15.6"" WXGA HD LED Глянцевый 40pin (NT156WH)",1,4181,4181,1043,24.946185123176274,Петров Роман,Выдан
02.07.2024 - 19:51,Заказ,Диагностика,1,542,542,542,100.0,Иванов Сергей,Выдан
03.07.2024 - 10:01,Заказ,Дисплей iPhone 11 (Оригинал переклей),1,5765,5765,2003,34.74414570685169,Иванов Сергей,Выдан
03.07.2024 - 13:46,Заказ,Чистка системы охлаждения с заменой термопасты,1,1368,1368,1266,92.54385964912281,Сидоров Алексей,Выдан
03.07.2024 - 13:47,Заказ,Замена разъема зарядки (MicroUSB/Type-C),1,1156,1156,1053,91.08996539792388,Петров Роман,Выдан
03.07.2024 - 14:50,Заказ,Защитное стекло 3D для iPhone 11/XR,1,524,524,475,90.64885496183206,Петров Роман,Выдан
03.07.2024 - 15:27,Продажа,Защитное стекло 3D для iPhone 11/XR,1,455,455,406,89.23076923076924,Петров Роман,
03.07.2024 - 16:16,Заказ,Кабель USB - Lightning (Foxconn),1,610,610,464,76.0655737704918,Петров Роман,Выдан
03.07.2024 - 16:41,Заказ,Наклейка защитного стекла (Услуга),1,211,211,211,100.0,Сидоров Алексей,Выдан
03.07.2024 - 17:15,Заказ,16GB USB 2.0 Flash Drive SmartBuy,1,430,430,224,52.093023255813954,Сидоров Алексей,Выдан
03.07.2024 - 18:29,Заказ,Диагностика,2,543,1086,1086,100.0,Иванов Сергей,Выдан
04.07.2024 - 10:39,Заказ,"15.6"" WXGA HD LED Глянцевый 40pin (NT156WH)",1,4734,4734,1409,29.763413603717787,Петров Роман,Выдан
04.07.2024 - 11:58,Заказ,Аккумулятор Samsung Galaxy A51 (EB-BA515),1,1277,1277,704,55.12920908379013,Петров Роман,Выдан
04.07.2024 - 14:29,Заказ,Чехол силиконовый прозрачный,1,292,292,234,80.13698630136986,Администратор,Выдан
04.07.2024 - 14:30,Заказ,Аккумулятор Samsung Galaxy A51 (EB-BA515),1,1245,1245,681,54.69879518072289,Иванов Сергей,Выдан
04.07.2024 - 16:21,Заказ,SSD накопитель Kingston 240GB,1,2235,2235,704,31.49888143176734,Петров Роман,Выдан
04.07.2024 - 17:06,Заказ,Диагностика,1,475,475,475,100.0,Сидоров Алексей,Выдан
04.07.2024 - 17:41,Продажа,Защитное стекло 3D для iPhone 11/XR,1,509,509,458,89.9803536345776,Петров Роман,
04.07.2024 - 19:54,Продажа,Защитное стекло 3D для iPhone 11/XR,1,508,508,457,89.96062992125984,Администратор,
05.07.2024 - 10:05,Заказ,Чистка системы охлаждения с заменой термопасты,1,1489,1489,1388,93.21692411014104,Иванов Сергей,Выдан
05.07.2024 - 10:38,Заказ,Диагностика,1,541,541,541,100.0,Сидоров Алексей,Выдан
05.07.2024 - 12:43,Заказ,Чистка системы охлаждения с заменой термопасты,1,1609,1609,1514,94.09571162212555,Иванов Сергей,Выдан
05.07.2024 - 16:51,Заказ,Чистка системы охлаждения с заменой термопасты,1,1632,1632,1530,93.75,Петров Роман,Выдан
05.07.2024 - 17:22,Заказ,Диагностика,1,547,547,547,100.0,Администратор,Выдан
05.07.2024 - 17:36,Продажа,Чехол силиконовый прозрачный,1,299,299,238,79.59866220735786,Сидоров Алексей,
05.07.2024 - 18:47,Заказ,Чехол силиконовый прозрачный,1,298,298,240,80.53691275167785,Сидоров Алексей,Выдан
06.07.2024 - 11:45,Заказ,"15.6"" WXGA HD LED Глянцевый 40pin (NT156WH)",1,4942,4942,1586,32.0922703358964,Администратор,Выдан
06.07.2024 - 15:56,Заказ,Блок питания Apple 20W (Copy),1,1288,1288,887,68.86645962732919,Иванов Сергей,Выдан
06.07.2024 - 16:49,Заказ,Дисплей iPhone 11 (Копия AAA),1,2326,2326,886,38.09114359415305,Сидоров Алексей,Выдан
06.07.2024 - 16:57,Заказ,Установка Windows 10/11 + Драйвера,1,1296,1296,1296,100.0,Петров Роман,Выдан
06.07.2024 - 17:36,Заказ,Диагностика,1,499,499,499,100.0,Петров Роман,Выдан
06.07.2024 - 18:51,Заказ,Диагностика,2,510,1020,1020,100.0,Петров Роман,Выдан
06.07.2024 - 19:50,Продажа,Чехол силиконовый прозрачный,2,315,630,512,81.26984126984127,Петров Роман,
07.07.2024 - 13:57,Заказ,Прошивка Android/iOS,1,1091,1091,1091,100.0,Иванов Сергей,Выдан
07.07.2024 - 19:00,Заказ,Аккумулятор Samsung Galaxy A51 (EB-BA515),2,1170,2340,1246,53.24786324786325,Администратор,Выдан
08.07.2024 - 13:41,Заказ,16GB USB 2.0 Flash Drive SmartBuy,2,405,810,430,53.086419753086425,Администратор,Выдан
08.07.2024 - 14:18,Продажа,Блок питания Apple 20W (Copy),1,1188,1188,797,67.08754208754209,Администратор,
08.07.2024 - 18:57,Заказ,Чехол силиконовый прозрачный,1,306,306,244,79.73856209150327,Петров Роман,Выдан
09.07.2024 - 10:04,Продажа,Блок питания Apple 20W (Copy),1,1253,1253,835,66.64006384676776,Администратор,
09.07.2024 - 10:14,Заказ,Прошивка Android/iOS,1,979,979,979,100.0,Иванов Сергей,Выдан
09.07.2024 - 11:09,Продажа,16GB USB 2.0 Flash Drive SmartBuy,2,423,846,442,52.24586288416076,Иванов Сергей,
09.07.2024 - 12:05,Продажа,Чехол силиконовый прозрачный,1,322,322,264,81.98757763975155,Петров Роман,
09.07.2024 - 13:49,Заказ,Блок питания Apple 20W (Copy),1,1081,1081,685,63.3672525439408,Иванов Сергей,Выдан
09.07.2024 - 17:12,Заказ,Диагностика,1,508,508,508,100.0,Администратор,Выдан
09.07.2024 - 18:23,Заказ,"15.6"" WXGA HD LED Глянцевый 40pin (NT156WH)",1,4712,4712,1567,33.25551782682513,Иванов Сергей,Выдан
10.07.2024 - 13:22,Заказ,Аккумулятор Samsung Galaxy A51 (EB-BA515),1,1252,1252,680,54.31309904153354,Иванов Сергей,Выдан
10.07.2024 - 13:43,Заказ,Аккумулятор Samsung Galaxy A51 (EB-BA515),1,1248,1248,674,54.006410256410255,Иванов Сергей,Выдан
10.07.2024 - 15:09,Заказ,Чистка системы охлаждения с заменой термопасты,1,1475,1475,1372,93.01694915254237,Иванов Сергей,Выдан
10.07.2024 - 15:26,Заказ,Кабель USB - Lightning (Foxconn),1,638,638,486,76.17554858934169,Иванов Сергей,Выдан
10.07.2024 - 16:33,Заказ,Блок питания Apple 20W (Copy),1,1156,1156,737,63.754325259515575,Петров Роман,Выдан
10.07.2024 - 17:03,Заказ,Кабель USB - Lightning (Foxconn),2,602,1204,918,76.24584717607974,Иванов Сергей,Выдан
11.07.2024 - 13:52,Заказ,Кабель USB - Lightning (Foxconn),1,585,585,431,73.67521367521368,Администратор,Выдан
11.07.2024 - 19:02,Продажа,16GB USB 2.0 Flash Drive SmartBuy,2,464,928,520,56.03448275862068,Администратор,
12.07.2024 - 13:53,Заказ,Чехол силиконовый прозрачный,1,322,322,260,80.74534161490683,Петров Роман,Выдан
12.07.2024 - 16:26,Продажа,Защитное стекло 3D для iPhone 11/XR,1,466,466,419,89.91416309012875,Администратор,
12.07.2024 - 19:00,Заказ,Диагностика,1,492,492,492,100.0,Иванов Сергей,Выдан
12.07.2024 - 19:30,Заказ,Дисплей iPhone 11 (Копия AAA),1,2452,2452,1040,42.41435562805872,Иванов Сергей,Выдан
13.07.2024 - 11:49,Продажа,Кабель USB - Lightning (Foxconn),1,569,569,426,74.86818980667839,Сидоров Алексей,
13.07.2024 - 12:47,Заказ,SSD накопитель Kingston 240GB,1,2099,2099,620,29.537875178656503,Иванов Сергей,Выдан
13.07.2024 - 16:23,Заказ,Чистка системы охлаждения с заменой термопасты,1,1564,1564,1461,93.41432225063939,Администратор,Выдан
13.07.2024 - 17:40,Продажа,16GB USB 2.0 Flash Drive SmartBuy,2,438,876,462,52.73972602739726,Сидоров Алексей,
14.07.2024 - 10:24,Заказ,Диагностика,1,477,477,477,100.0,Петров Роман,Выдан
14.07.2024 - 10:25,Заказ,Аккумулятор Samsung Galaxy A51 (EB-BA515),1,1252,1252,712,56.86900958466453,Сидоров Алексей,Выдан
14.07.2024 - 11:24,Продажа,16GB USB 2.0 Flash Drive SmartBuy,1,480,480,273,56.875,Иванов Сергей,
14.07.2024 - 14:04,Заказ,Чехол силиконовый прозрачный,2,297,594,476,80.13468013468014,Сидоров Алексей,Выдан
14.07.2024 - 14:12,Продажа,Защитное стекло 3D для iPhone 11/XR,1,464,464,412,88.79310344827587,Петров Роман,
14.07.2024 - 14:28,Продажа,Защитное стекло 3D для iPhone 11/XR,1,539,539,487,90.35250463821892,Иванов Сергей,
14.07.2024 - 14:54,Заказ,Диагностика,1,501,501,501,100.0,Петров Роман,Выдан
14.07.2024 - 16:03,Заказ,Замена разъема зарядки (MicroUSB/Type-C),1,1273,1273,1176,92.38020424194815,Иванов Сергей,Выдан
14.07.2024 - 18:35,Продажа,Чехол силиконовый прозрачный,1,276,276,215,77.89855072463769,Петров Роман,
15.07.2024 - 10:12,Заказ,Восстановление цепи питания,1,4876,4876,4399,90.21739130434783,Сидоров Алексей,Выдан
15.07.2024 - 10:42,Заказ,Восстановление цепи питания,1,4061,4061,3538,87.12139867027827,Иванов Сергей,Выдан
15.07.2024 - 11:05,Заказ,Блок питания Apple 20W (Copy),3,1163,3489,2343,67.15391229578675,Петров Роман,Выдан
15.07.2024 - 11:52,Продажа,16GB USB 2.0 Flash Drive SmartBuy,1,424,424,231,54.48113207547169,Сидоров Алексей,
15.07.2024 - 15:31,Заказ,Восстановление цепи питания,1,4819,4819,4310,89.43764266445321,Администратор,Выдан
15.07.2024 - 17:25,Заказ,Диагностика,1,458,458,458,100.0,Петров Роман,Выдан
16.07.2024 - 13:03,Заказ,Аккумулятор Samsung Galaxy A51 (EB-BA515),1,1093,1093,562,51.41811527904849,Петров Роман,Выдан
16.07.2024 - 16:34,Заказ,Защитное стекло 3D для iPhone 11/XR,2,523,1046,942,90.05736137667304,Сидоров Алексей,Выдан
16.07.2024 - 19:05,Заказ,Замена разъема зарядки (MicroUSB/Type-C),2,1304,2608,2404,92.17791411042946,Сидоров Алексей,Выдан
17.07.2024 - 12:14,Заказ,Дисплей iPhone 11 (Оригинал переклей),1,5234,5234,1362,26.022162781811236,Иванов Сергей,Выдан
17.07.2024 - 15:01,Заказ,16GB USB 2.0 Flash Drive SmartBuy,1,494,494,295,59.716599190283404,Администратор,Выдан
17.07.2024 - 15:43,Заказ,Жесткий диск Seagate BarraCuda 1TB,1,3590,3590,773,21.532033426183844,Администратор,Выдан
18.07.2024 - 11:04,Заказ,Чистка системы охлаждения с заменой термопасты,1,1359,1359,1264,93.00956585724798,Петров Роман,Выдан
18.07.2024 - 17:22,Заказ,Блок питания Apple 20W (Copy),1,1159,1159,765,66.00517687661778,Петров Роман,Выдан
18.07.2024 - 19:49,Продажа,16GB USB 2.0 Flash Drive SmartBuy,1,460,460,252,54.78260869565217,Иванов Сергей,
19.07.2024 - 11:11,Заказ,Дисплей iPhone 11 (Копия AAA),1,2319,2319,932,40.1897369555843,Петров Роман,Выдан
19.07.2024 - 11:26,Заказ,16GB USB 2.0 Flash Drive SmartBuy,1,440,440,246,55.90909090909091,Сидоров Алексей,Выдан
19.07.2024 - 11:26,Продажа,Защитное стекло 3D для iPhone 11/XR,1,531,531,480,90.3954802259887,Администратор,
19.07.2024 - 11:32,Продажа,Чехол силиконовый прозрачный,1,306,306,248,81.04575163398692,Сидоров Алексей,
19.07.2024 - 14:59,Заказ,Блок питания Apple 20W (Copy),1,1083,1083,665,61.40350877192983,Сидоров Алексей,Выдан
19.07.2024 - 15:24,Заказ,Диагностика,1,485,485,485,100.0,Иванов Сергей,Выдан
19.07.2024 - 15:43,Заказ,Замена разъема зарядки (MicroUSB/Type-C),2,1312,2624,2430,92.60670731707317,Сидоров Алексей,Выдан
19.07.2024 - 16:13,Продажа,Кабель USB - Lightning (Foxconn),1,627,627,473,75.43859649122807,Иванов Сергей,
19.07.2024 - 18:01,Заказ,Замена разъема зарядки (MicroUSB/Type-C),1,1148,1148,1051,91.55052264808361,Сидоров Алексей,Выдан
20.07.2024 - 10:49,Заказ,Аккумулятор Samsung Galaxy A51 (EB-BA515),1,1188,1188,660,55.55555555555556,Иванов Сергей,Выдан
20.07.2024 - 12:29,Заказ,Восстановление цепи питания,1,4406,4406,3910,88.74262369496142,Иванов Сергей,Выдан
20.07.2024 - 17:35,Заказ,Замена разъема зарядки (MicroUSB/Type-C),1,1289,1289,1194,92.6299456943367,Администратор,Выдан
20.07.2024 - 18:13,Заказ,16GB USB 2.0 Flash Drive SmartBuy,1,424,424,216,50.943396226415096,Сидоров Алексей,Выдан
21.07.2024 - 13:56,Заказ,Чехол силиконовый прозрачный,1,293,293,231,78.839590443686,Иванов Сергей,Выдан
21.07.2024 - 14:06,Заказ,Наклейка защитного стекла (Услуга),1,209,209,209,100.0,Администратор,Выдан
21.07.2024 - 14:57,Заказ,Диагностика,1,514,514,514,100.0,Сидоров Алексей,Выдан
21.07.2024 - 15:45,Заказ,Блок питания Apple 20W (Copy),2,1103,2206,1444,65.45784224841343,Иванов Сергей,Выдан
22.07.2024 - 13:36,Продажа,Блок питания Apple 20W (Copy),1,1210,1210,828,68.4297520661157,Сидоров Алексей,
22.07.2024 - 14:37,Заказ,Аккумулятор Samsung Galaxy A51 (EB-BA515),1,1097,1097,542,49.407474931631725,Иванов Сергей,Выдан
22.07.2024 - 16:35,Продажа,SSD накопитель Kingston 240GB,1,2214,2214,643,29.042457091237576,Администратор,
22.07.2024 - 17:22,Заказ,Установка Windows 10/11 + Драйвера,1,1080,1080,1080,100.0,Сидоров Алексей,Выдан
22.07.2024 - 17:32,Заказ,Наклейка защитного стекла (Услуга),1,212,212,212,100.0,Иванов Сергей,Выдан
23.07.2024 - 10:33,Заказ,Кабель USB - Lightning (Foxconn),1,575,575,432,75.13043478260869,Иванов Сергей,Выдан
23.07.2024 - 12:09,Заказ,Дисплей iPhone 11 (Копия AAA),1,2409,2409,1002,41.59402241594022,Администратор,Выдан
23.07.2024 - 14:42,Заказ,Наклейка защитного стекла (Услуга),1,185,185,185,100.0,Иванов Сергей,Выдан
23.07.2024 - 16:37,Заказ,Чехол силиконовый прозрачный,1,289,289,232,80.27681660899654,Петров Роман,Выдан
23.07.2024 - 17:32,Заказ,Наклейка защитного стекла (Услуга),1,203,203,203,100.0,Администратор,Выдан
23.07.2024 - 18:50,Заказ,Блок питания Apple 20W (Copy),1,1276,1276,876,68.65203761755487,Петров Роман,Выдан
23.07.2024 - 19:50,Заказ,Чехол силиконовый прозрачный,1,308,308,247,80.1948051948052,Администратор,Выдан
24.07.2024 - 10:00,Заказ,Чистка системы охлаждения с заменой термопасты,1,1541,1541,1441,93.51070733290071,Администратор,Выдан
24.07.2024 - 10:13,Заказ,Дисплей iPhone 11 (Оригинал переклей),1,5463,5463,1798,32.91231923851364,Сидоров Алексей,Выдан
24.07.2024 - 10:50,Продажа,Защитное стекло 3D для iPhone 11/XR,1,529,529,478,90.35916824196597,Сидоров Алексей,
24.07.2024 - 10:55,Заказ,Чистка системы охлаждения с заменой термопасты,1,1377,1377,1277,92.73783587509078,Иванов Сергей,Выдан
24.07.2024 - 10:56,Заказ,Диагностика,1,478,478,478,100.0,Иванов Сергей,Выдан
24.07.2024 - 13:05,Заказ,"15.6"" WXGA HD LED Глянцевый 40pin (NT156WH)",1,4338,4338,1135,26.16413093591517,Сидоров Алексей,Выдан
24.07.2024 - 13:32,Заказ,Чехол силиконовый прозрачный,1,289,289,227,78.54671280276817,Администратор,Выдан
24.07.2024 - 18:11,Заказ,Наклейка защитного стекла (Услуга),1,201,201,201,100.0,Сидоров Алексей,Выдан
25.07.2024 - 10:08,Продажа,16GB USB 2.0 Flash Drive SmartBuy,1,445,445,245,55.0561797752809,Сидоров Алексей,
25.07.2024 - 11:32,Заказ,Наклейка защитного стекла (Услуга),3,196,588,588,100.0,Администратор,Выдан
25.07.2024 - 14:04,Заказ,Установка Windows 10/11 + Драйвера,1,1152,1152,1152,100.0,Администратор,Выдан
25.07.2024 - 15:14,Продажа,16GB USB 2.0 Flash Drive SmartBuy,1,421,421,227,53.919239904988125,Сидоров Алексей,
25.07.2024 - 15:57,Заказ,Чистка системы охлаждения с заменой термопасты,3,1393,4179,3888,93.03661162957646,Петров Роман,Выдан
25.07.2024 - 16:29,Продажа,Защитное стекло 3D для iPhone 11/XR,1,463,463,414,89.41684665226782,Администратор,
25.07.2024 - 19:16,Заказ,Чехол силиконовый прозрачный,1,315,315,257,81.58730158730158,Иванов Сергей,Выдан
26.07.2024 - 10:32,Продажа,Защитное стекло 3D для iPhone 11/XR,1,495,495,445,89.8989898989899,Администратор,
26.07.2024 - 10:49,Продажа,Защитное стекло 3D для iPhone 11/XR,2,513,1026,926,90.25341130604289,Сидоров Алексей,
26.07.2024 - 12:14,Заказ,Восстановление цепи питания,1,4227,4227,3710,87.76910338301396,Иванов Сергей,Выдан
26.07.2024 - 13:13,Заказ,Наклейка защитного стекла (Услуга),1,203,203,203,100.0,Сидоров Алексей,Выдан
26.07.2024 - 15:59,Заказ,Чистка системы охлаждения с заменой термопасты,1,1584,1584,1488,93.93939393939394,Петров Роман,Выдан
26.07.2024 - 17:42,Продажа,Блок питания Apple 20W (Copy),1,1221,1221,838,68.63226863226863,Петров Роман,
26.07.2024 - 18:03,Заказ,Аккумулятор Samsung Galaxy A51 (EB-BA515),1,1196,1196,627,52.4247491638796,Сидоров Алексей,Выдан
26.07.2024 - 19:18,Заказ,Чистка системы охлаждения с заменой термопасты,1,1386,1386,1282,92.4963924963925,Петров Роман,Выдан
27.07.2024 - 12:38,Продажа,Кабель USB - Lightning (Foxconn),1,659,659,514,77.99696509863429,Петров Роман,
27.07.2024 - 16:09,Заказ,Восстановление цепи питания,1,4922,4922,4409,89.57740755790329,Сидоров Алексей,Выдан
27.07.2024 - 16:51,Заказ,Блок питания Apple 20W (Copy),1,1266,1266,853,67.37756714060032,Сидоров Алексей,Выдан
27.07.2024 - 18:09,Продажа,Блок питания Apple 20W (Copy),1,1101,1101,707,64.21435059037239,Сидоров Алексей,
27.07.2024 - 19:07,Заказ,Защитное стекло 3D для iPhone 11/XR,1,527,527,475,90.13282732447819,Администратор,Выдан
28.07.2024 - 10:07,Заказ,Блок питания Apple 20W (Copy),1,1216,1216,805,66.20065789473685,Администратор,Выдан
28.07.2024 - 10:18,Заказ,Жесткий диск Seagate BarraCuda 1TB,1,3852,3852,828,21.49532710280374,Администратор,Выдан
28.07.2024 - 14:17,Заказ,Диагностика,1,504,504,504,100.0,Сидоров Алексей,Выдан
28.07.2024 - 14:39,Заказ,Аккумулятор Samsung Galaxy A51 (EB-BA515),1,1270,1270,700,55.118110236220474,Администратор,Выдан
28.07.2024 - 15:56,Заказ,Дисплей iPhone 11 (Копия AAA),1,2659,2659,1236,46.48364046634073,Администратор,Выдан
29.07.2024 - 10:28,Заказ,Чистка системы охлаждения с заменой термопасты,1,1608,1608,1507,93.71890547263682,Иванов Сергей,Выдан
29.07.2024 - 15:17,Заказ,Дисплей iPhone 11 (Оригинал переклей),1,4988,4988,1232,24.69927826784282,Сидоров Алексей,Выдан
29.07.2024 - 17:06,Заказ,16GB USB 2.0 Flash Drive SmartBuy,1,460,460,262,56.95652173913044,Петров Роман,Выдан
29.07.2024 - 17:16,Заказ,Чистка системы охлаждения с заменой термопасты,1,1576,1576,1481,93.97208121827411,Администратор,Выдан
29.07.2024 - 17:23,Продажа,Защитное стекло 3D для iPhone 11/XR,2,526,1052,954,90.68441064638783,Администратор,
29.07.2024 - 18:07,Заказ,Дисплей iPhone 11 (Копия AAA),1,2616,2616,1222,46.71253822629969,Администратор,Выдан
29.07.2024 - 19:23,Заказ,Диагностика,2,457,914,914,100.0,Администратор,Выдан
29.07.2024 - 19:23,Заказ,Наклейка защитного стекла (Услуга),1,189,189,189,100.0,Петров Роман,Выдан
30.07.2024 - 12:01,Заказ,Защитное стекло 3D для iPhone 11/XR,1,457,457,406,88.8402625820569,Сидоров Алексей,Выдан
30.07.2024 - 12:15,Заказ,Дисплей iPhone 11 (Копия AAA),2,2612,5224,2430,46.51607963246555,Иванов Сергей,Выдан
30.07.2024 - 13:12,Заказ,Установка Windows 10/11 + Драйвера,1,1312,1312,1312,100.0,Сидоров Алексей,Выдан
30.07.2024 - 14:13,Заказ,Замена разъема зарядки (MicroUSB/Type-C),1,1268,1268,1170,92.27129337539432,Иванов Сергей,Выдан
30.07.2024 - 14:43,Заказ,Кабель USB - Lightning (Foxconn),1,620,620,473,76.29032258064517,Иванов Сергей,Выдан
30.07.2024 - 15:54,Заказ,Замена разъема зарядки (MicroUSB/Type-C),1,1178,1178,1077,91.42614601018676,Иванов Сергей,Выдан
30.07.2024 - 16:57,Продажа,Чехол силиконовый прозрачный,1,324,324,267,82.4074074074074,Иванов Сергей,
30.07.2024 - 18:47,Продажа,Защитное стекло 3D для iPhone 11/XR,3,471,1413,1263,89.38428874734608,Администратор,
30.07.2024 - 19:33,Заказ,Установка Windows 10/11 + Драйвера,1,1080,1080,1080,100.0,Администратор,Выдан
30.07.2024 - 19:57,Заказ,Чехол силиконовый прозрачный,1,313,313,254,81.15015974440894,Петров Роман,Выдан
31.07.2024 - 11:08,Заказ,Защитное стекло 3D для iPhone 11/XR,1,513,513,462,90.05847953216374,Администратор,Выдан
31.07.2024 - 11:15,Продажа,Чехол силиконовый прозрачный,2,328,656,536,81.70731707317073,Сидоров Алексей,
31.07.2024 - 13:30,Заказ,Диагностика,1,483,483,483,100.0,Иванов Сергей,Выдан
31.07.2024 - 15:48,Заказ,Аккумулятор Samsung Galaxy A51 (EB-BA515),1,1141,1141,601,52.67309377738826,Петров Роман,Выдан
31.07.2024 - 16:42,Заказ,Прошивка Android/iOS,1,991,991,991,100.0,Сидоров Алексей,Выдан
01.08.2024 - 12:08,Продажа,Чехол силиконовый прозрачный,1,319,319,262,82.13166144200626,Петров Роман,
01.08.2024 - 13:34,Заказ,Установка Windows 10/11 + Драйвера,1,1230,1230,1230,100.0,Сидоров Алексей,Выдан
01.08.2024 - 15:05,Заказ,Замена разъема зарядки (MicroUSB/Type-C),1,1110,1110,1013,91.26126126126127,Сидоров Алексей,Выдан
01.08.2024 - 15:28,Заказ,Дисплей iPhone 11 (Копия AAA),1,2630,2630,1184,45.01901140684411,Петров Роман,Выдан
01.08.2024 - 15:33,Заказ,Кабель USB - Lightning (Foxconn),1,625,625,471,75.36,Иванов Сергей,Выдан
01.08.2024 - 16:18,Заказ,Восстановление цепи питания,1,4280,4280,3781,88.3411214953271,Иванов Сергей,Выдан
01.08.2024 - 17:14,Заказ,Аккумулятор Samsung Galaxy A51 (EB-BA515),1,1288,1288,743,57.68633540372671,Иванов Сергей,Выдан
01.08.2024 - 17:49,Заказ,Чистка системы охлаждения с заменой термопасты,1,1560,1560,1457,93.3974358974359,Администратор,Выдан
02.08.2024 - 13:34,Заказ,16GB USB 2.0 Flash Drive SmartBuy,1,424,424,216,50.943396226415096,Администратор,Выдан
02.08.2024 - 14:19,Продажа,Чехол силиконовый прозрачный,1,298,298,237,79.53020134228188,Иванов Сергей,
02.08.2024 - 18:14,Заказ,Дисплей iPhone 11 (Копия AAA),2,2588,5176,2494,48.183925811437405,Сидоров Алексей,Выдан
02.08.2024 - 18:29,Заказ,Замена разъема зарядки (MicroUSB/Type-C),1,1304,1304,1200,92.02453987730061,Петров Роман,Выдан
02.08.2024 - 19:18,Заказ,16GB USB 2.0 Flash Drive SmartBuy,1,432,432,232,53.70370370370371,Сидоров Алексей,Выдан
03.08.2024 - 14:58,Заказ,Прошивка Android/iOS,1,951,951,951,100.0,Иванов Сергей,Выдан
03.08.2024 - 16:07,Заказ,16GB USB 2.0 Flash Drive SmartBuy,1,440,440,232,52.72727272727272,Иванов Сергей,Выдан
04.08.2024 - 12:19,Заказ,Защитное стекло 3D для iPhone 11/XR,1,471,471,420,89.171974522293,Иванов Сергей,Выдан
04.08.2024 - 16:24,Заказ,Диагностика,1,480,480,480,100.0,Петров Роман,Выдан
05.08.2024 - 10:20,Заказ,Дисплей iPhone 11 (Оригинал переклей),1,5293,5293,1658,31.324390704704324,Иванов Сергей,Выдан
05.08.2024 - 10:29,Заказ,Диагностика,1,522,522,522,100.0,Администратор,Выдан
05.08.2024 - 12:50,Заказ,"15.6"" WXGA HD LED Глянцевый 40pin (NT156WH)",1,4794,4794,1632,34.04255319148936,Петров Роман,Выдан
05.08.2024 - 15:04,Заказ,Диагностика,1,500,500,500,100.0,Иванов Сергей,Выдан
05.08.2024 - 15:20,Заказ,Дисплей iPhone 11 (Копия AAA),1,2709,2709,1298,47.914359542266524,Сидоров Алексей,Выдан
05.08.2024 - 15:53,Заказ,Блок питания Apple 20W (Copy),1,1128,1128,745,66.04609929078015,Сидоров Алексей,Выдан
06.08.2024 - 13:13,Заказ,Кабель USB - Lightning (Foxconn),1,626,626,482,76.99680511182109,Иванов Сергей,Выдан
06.08.2024 - 19:38,Заказ,Установка Windows 10/11 + Драйвера,1,1279,1279,1279,100.0,Администратор,Выдан
06.08.2024 - 19:53,Продажа,16GB USB 2.0 Flash Drive SmartBuy,1,416,416,220,52.88461538461539,Администратор,
07.08.2024 - 12:13,Заказ,Аккумулятор Samsung Galaxy A51 (EB-BA515),1,1197,1197,648,54.13533834586466,Петров Роман,Выдан
07.08.2024 - 12:58,Заказ,Защитное стекло 3D для iPhone 11/XR,1,523,523,474,90.63097514340345,Администратор,Выдан
07.08.2024 - 13:35,Заказ,Аккумулятор Samsung Galaxy A51 (EB-BA515),1,1130,1130,604,53.451327433628315,Петров Роман,Выдан
07.08.2024 - 14:20,Заказ,Наклейка защитного стекла (Услуга),1,197,197,197,100.0,Петров Роман,Выдан
07.08.2024 - 14:27,Заказ,Аккумулятор Samsung Galaxy A51 (EB-BA515),1,1099,1099,564,51.31938125568699,Иванов Сергей,Выдан
07.08.2024 - 19:42,Заказ,Восстановление цепи питания,1,4646,4646,4132,88.93671975893241,Иванов Сергей,Выдан
08.08.2024 - 11:53,Заказ,Чистка системы охлаждения с заменой термопасты,1,1456,1456,1360,93.4065934065934,Администратор,Выдан
08.08.2024 - 12:18,Заказ,Дисплей iPhone 11 (Копия AAA),1,2553,2553,1127,44.14414414414414,Иванов Сергей,Выдан
08.08.2024 - 13:06,Продажа,SSD накопитель Kingston 240GB,1,2333,2333,820,35.14787826832404,Петров Роман,
08.08.2024 - 13:53,Продажа,16GB USB 2.0 Flash Drive SmartBuy,1,448,448,247,55.13392857142857,Администратор,
08.08.2024 - 15:12,Заказ,Установка Windows 10/11 + Драйвера,1,1256,1256,1256,100.0,Петров Роман,Выдан
08.08.2024 - 17:25,Заказ,Замена разъема зарядки (MicroUSB/Type-C),1,1261,1261,1162,92.14908802537668,Иванов Сергей,Выдан
08.08.2024 - 18:46,Заказ,Замена разъема зарядки (MicroUSB/Type-C),1,1087,1087,989,90.98436062557498,Петров Роман,Выдан
09.08.2024 - 13:33,Заказ,Восстановление цепи питания,2,4704,9408,8388,89.15816326530613,Сидоров Алексей,Выдан
09.08.2024 - 13:40,Заказ,Аккумулятор Samsung Galaxy A51 (EB-BA515),1,1152,1152,617,53.55902777777778,Администратор,Выдан
09.08.2024 - 13:44,Заказ,Чистка системы охлаждения с заменой термопасты,1,1395,1395,1292,92.61648745519713,Иванов Сергей,Выдан
09.08.2024 - 15:45,Заказ,Чехол силиконовый прозрачный,1,305,305,243,79.67213114754098,Петров Роман,Выдан
09.08.2024 - 15:51,Заказ,Замена разъема зарядки (MicroUSB/Type-C),1,1237,1237,1139,92.07760711398545,Иванов Сергей,Выдан
09.08.2024 - 17:16,Заказ,Диагностика,1,475,475,475,100.0,Администратор,Выдан
09.08.2024 - 17:55,Продажа,Кабель USB - Lightning (Foxconn),1,556,556,404,72.66187050359713,Администратор,
09.08.2024 - 18:03,Заказ,"15.6"" WXGA HD LED Глянцевый 40pin (NT156WH)",1,4934,4934,1673,33.90758005674909,Администратор,Выдан
09.08.2024 - 18:26,Продажа,SSD накопитель Kingston 240GB,1,2135,2135,662,31.007025761124122,Сидоров Алексей,
09.08.2024 - 18:42,Продажа,Чехол силиконовый прозрачный,1,278,278,219,78.77697841726618,Сидоров Алексей,
10.08.2024 - 18:05,Продажа,Защитное стекло 3D для iPhone 11/XR,1,521,521,471,90.40307101727447,Администратор,
11.08.2024 - 11:00,Заказ,Установка Windows 10/11 + Драйвера,1,1153,1153,1153,100.0,Петров Роман,Выдан
11.08.2024 - 12:17,Заказ,Чехол силиконовый прозрачный,1,314,314,252,80.2547770700637,Сидоров Алексей,Выдан
11.08.2024 - 14:58,Продажа,Чехол силиконовый прозрачный,1,285,285,224,78.59649122807018,Администратор,
11.08.2024 - 14:59,Заказ,Защитное стекло 3D для iPhone 11/XR,1,487,487,436,89.5277207392197,Сидоров Алексей,Выдан
11.08.2024 - 15:44,Продажа,Кабель USB - Lightning (Foxconn),1,583,583,436,74.78559176672384,Администратор,
11.08.2024 - 17:11,Заказ,Чехол силиконовый прозрачный,1,316,316,258,81.64556962025317,Сидоров Алексей,Выдан
11.08.2024 - 17:14,Заказ,Кабель USB - Lightning (Foxconn),1,601,601,459,76.37271214642263,Сидоров Алексей,Выдан
11.08.2024 - 18:31,Заказ,Чистка системы охлаждения с заменой термопасты,1,1395,1395,1291,92.54480286738351,Иванов Сергей,Выдан
11.08.2024 - 18:58,Заказ,Дисплей iPhone 11 (Копия AAA),1,2294,2294,830,36.181342632955534,Петров Роман,Выдан
12.08.2024 - 11:00,Заказ,Диагностика,1,537,537,537,100.0,Администратор,Выдан
12.08.2024 - 11:32,Продажа,16GB USB 2.0 Flash Drive SmartBuy,1,419,419,216,51.551312649164686,Петров Роман,
12.08.2024 - 13:43,Продажа,Кабель USB - Lightning (Foxconn),1,657,657,514,78.23439878234399,Петров Роман,
12.08.2024 - 14:52,Продажа,Чехол силиконовый прозрачный,3,274,822,645,78.46715328467153,Администратор,
12.08.2024 - 17:11,Заказ,Дисплей iPhone 11 (Копия AAA),1,2599,2599,1166,44.86340900346287,Иванов Сергей,Выдан
12.08.2024 - 18:50,Заказ,Защитное стекло 3D для iPhone 11/XR,1,506,506,456,90.11857707509881,Сидоров Алексей,Выдан
12.08.2024 - 19:34,Заказ,Блок питания Apple 20W (Copy),1,1246,1246,835,67.01444622792937,Сидоров Алексей,Выдан
13.08.2024 - 17:18,Заказ,16GB USB 2.0 Flash Drive SmartBuy,2,409,818,420,51.34474327628362,Администратор,Выдан
13.08.2024 - 19:56,Заказ,Восстановление цепи питания,1,4415,4415,3905,88.4484711211778,Петров Роман,Выдан
14.08.2024 - 11:43,Продажа,Защитное стекло 3D для iPhone 11/XR,1,541,541,491,90.75785582255084,Администратор,
14.08.2024 - 13:27,Заказ,16GB USB 2.0 Flash Drive SmartBuy,1,456,456,262,57.45614035087719,Петров Роман,Выдан
14.08.2024 - 16:02,Заказ,Чехол силиконовый прозрачный,1,326,326,269,82.51533742331289,Сидоров Алексей,Выдан
14.08.2024 - 17:24,Заказ,16GB USB 2.0 Flash Drive SmartBuy,1,456,456,251,55.04385964912281,Администратор,Выдан
14.08.2024 - 17:33,Заказ,Замена разъема зарядки (MicroUSB/Type-C),1,1243,1243,1143,91.9549477071601,Иванов Сергей,Выдан
14.08.2024 - 18:15,Продажа,Чехол силиконовый прозрачный,1,276,276,217,78.62318840579711,Петров Роман,
14.08.2024 - 19:54,Заказ,Чехол силиконовый прозрачный,1,296,296,239,80.74324324324324,Администратор,Выдан
15.08.2024 - 10:01,Продажа,Защитное стекло 3D для iPhone 11/XR,1,504,504,456,90.47619047619048,Иванов Сергей,
15.08.2024 - 10:43,Заказ,Дисплей iPhone 11 (Оригинал переклей),1,5227,5227,1610,30.801607040367323,Администратор,Выдан
15.08.2024 - 15:00,Заказ,Дисплей iPhone 11 (Копия AAA),1,2362,2362,930,39.37341236240474,Иванов Сергей,Выдан
15.08.2024 - 16:32,Продажа,Кабель USB - Lightning (Foxconn),1,576,576,430,74.65277777777779,Администратор,
16.08.2024 - 11:21,Продажа,Чехол силиконовый прозрачный,1,329,329,268,81.45896656534954,Петров Роман,
16.08.2024 - 12:30,Заказ,Кабель USB - Lightning (Foxconn),1,588,588,444,75.51020408163265,Сидоров Алексей,Выдан
16.08.2024 - 16:04,Заказ,Восстановление цепи питания,1,4313,4313,3836,88.94041270577324,Сидоров Алексей,Выдан
16.08.2024 - 16:14,Продажа,Чехол силиконовый прозрачный,2,277,554,434,78.33935018050542,Петров Роман,
17.08.2024 - 11:50,Заказ,Жесткий диск Seagate BarraCuda 1TB,1,4119,4119,1094,26.559844622481183,Администратор,Выдан
17.08.2024 - 12:13,Заказ,Установка Windows 10/11 + Драйвера,1,1231,1231,1231,100.0,Петров Роман,Выдан
17.08.2024 - 12:24,Продажа,Чехол силиконовый прозрачный,1,290,290,229,78.96551724137932,Иванов Сергей,
17.08.2024 - 12:29,Заказ,Кабель USB - Lightning (Foxconn),1,649,649,507,78.12018489984591,Иванов Сергей,Выдан
17.08.2024 - 16:11,Заказ,Прошивка Android/iOS,1,1020,1020,1020,100.0,Иванов Сергей,Выдан
17.08.2024 - 16:53,Заказ,"15.6"" WXGA HD LED Глянцевый 40pin (NT156WH)",1,4757,4757,1449,30.46037418541097,Иванов Сергей,Выдан
17.08.2024 - 19:47,Продажа,Блок питания Apple 20W (Copy),1,1098,1098,680,61.93078324225865,Петров Роман,
18.08.2024 - 13:59,Заказ,Чехол силиконовый прозрачный,3,320,960,786,81.875,Сидоров Алексей,Выдан
18.08.2024 - 14:01,Заказ,Замена разъема зарядки (MicroUSB/Type-C),1,1228,1228,1131,92.10097719869707,Сидоров Алексей,Выдан
18.08.2024 - 16:30,Заказ,Дисплей iPhone 11 (Оригинал переклей),1,5503,5503,1886,34.2722151553698,Петров Роман,Выдан
18.08.2024 - 18:29,Заказ,Установка Windows 10/11 + Драйвера,1,1205,1205,1205,100.0,Администратор,Выдан
18.08.2024 - 19:32,Заказ,Дисплей iPhone 11 (Копия AAA),1,2271,2271,914,40.24658740642889,Петров Роман,Выдан
19.08.2024 - 10:22,Заказ,Чехол силиконовый прозрачный,1,295,295,233,78.98305084745762,Петров Роман,Выдан
19.08.2024 - 10:32,Заказ,Прошивка Android/iOS,2,987,1974,1974,100.0,Петров Роман,Выдан
19.08.2024 - 10:50,Заказ,Диагностика,1,484,484,484,100.0,Администратор,Выдан
19.08.2024 - 11:00,Заказ,Диагностика,1,496,496,496,100.0,Администратор,Выдан
20.08.2024 - 11:22,Заказ,Наклейка защитного стекла (Услуга),1,198,198,198,100.0,Петров Роман,Выдан
20.08.2024 - 11:34,Заказ,Установка Windows 10/11 + Драйвера,1,1227,1227,1227,100.0,Петров Роман,Выдан
20.08.2024 - 14:00,Заказ,Установка Windows 10/11 + Драйвера,1,1261,1261,1261,100.0,Администратор,Выдан
20.08.2024 - 16:09,Заказ,SSD накопитель Kingston 240GB,1,2198,2198,756,34.394904458598724,Администратор,Выдан
20.08.2024 - 17:01,Продажа,Чехол силиконовый прозрачный,1,321,321,262,81.61993769470405,Иванов Сергей,
20.08.2024 - 17:33,Продажа,16GB USB 2.0 Flash Drive SmartBuy,1,459,459,263,57.29847494553377,Иванов Сергей,
21.08.2024 - 12:13,Заказ,Наклейка защитного стекла (Услуга),1,188,188,188,100.0,Иванов Сергей,Выдан
21.08.2024 - 13:19,Заказ,Чистка системы охлаждения с заменой термопасты,1,1489,1489,1394,93.619879113499,Иванов Сергей,Выдан
21.08.2024 - 14:42,Продажа,16GB USB 2.0 Flash Drive SmartBuy,1,458,458,255,55.67685589519651,Администратор,
21.08.2024 - 14:52,Заказ,Защитное стекло 3D для iPhone 11/XR,1,494,494,442,89.47368421052632,Администратор,Выдан
21.08.2024 - 15:57,Продажа,Жесткий диск Seagate BarraCuda 1TB,1,3568,3568,575,16.11547085201794,Сидоров Алексей,
21.08.2024 - 16:49,Заказ,Защитное стекло 3D для iPhone 11/XR,1,456,456,406,89.03508771929825,Петров Роман,Выдан
21.08.2024 - 17:19,Заказ,Блок питания Apple 20W (Copy),1,1311,1311,905,69.03127383676583,Администратор,Выдан
22.08.2024 - 11:36,Заказ,Прошивка Android/iOS,1,998,998,998,100.0,Иванов Сергей,Выдан
22.08.2024 - 12:53,Продажа,Чехол силиконовый прозрачный,1,302,302,245,81.12582781456953,Петров Роман,
22.08.2024 - 18:23,Заказ,Наклейка защитного стекла (Услуга),1,183,183,183,100.0,Иванов Сергей,Выдан
22.08.2024 - 18:34,Заказ,Наклейка защитного стекла (Услуга),1,189,189,189,100.0,Иванов Сергей,Выдан
23.08.2024 - 12:03,Заказ,Замена разъема зарядки (MicroUSB/Type-C),1,1099,1099,1004,91.3557779799818,Петров Роман,Выдан
23.08.2024 - 13:18,Заказ,Чехол силиконовый прозрачный,1,273,273,211,77.2893772893773,Петров Роман,Выдан
23.08.2024 - 13:19,Продажа,Кабель USB - Lightning (Foxconn),1,572,572,429,75.0,Иванов Сергей,
23.08.2024 - 14:42,Заказ,Наклейка защитного стекла (Услуга),1,199,199,199,100.0,Сидоров Алексей,Выдан
23.08.2024 - 15:03,Заказ,Аккумулятор Samsung Galaxy A51 (EB-BA515),1,1081,1081,548,50.693802035152636,Администратор,Выдан
23.08.2024 - 15:43,Заказ,Диагностика,1,507,507,507,100.0,Иванов Сергей,Выдан
23.08.2024 - 17:41,Продажа,Защитное стекло 3D для iPhone 11/XR,1,480,480,431,89.79166666666667,Иванов Сергей,
23.08.2024 - 19:04,Заказ,Кабель USB - Lightning (Foxconn),2,611,1222,910,74.46808510638297,Сидоров Алексей,Выдан
23.08.2024 - 19:04,Заказ,Замена разъема зарядки (MicroUSB/Type-C),1,1108,1108,1004,90.61371841155234,Петров Роман,Выдан
24.08.2024 - 10:02,Продажа,Чехол силиконовый прозрачный,1,283,283,225,79.50530035335689,Петров Роман,
24.08.2024 - 11:23,Заказ,Замена разъема зарядки (MicroUSB/Type-C),1,1234,1234,1138,92.22042139384116,Администратор,Выдан
24.08.2024 - 12:27,Заказ,Прошивка Android/iOS,1,967,967,967,100.0,Сидоров Алексей,Выдан
24.08.2024 - 17:28,Заказ,Восстановление цепи питания,1,4815,4815,4337,90.07268951194185,Сидоров Алексей,Выдан
24.08.2024 - 19:58,Заказ,Диагностика,1,474,474,474,100.0,Администратор,Выдан
25.08.2024 - 10:17,Продажа,Кабель USB - Lightning (Foxconn),2,554,1108,798,72.0216606498195,Петров Роман,
25.08.2024 - 10:21,Заказ,Замена разъема зарядки (MicroUSB/Type-C),1,1093,1093,990,90.57639524245197,Иванов Сергей,Выдан
25.08.2024 - 12:47,Заказ,Чехол силиконовый прозрачный,1,325,325,266,81.84615384615384,Иванов Сергей,Выдан
25.08.2024 - 13:03,Заказ,Дисплей iPhone 11 (Копия AAA),2,2597,5194,2388,45.976126299576435,Петров Роман,Выдан
25.08.2024 - 15:03,Заказ,Диагностика,1,455,455,455,100.0,Администратор,Выдан
25.08.2024 - 18:35,Заказ,Аккумулятор Samsung Galaxy A51 (EB-BA515),1,1107,1107,572,51.67118337850045,Иванов Сергей,Выдан
25.08.2024 - 19:49,Продажа,Блок питания Apple 20W (Copy),1,1252,1252,851,67.97124600638978,Администратор,
26.08.2024 - 10:45,Заказ,Чистка системы охлаждения с заменой термопасты,1,1508,1508,1404,93.10344827586206,Администратор,Выдан
26.08.2024 - 11:46,Заказ,Дисплей iPhone 11 (Оригинал переклей),2,6001,12002,4152,34.594234294284284,Сидоров Алексей,Выдан
26.08.2024 - 13:15,Заказ,Дисплей iPhone 11 (Копия AAA),3,2252,6756,2706,40.05328596802842,Иванов Сергей,Выдан
26.08.2024 - 14:45,Заказ,Кабель USB - Lightning (Foxconn),1,583,583,440,75.47169811320755,Петров Роман,Выдан
26.08.2024 - 15:30,Заказ,Дисплей iPhone 11 (Копия AAA),1,2440,2440,1106,45.32786885245902,Сидоров Алексей,Выдан
26.08.2024 - 15:39,Заказ,Установка Windows 10/11 + Драйвера,1,1124,1124,1124,100.0,Администратор,Выдан
26.08.2024 - 16:23,Заказ,Наклейка защитного стекла (Услуга),1,212,212,212,100.0,Сидоров Алексей,Выдан
26.08.2024 - 16:31,Продажа,Чехол силиконовый прозрачный,1,326,326,265,81.28834355828221,Иванов Сергей,
26.08.2024 - 19:04,Продажа,Жесткий диск Seagate BarraCuda 1TB,1,4167,4167,1155,27.717782577393805,Администратор,
27.08.2024 - 10:58,Заказ,Дисплей iPhone 11 (Копия AAA),1,2475,2475,1087,43.91919191919192,Иванов Сергей,Выдан
27.08.2024 - 13:53,Заказ,Кабель USB - Lightning (Foxconn),1,638,638,486,76.17554858934169,Администратор,Выдан
27.08.2024 - 15:22,Заказ,Установка Windows 10/11 + Драйвера,1,1201,1201,1201,100.0,Администратор,Выдан
27.08.2024 - 16:48,Заказ,16GB USB 2.0 Flash Drive SmartBuy,1,449,449,255,56.792873051224944,Иванов Сергей,Выдан
27.08.2024 - 17:37,Заказ,Наклейка защитного стекла (Услуга),1,182,182,182,100.0,Сидоров Алексей,Выдан
27.08.2024 - 18:53,Заказ,Дисплей iPhone 11 (Копия AAA),1,2640,2640,1188,45.0,Иванов Сергей,Выдан
27.08.2024 - 19:20,Продажа,Защитное стекло 3D для iPhone 11/XR,1,511,511,462,90.41095890410958,Иванов Сергей,
28.08.2024 - 13:02,Продажа,Чехол силиконовый прозрачный,1,283,283,223,78.79858657243817,Иванов Сергей,
28.08.2024 - 14:00,Заказ,Чистка системы охлаждения с заменой термопасты,3,1396,4188,3888,92.83667621776505,Петров Роман,Выдан
28.08.2024 - 16:12,Заказ,Прошивка Android/iOS,1,965,965,965,100.0,Сидоров Алексей,Выдан
28.08.2024 - 18:31,Продажа,16GB USB 2.0 Flash Drive SmartBuy,1,456,456,255,55.92105263157895,Сидоров Алексей,
28.08.2024 - 19:24,Заказ,Дисплей iPhone 11 (Оригинал переклей),2,5006,10012,2294,22.91250499400719,Сидоров Алексей,Выдан
29.08.2024 - 10:04,Продажа,Чехол силиконовый прозрачный,1,275,275,213,77.45454545454545,Сидоров Алексей,
29.08.2024 - 10:52,Заказ,Наклейка защитного стекла (Услуга),1,189,189,189,100.0,Петров Роман,Выдан
29.08.2024 - 12:49,Заказ,Восстановление цепи питания,3,4592,13776,12348,89.63414634146342,Администратор,Выдан
30.08.2024 - 11:16,Заказ,Наклейка защитного стекла (Услуга),1,211,211,211,100.0,Сидоров Алексей,Выдан
30.08.2024 - 11:17,Заказ,Диагностика,1,494,494,494,100.0,Петров Роман,Выдан
30.08.2024 - 11:36,Заказ,Дисплей iPhone 11 (Копия AAA),1,2576,2576,1189,46.15683229813665,Иванов Сергей,Выдан
30.08.2024 - 12:25,Продажа,Защитное стекло 3D для iPhone 11/XR,1,540,540,489,90.55555555555556,Сидоров Алексей,
30.08.2024 - 14:06,Заказ,Чехол силиконовый прозрачный,1,298,298,237,79.53020134228188,Сидоров Алексей,Выдан
30.08.2024 - 16:55,Заказ,Восстановление цепи питания,1,4720,4720,4217,89.34322033898306,Иванов Сергей,Выдан
31.08.2024 - 11:38,Продажа,Чехол силиконовый прозрачный,1,292,292,234,80.13698630136986,Петров Роман,
31.08.2024 - 13:27,Заказ,Чехол силиконовый прозрачный,1,273,273,211,77.2893772893773,Сидоров Алексей,Выдан
31.08.2024 - 16:16,Заказ,Замена разъема зарядки (MicroUSB/Type-C),1,1237,1237,1135,91.75424413904608,Администратор,Выдан
31.08.2024 - 18:34,Заказ,Дисплей iPhone 11 (Оригинал переклей),1,4986,4986,1054,21.139189731247495,Иванов Сергей,Выдан
31.08.2024 - 19:16,Заказ,Наклейка защитного стекла (Услуга),1,199,199,199,100.0,Иванов Сергей,Выдан
01.09.2024 - 11:15,Продажа,Кабель USB - Lightning (Foxconn),1,585,585,436,74.52991452991454,Петров Роман,
01.09.2024 - 11:40,Продажа,Защитное стекло 3D для iPhone 11/XR,1,502,502,451,89.8406374501992,Петров Роман,
01.09.2024 - 11:52,Заказ,Диагностика,1,488,488,488,100.0,Администратор,Выдан
01.09.2024 - 12:00,Продажа,Чехол силиконовый прозрачный,1,270,270,208,77.03703703703704,Сидоров Алексей,
01.09.2024 - 12:44,Продажа,16GB USB 2.0 Flash Drive SmartBuy,1,445,445,255,57.30337078651685,Администратор,
01.09.2024 - 13:28,Заказ,Дисплей iPhone 11 (Копия AAA),1,2594,2594,1192,45.95219737856592,Петров Роман,Выдан
01.09.2024 - 16:21,Заказ,Чистка системы охлаждения с заменой термопасты,1,1550,1550,1454,93.80645161290323,Администратор,Выдан
01.09.2024 - 17:33,Заказ,Восстановление цепи питания,1,4459,4459,3950,88.58488450325184,Администратор,Выдан
01.09.2024 - 17:50,Заказ,Установка Windows 10/11 + Драйвера,1,1259,1259,1259,100.0,Иванов Сергей,Выдан
01.09.2024 - 18:51,Продажа,Чехол силиконовый прозрачный,1,308,308,247,80.1948051948052,Иванов Сергей,
02.09.2024 - 10:03,Заказ,Аккумулятор Samsung Galaxy A51 (EB-BA515),1,1315,1315,766,58.250950570342205,Иванов Сергей,Выдан
02.09.2024 - 11:37,Заказ,Кабель USB - Lightning (Foxconn),1,648,648,491,75.77160493827161,Петров Роман,Выдан
02.09.2024 - 12:03,Заказ,Прошивка Android/iOS,1,962,962,962,100.0,Сидоров Алексей,Выдан
02.09.2024 - 13:11,Заказ,Замена разъема зарядки (MicroUSB/Type-C),1,1090,1090,993,91.10091743119267,Администратор,Выдан
02.09.2024 - 15:27,Продажа,Блок питания Apple 20W (Copy),1,1107,1107,707,63.866305329719964,Петров Роман,
02.09.2024 - 17:17,Заказ,Кабель USB - Lightning (Foxconn),1,644,644,497,77.17391304347827,Администратор,Выдан
02.09.2024 - 18:59,Заказ,Чехол силиконовый прозрачный,1,294,294,237,80.61224489795919,Петров Роман,Выдан
03.09.2024 - 13:35,Продажа,16GB USB 2.0 Flash Drive SmartBuy,1,465,465,265,56.98924731182796,Сидоров Алексей,
03.09.2024 - 14:42,Заказ,Чистка системы охлаждения с заменой термопасты,1,1570,1570,1466,93.37579617834395,Администратор,Выдан
03.09.2024 - 15:43,Заказ,"15.6"" WXGA HD LED Глянцевый 40pin (NT156WH)",1,4481,4481,1339,29.88172282972551,Сидоров Алексей,Выдан
03.09.2024 - 16:11,Заказ,Замена разъема зарядки (MicroUSB/Type-C),2,1305,2610,2418,92.64367816091954,Петров Роман,Выдан
03.09.2024 - 17:16,Заказ,Аккумулятор Samsung Galaxy A51 (EB-BA515),2,1255,2510,1434,57.13147410358565,Сидоров Алексей,Выдан
04.09.2024 - 10:31,Продажа,Чехол силиконовый прозрачный,1,276,276,218,78.98550724637681,Сидоров Алексей,
04.09.2024 - 12:14,Продажа,Кабель USB - Lightning (Foxconn),1,619,619,467,75.44426494345718,Иванов Сергей,
04.09.2024 - 12:26,Заказ,Восстановление цепи питания,1,4283,4283,3770,88.02241419565725,Администратор,Выдан
04.09.2024 - 13:08,Заказ,Диагностика,1,451,451,451,100.0,Администратор,Выдан
04.09.2024 - 13:46,Заказ,Наклейка защитного стекла (Услуга),1,191,191,191,100.0,Иванов Сергей,Выдан
04.09.2024 - 13:59,Заказ,Чехол силиконовый прозрачный,1,322,322,262,81.36645962732919,Сидоров Алексей,Выдан
04.09.2024 - 16:31,Заказ,Аккумулятор Samsung Galaxy A51 (EB-BA515),1,1241,1241,714,57.534246575342465,Сидоров Алексей,Выдан
04.09.2024 - 16:32,Заказ,Замена разъема зарядки (MicroUSB/Type-C),1,1114,1114,1014,91.02333931777379,Администратор,Выдан
04.09.2024 - 17:44,Заказ,Защитное стекло 3D для iPhone 11/XR,1,518,518,468,90.34749034749035,Иванов Сергей,Выдан
04.09.2024 - 18:59,Заказ,Установка Windows 10/11 + Драйвера,1,1284,1284,1284,100.0,Администратор,Выдан
05.09.2024 - 11:33,Заказ,Наклейка защитного стекла (Услуга),1,181,181,181,100.0,Сидоров Алексей,Выдан
05.09.2024 - 12:58,Продажа,Защитное стекло 3D для iPhone 11/XR,1,523,523,475,90.82217973231359,Сидоров Алексей,
05.09.2024 - 15:25,Заказ,Наклейка защитного стекла (Услуга),1,203,203,203,100.0,Администратор,Выдан
06.09.2024 - 10:35,Заказ,Дисплей iPhone 11 (Копия AAA),1,2688,2688,1240,46.13095238095239,Сидоров Алексей,Выдан
06.09.2024 - 11:02,Заказ,Чехол силиконовый прозрачный,1,307,307,250,81.43322475570032,Администратор,Выдан
06.09.2024 - 12:17,Заказ,Замена разъема зарядки (MicroUSB/Type-C),1,1259,1259,1159,92.0571882446386,Администратор,Выдан
06.09.2024 - 15:46,Заказ,Диагностика,1,451,451,451,100.0,Администратор,Выдан
06.09.2024 - 16:17,Продажа,Блок питания Apple 20W (Copy),1,1224,1224,840,68.62745098039215,Иванов Сергей,
06.09.2024 - 18:52,Заказ,Дисплей iPhone 11 (Оригинал переклей),1,5975,5975,2059,34.46025104602511,Администратор,Выдан
07.09.2024 - 11:18,Заказ,Чехол силиконовый прозрачный,1,329,329,272,82.67477203647417,Администратор,Выдан
07.09.2024 - 11:27,Заказ,Замена разъема зарядки (MicroUSB/Type-C),1,1103,1103,1008,91.38712601994561,Петров Роман,Выдан
07.09.2024 - 11:42,Заказ,Защитное стекло 3D для iPhone 11/XR,1,543,543,494,90.97605893186004,Администратор,Выдан
07.09.2024 - 11:59,Заказ,Чехол силиконовый прозрачный,1,293,293,232,79.18088737201366,Администратор,Выдан
07.09.2024 - 12:27,Продажа,Чехол силиконовый прозрачный,1,274,274,214,78.1021897810219,Иванов Сергей,
07.09.2024 - 13:05,Заказ,Блок питания Apple 20W (Copy),1,1190,1190,790,66.38655462184873,Сидоров Алексей,Выдан
07.09.2024 - 17:39,Заказ,16GB USB 2.0 Flash Drive SmartBuy,1,411,411,203,49.39172749391727,Петров Роман,Выдан
08.09.2024 - 10:08,Заказ,Чехол силиконовый прозрачный,1,306,306,247,80.71895424836602,Сидоров Алексей,Выдан
08.09.2024 - 11:31,Заказ,16GB USB 2.0 Flash Drive SmartBuy,2,415,830,412,49.63855421686747,Сидоров Алексей,Выдан
08.09.2024 - 15:52,Заказ,Защитное стекло 3D для iPhone 11/XR,1,470,470,418,88.93617021276596,Иванов Сергей,Выдан
08.09.2024 - 18:14,Заказ,Замена разъема зарядки (MicroUSB/Type-C),1,1295,1295,1196,92.35521235521236,Петров Роман,Выдан
08.09.2024 - 18:41,Заказ,Защитное стекло 3D для iPhone 11/XR,1,546,546,497,91.02564102564102,Администратор,Выдан
09.09.2024 - 11:56,Заказ,Чехол силиконовый прозрачный,1,315,315,258,81.9047619047619,Иванов Сергей,Выдан
09.09.2024 - 13:40,Заказ,Замена разъема зарядки (MicroUSB/Type-C),1,1113,1113,1013,91.01527403414195,Петров Роман,Выдан
09.09.2024 - 17:32,Заказ,Аккумулятор Samsung Galaxy A51 (EB-BA515),1,1160,1160,602,51.89655172413793,Петров Роман,Выдан
09.09.2024 - 17:53,Продажа,Блок питания Apple 20W (Copy),1,1123,1123,713,63.4906500445236,Иванов Сергей,
09.09.2024 - 18:01,Заказ,Замена разъема зарядки (MicroUSB/Type-C),1,1280,1280,1179,92.109375,Петров Роман,Выдан
10.09.2024 - 12:12,Заказ,Замена разъема зарядки (MicroUSB/Type-C),2,1286,2572,2366,91.99066874027993,Петров Роман,Выдан
10.09.2024 - 14:57,Заказ,Чистка системы охлаждения с заменой термопасты,1,1358,1358,1262,92.93078055964654,Администратор,Выдан
10.09.2024 - 15:38,Заказ,Защитное стекло 3D для iPhone 11/XR,1,487,487,437,89.73305954825463,Иванов Сергей,Выдан
10.09.2024 - 16:54,Заказ,Кабель USB - Lightning (Foxconn),2,624,1248,950,76.12179487179486,Администратор,Выдан
10.09.2024 - 17:30,Заказ,Кабель USB - Lightning (Foxconn),2,561,1122,824,73.44028520499108,Администратор,Выдан
10.09.2024 - 17:42,Продажа,SSD накопитель Kingston 240GB,1,2064,2064,492,23.837209302325583,Иванов Сергей,
10.09.2024 - 18:13,Заказ,Прошивка Android/iOS,2,913,1826,1826,100.0,Петров Роман,Выдан
11.09.2024 - 11:57,Заказ,Кабель USB - Lightning (Foxconn),1,597,597,442,74.03685092127303,Администратор,Выдан
11.09.2024 - 13:47,Заказ,16GB USB 2.0 Flash Drive SmartBuy,1,468,468,276,58.97435897435898,Администратор,Выдан
11.09.2024 - 16:09,Заказ,Чехол силиконовый прозрачный,1,276,276,216,78.26086956521739,Сидоров Алексей,Выдан
11.09.2024 - 16:42,Заказ,Диагностика,1,540,540,540,100.0,Сидоров Алексей,Выдан
11.09.2024 - 16:50,Заказ,Кабель USB - Lightning (Foxconn),1,631,631,475,75.27733755942948,Петров Роман,Выдан
11.09.2024 - 16:53,Заказ,Диагностика,1,463,463,463,100.0,Иванов Сергей,Выдан
11.09.2024 - 17:42,Заказ,Диагностика,1,546,546,546,100.0,Сидоров Алексей,Выдан
12.09.2024 - 10:49,Заказ,Защитное стекло 3D для iPhone 11/XR,1,464,464,413,89.00862068965517,Сидоров Алексей,Выдан
12.09.2024 - 11:20,Продажа,SSD накопитель Kingston 240GB,1,2380,2380,823,34.57983193277311,Администратор,
12.09.2024 - 12:57,Заказ,Установка Windows 10/11 + Драйвера,1,1126,1126,1126,100.0,Иванов Сергей,Выдан
12.09.2024 - 13:56,Заказ,Аккумулятор Samsung Galaxy A51 (EB-BA515),1,1255,1255,721,57.450199203187246,Иванов Сергей,Выдан
12.09.2024 - 15:28,Заказ,Аккумулятор Samsung Galaxy A51 (EB-BA515),1,1165,1165,616,52.87553648068669,Иванов Сергей,Выдан
12.09.2024 - 17:17,Заказ,Прошивка Android/iOS,1,1008,1008,1008,100.0,Сидоров Алексей,Выдан
12.09.2024 - 18:06,Продажа,Кабель USB - Lightning (Foxconn),1,601,601,446,74.20965058236273,Администратор,
12.09.2024 - 18:19,Продажа,Чехол силиконовый прозрачный,1,299,299,240,80.2675585284281,Администратор,
12.09.2024 - 19:28,Заказ,Диагностика,2,517,1034,1034,100.0,Сидоров Алексей,Выдан
12.09.2024 - 19:34,Заказ,Чехол силиконовый прозрачный,1,282,282,221,78.36879432624113,Администратор,Выдан
12.09.2024 - 19:46,Продажа,16GB USB 2.0 Flash Drive SmartBuy,1,415,415,206,49.63855421686747,Сидоров Алексей,
13.09.2024 - 10:09,Заказ,SSD накопитель Kingston 240GB,1,2115,2115,607,28.699763593380617,Сидоров Алексей,Выдан
13.09.2024 - 10:14,Заказ,Аккумулятор Samsung Galaxy A51 (EB-BA515),1,1317,1317,781,59.301442672741075,Сидоров Алексей,Выдан
13.09.2024 - 13:16,Заказ,Чехол силиконовый прозрачный,1,329,329,267,81.15501519756839,Иванов Сергей,Выдан
13.09.2024 - 14:50,Заказ,Аккумулятор Samsung Galaxy A51 (EB-BA515),1,1250,1250,696,55.67999999999999,Сидоров Алексей,Выдан
13.09.2024 - 14:56,Заказ,Прошивка Android/iOS,1,1073,1073,1073,100.0,Иванов Сергей,Выдан
13.09.2024 - 15:52,Заказ,16GB USB 2.0 Flash Drive SmartBuy,1,463,463,262,56.587473002159825,Иванов Сергей,Выдан
13.09.2024 - 16:08,Заказ,Замена разъема зарядки (MicroUSB/Type-C),1,1093,1093,994,90.9423604757548,Сидоров Алексей,Выдан
13.09.2024 - 17:05,Заказ,Кабель USB - Lightning (Foxconn),1,554,554,405,73.10469314079423,Сидоров Алексей,Выдан
13.09.2024 - 17:44,Заказ,16GB USB 2.0 Flash Drive SmartBuy,1,489,489,288,58.895705521472394,Петров Роман,Выдан
14.09.2024 - 13:32,Заказ,Наклейка защитного стекла (Услуга),1,216,216,216,100.0,Петров Роман,Выдан
14.09.2024 - 14:15,Заказ,Чистка системы охлаждения с заменой термопасты,1,1385,1385,1289,93.06859205776173,Иванов Сергей,Выдан
14.09.2024 - 14:36,Заказ,Дисплей iPhone 11 (Копия AAA),1,2581,2581,1235,47.84967067028283,Иванов Сергей,Выдан
14.09.2024 - 16:53,Заказ,Чехол силиконовый прозрачный,1,299,299,242,80.93645484949833,Иванов Сергей,Выдан
14.09.2024 - 16:59,Продажа,Защитное стекло 3D для iPhone 11/XR,1,461,461,411,89.15401301518439,Администратор,
15.09.2024 - 13:50,Заказ,Восстановление цепи питания,1,4554,4554,4043,88.77909530083443,Сидоров Алексей,Выдан
15.09.2024 - 14:04,Заказ,Кабель USB - Lightning (Foxconn),1,600,600,456,76.0,Сидоров Алексей,Выдан
15.09.2024 - 14:57,Заказ,Защитное стекло 3D для iPhone 11/XR,1,469,469,422,89.97867803837953,Сидоров Алексей,Выдан
15.09.2024 - 16:09,Заказ,Установка Windows 10/11 + Драйвера,1,1117,1117,1117,100.0,Сидоров Алексей,Выдан
15.09.2024 - 16:40,Заказ,Прошивка Android/iOS,2,961,1922,1922,100.0,Сидоров Алексей,Выдан
15.09.2024 - 17:39,Заказ,Восстановление цепи питания,1,4186,4186,3693,88.22264691829909,Иванов Сергей,Выдан
15.09.2024 - 18:00,Заказ,Диагностика,1,521,521,521,100.0,Иванов Сергей,Выдан
15.09.2024 - 18:14,Продажа,16GB USB 2.0 Flash Drive SmartBuy,1,427,427,223,52.2248243559719,Сидоров Алексей,
15.09.2024 - 19:29,Заказ,Прошивка Android/iOS,1,965,965,965,100.0,Администратор,Выдан
16.09.2024 - 13:03,Продажа,16GB USB 2.0 Flash Drive SmartBuy,1,479,479,273,56.9937369519833,Петров Роман,
16.09.2024 - 16:25,Заказ,Чистка системы охлаждения с заменой термопасты,1,1423,1423,1320,92.76177090653549,Администратор,Выдан
16.09.2024 - 16:43,Заказ,Дисплей iPhone 11 (Копия AAA),1,2664,2664,1253,47.03453453453454,Сидоров Алексей,Выдан
17.09.2024 - 15:11,Заказ,Аккумулятор Samsung Galaxy A51 (EB-BA515),1,1236,1236,667,53.96440129449837,Администратор,Выдан
17.09.2024 - 15:45,Заказ,Аккумулятор Samsung Galaxy A51 (EB-BA515),1,1171,1171,628,53.62937660119555,Петров Роман,Выдан
17.09.2024 - 17:23,Заказ,Установка Windows 10/11 + Драйвера,1,1250,1250,1250,100.0,Администратор,Выдан
18.09.2024 - 13:39,Заказ,Установка Windows 10/11 + Драйвера,1,1228,1228,1228,100.0,Петров Роман,Выдан
18.09.2024 - 14:30,Заказ,Замена разъема зарядки (MicroUSB/Type-C),1,1305,1305,1206,92.41379310344827,Сидоров Алексей,Выдан
19.09.2024 - 10:40,Продажа,Кабель USB - Lightning (Foxconn),2,586,1172,874,74.57337883959045,Сидоров Алексей,
19.09.2024 - 14:51,Заказ,16GB USB 2.0 Flash Drive SmartBuy,1,405,405,208,51.358024691358025,Сидоров Алексей,Выдан
19.09.2024 - 15:39,Продажа,SSD накопитель Kingston 240GB,1,1996,1996,514,25.751503006012022,Иванов Сергей,
19.09.2024 - 19:01,Заказ,Чехол силиконовый прозрачный,1,325,325,268,82.46153846153847,Администратор,Выдан
20.09.2024 - 10:14,Заказ,Блок питания Apple 20W (Copy),1,1198,1198,798,66.6110183639399,Иванов Сергей,Выдан
20.09.2024 - 13:42,Заказ,Наклейка защитного стекла (Услуга),1,216,216,216,100.0,Сидоров Алексей,Выдан
20.09.2024 - 15:22,Продажа,Защитное стекло 3D для iPhone 11/XR,1,462,462,415,89.82683982683982,Сидоров Алексей,
20.09.2024 - 15:28,Продажа,16GB USB 2.0 Flash Drive SmartBuy,1,472,472,275,58.26271186440678,Иванов Сергей,
20.09.2024 - 15:45,Продажа,Чехол силиконовый прозрачный,1,313,313,251,80.19169329073482,Иванов Сергей,
20.09.2024 - 16:33,Заказ,Кабель USB - Lightning (Foxconn),1,613,613,469,76.5089722675367,Петров Роман,Выдан
21.09.2024 - 11:12,Продажа,Блок питания Apple 20W (Copy),1,1105,1105,709,64.16289592760181,Администратор,
21.09.2024 - 11:40,Заказ,Дисплей iPhone 11 (Копия AAA),1,2725,2725,1373,50.38532110091744,Петров Роман,Выдан
21.09.2024 - 13:37,Заказ,Чистка системы охлаждения с заменой термопасты,1,1644,1644,1548,94.16058394160584,Иванов Сергей,Выдан
21.09.2024 - 13:46,Заказ,Защитное стекло 3D для iPhone 11/XR,1,487,487,437,89.73305954825463,Администратор,Выдан
21.09.2024 - 15:09,Заказ,Диагностика,1,462,462,462,100.0,Сидоров Алексей,Выдан
21.09.2024 - 15:29,Заказ,Чистка системы охлаждения с заменой термопасты,2,1598,3196,3006,94.05506883604505,Сидоров Алексей,Выдан
21.09.2024 - 16:31,Заказ,Наклейка защитного стекла (Услуга),2,204,408,408,100.0,Администратор,Выдан
21.09.2024 - 16:32,Продажа,Чехол силиконовый прозрачный,1,303,303,246,81.1881188118812,Петров Роман,
21.09.2024 - 17:38,Заказ,"15.6"" WXGA HD LED Глянцевый 40pin (NT156WH)",1,4521,4521,1276,28.223844282238442,Петров Роман,Выдан
21.09.2024 - 19:54,Заказ,Чехол силиконовый прозрачный,1,309,309,247,79.93527508090615,Администратор,Выдан
22.09.2024 - 15:25,Заказ,Чехол силиконовый прозрачный,1,313,313,252,80.5111821086262,Иванов Сергей,Выдан
22.09.2024 - 16:28,Заказ,Прошивка Android/iOS,1,1056,1056,1056,100.0,Иванов Сергей,Выдан
22.09.2024 - 16:35,Заказ,Блок питания Apple 20W (Copy),1,1256,1256,855,68.07324840764332,Петров Роман,Выдан
22.09.2024 - 18:41,Заказ,Дисплей iPhone 11 (Оригинал переклей),1,5934,5934,2022,34.07482305358948,Сидоров Алексей,Выдан
22.09.2024 - 19:13,Продажа,Кабель USB - Lightning (Foxconn),1,613,613,461,75.20391517128874,Администратор,
22.09.2024 - 19:56,Заказ,Диагностика,1,470,470,470,100.0,Сидоров Алексей,Выдан
23.09.2024 - 11:16,Заказ,Наклейка защитного стекла (Услуга),1,201,201,201,100.0,Иванов Сергей,Выдан
23.09.2024 - 11:41,Продажа,Блок питания Apple 20W (Copy),3,1270,3810,2610,68.50393700787401,Администратор,
23.09.2024 - 12:24,Заказ,Замена разъема зарядки (MicroUSB/Type-C),1,1167,1167,1067,91.43101970865467,Петров Роман,Выдан
23.09.2024 - 14:10,Заказ,Чистка системы охлаждения с заменой термопасты,1,1495,1495,1391,93.04347826086956,Сидоров Алексей,Выдан
23.09.2024 - 14:18,Продажа,16GB USB 2.0 Flash Drive SmartBuy,1,470,470,275,58.51063829787234,Сидоров Алексей,
23.09.2024 - 16:18,Заказ,Чистка системы охлаждения с заменой термопасты,1,1351,1351,1253,92.74611398963731,Иванов Сергей,Выдан
23.09.2024 - 16:18,Заказ,Дисплей iPhone 11 (Копия AAA),1,2481,2481,1077,43.409915356711004,Петров Роман,Выдан
23.09.2024 - 16:23,Заказ,Кабель USB - Lightning (Foxconn),1,586,586,442,75.42662116040955,Администратор,Выдан
23.09.2024 - 17:46,Заказ,Диагностика,1,534,534,534,100.0,Иванов Сергей,Выдан
24.09.2024 - 10:05,Продажа,16GB USB 2.0 Flash Drive SmartBuy,1,442,442,237,53.619909502262445,Сидоров Алексей,
24.09.2024 - 13:28,Заказ,Установка Windows 10/11 + Драйвера,1,1209,1209,1209,100.0,Администратор,Выдан
24.09.2024 - 14:10,Заказ,Установка Windows 10/11 + Драйвера,1,1275,1275,1275,100.0,Сидоров Алексей,Выдан
24.09.2024 - 15:33,Заказ,Чистка системы охлаждения с заменой термопасты,1,1605,1605,1507,93.89408099688474,Администратор,Выдан
24.09.2024 - 17:40,Заказ,Защитное стекло 3D для iPhone 11/XR,1,491,491,441,89.81670061099797,Сидоров Алексей,Выдан
24.09.2024 - 19:02,Продажа,Кабель USB - Lightning (Foxconn),1,651,651,500,76.80491551459293,Сидоров Алексей,
24.09.2024 - 19:42,Заказ,Восстановление цепи питания,1,4419,4419,3908,88.43629780493323,Администратор,Выдан
25.09.2024 - 11:35,Заказ,Дисплей iPhone 11 (Копия AAA),1,2319,2319,949,40.922811556705476,Петров Роман,Выдан
25.09.2024 - 13:18,Заказ,Кабель USB - Lightning (Foxconn),1,653,653,502,76.87595712098009,Администратор,Выдан
25.09.2024 - 15:52,Заказ,Дисплей iPhone 11 (Копия AAA),1,2257,2257,872,38.63535666814356,Администратор,Выдан
25.09.2024 - 18:56,Заказ,Диагностика,1,540,540,540,100.0,Иванов Сергей,Выдан
25.09.2024 - 19:15,Продажа,Кабель USB - Lightning (Foxconn),2,647,1294,984,76.04327666151468,Администратор,
26.09.2024 - 10:50,Заказ,Чехол силиконовый прозрачный,1,289,289,231,79.93079584775087,Администратор,Выдан
26.09.2024 - 12:21,Заказ,Диагностика,1,531,531,531,100.0,Сидоров Алексей,Выдан
26.09.2024 - 14:03,Заказ,Аккумулятор Samsung Galaxy A51 (EB-BA515),2,1125,2250,1154,51.288888888888884,Сидоров Алексей,Выдан
26.09.2024 - 14:30,Заказ,Кабель USB - Lightning (Foxconn),1,590,590,448,75.9322033898305,Иванов Сергей,Выдан
26.09.2024 - 15:07,Заказ,Аккумулятор Samsung Galaxy A51 (EB-BA515),3,1313,3939,2304,58.49200304645849,Петров Роман,Выдан
26.09.2024 - 17:23,Заказ,Чистка системы охлаждения с заменой термопасты,2,1532,3064,2858,93.27676240208878,Петров Роман,Выдан
26.09.2024 - 17:36,Заказ,Защитное стекло 3D для iPhone 11/XR,1,471,471,423,89.80891719745223,Иванов Сергей,Выдан
26.09.2024 - 18:44,Заказ,Наклейка защитного стекла (Услуга),1,180,180,180,100.0,Администратор,Выдан
26.09.2024 - 19:09,Заказ,Прошивка Android/iOS,1,949,949,949,100.0,Иванов Сергей,Выдан
27.09.2024 - 10:34,Заказ,Наклейка защитного стекла (Услуга),1,190,190,190,100.0,Петров Роман,Выдан
27.09.2024 - 12:13,Заказ,Диагностика,1,520,520,520,100.0,Администратор,Выдан
27.09.2024 - 12:37,Заказ,Диагностика,1,495,495,495,100.0,Петров Роман,Выдан
27.09.2024 - 14:55,Заказ,Установка Windows 10/11 + Драйвера,1,1299,1299,1299,100.0,Администратор,Выдан
27.09.2024 - 18:50,Заказ,Установка Windows 10/11 + Драйвера,1,1237,1237,1237,100.0,Петров Роман,Выдан
27.09.2024 - 19:29,Продажа,Защитное стекло 3D для iPhone 11/XR,1,511,511,462,90.41095890410958,Петров Роман,
28.09.2024 - 17:20,Заказ,Установка Windows 10/11 + Драйвера,1,1158,1158,1158,100.0,Иванов Сергей,Выдан
28.09.2024 - 17:40,Заказ,Защитное стекло 3D для iPhone 11/XR,1,501,501,451,90.01996007984032,Петров Роман,Выдан
29.09.2024 - 10:29,Заказ,Блок питания Apple 20W (Copy),1,1140,1140,737,64.64912280701755,Администратор,Выдан
29.09.2024 - 13:16,Продажа,Кабель USB - Lightning (Foxconn),1,565,565,414,73.27433628318583,Иванов Сергей,
29.09.2024 - 17:32,Продажа,Чехол силиконовый прозрачный,3,321,963,783,81.30841121495327,Сидоров Алексей,
30.09.2024 - 10:00,Продажа,Чехол силиконовый прозрачный,1,287,287,226,78.74564459930313,Петров Роман,
30.09.2024 - 11:08,Заказ,Защитное стекло 3D для iPhone 11/XR,1,484,484,433,89.46280991735537,Иванов Сергей,Выдан
30.09.2024 - 14:35,Заказ,Чехол силиконовый прозрачный,1,300,300,239,79.66666666666666,Иванов Сергей,Выдан
30.09.2024 - 18:10,Заказ,16GB USB 2.0 Flash Drive SmartBuy,1,494,494,293,59.311740890688256,Администратор,Выдан
01.10.2024 - 10:08,Заказ,Дисплей iPhone 11 (Копия AAA),1,2552,2552,1187,46.51253918495298,Петров Роман,Выдан
01.10.2024 - 10:38,Заказ,Чехол силиконовый прозрачный,1,300,300,238,79.33333333333333,Петров Роман,Выдан
01.10.2024 - 11:38,Продажа,Кабель USB - Lightning (Foxconn),1,568,568,414,72.88732394366197,Администратор,
01.10.2024 - 13:22,Заказ,Восстановление цепи питания,2,4440,8880,7874,88.67117117117117,Администратор,Выдан
01.10.2024 - 14:50,Заказ,Замена разъема зарядки (MicroUSB/Type-C),1,1221,1221,1122,91.8918918918919,Администратор,Выдан
01.10.2024 - 18:23,Продажа,Кабель USB - Lightning (Foxconn),1,550,550,396,72.0,Иванов Сергей,
01.10.2024 - 19:21,Заказ,16GB USB 2.0 Flash Drive SmartBuy,1,427,427,229,53.62997658079626,Иванов Сергей,Выдан
01.10.2024 - 19:34,Продажа,Чехол силиконовый прозрачный,2,304,608,484,79.60526315789474,Петров Роман,
02.10.2024 - 10:39,Заказ,Аккумулятор Samsung Galaxy A51 (EB-BA515),1,1201,1201,633,52.70607826810991,Петров Роман,Выдан
02.10.2024 - 13:33,Заказ,Дисплей iPhone 11 (Оригинал переклей),1,5493,5493,1732,31.53103950482432,Иванов Сергей,Выдан
02.10.2024 - 13:48,Заказ,Защитное стекло 3D для iPhone 11/XR,1,458,458,408,89.08296943231441,Иванов Сергей,Выдан
02.10.2024 - 15:42,Заказ,Замена разъема зарядки (MicroUSB/Type-C),1,1212,1212,1108,91.41914191419141,Иванов Сергей,Выдан
02.10.2024 - 18:01,Заказ,Установка Windows 10/11 + Драйвера,1,1090,1090,1090,100.0,Администратор,Выдан
02.10.2024 - 18:08,Заказ,"15.6"" WXGA HD LED Глянцевый 40pin (NT156WH)",1,4755,4755,1620,34.06940063091483,Иванов Сергей,Выдан
03.10.2024 - 10:11,Продажа,Блок питания Apple 20W (Copy),1,1128,1128,734,65.0709219858156,Администратор,
03.10.2024 - 11:41,Заказ,Защитное стекло 3D для iPhone 11/XR,2,479,958,854,89.14405010438414,Сидоров Алексей,Выдан
03.10.2024 - 12:23,Заказ,Замена разъема зарядки (MicroUSB/Type-C),1,1206,1206,1105,91.62520729684908,Петров Роман,Выдан
03.10.2024 - 14:50,Заказ,SSD накопитель Kingston 240GB,2,2226,4452,1448,32.52470799640611,Петров Роман,Выдан
03.10.2024 - 16:58,Заказ,Наклейка защитного стекла (Услуга),1,207,207,207,100.0,Сидоров Алексей,Выдан
04.10.2024 - 10:15,Заказ,Восстановление цепи питания,1,4558,4558,4071,89.3154892496709,Администратор,Выдан
04.10.2024 - 10:58,Заказ,Замена разъема зарядки (MicroUSB/Type-C),2,1292,2584,2380,92.10526315789474,Сидоров Алексей,Выдан
04.10.2024 - 11:26,Заказ,Дисплей iPhone 11 (Оригинал переклей),1,5161,5161,1188,23.018794807207907,Петров Роман,Выдан
04.10.2024 - 11:45,Заказ,Замена разъема зарядки (MicroUSB/Type-C),1,1294,1294,1193,92.19474497681608,Петров Роман,Выдан
04.10.2024 - 12:55,Заказ,Аккумулятор Samsung Galaxy A51 (EB-BA515),1,1230,1230,680,55.28455284552846,Администратор,Выдан
04.10.2024 - 13:21,Заказ,Чехол силиконовый прозрачный,3,280,840,660,78.57142857142857,Иванов Сергей,Выдан
04.10.2024 - 16:12,Продажа,Защитное стекло 3D для iPhone 11/XR,1,507,507,456,89.94082840236686,Иванов Сергей,
04.10.2024 - 18:08,Заказ,Замена разъема зарядки (MicroUSB/Type-C),2,1236,2472,2274,91.99029126213593,Администратор,Выдан
04.10.2024 - 18:22,Заказ,Чистка системы охлаждения с заменой термопасты,1,1399,1399,1301,92.99499642601859,Сидоров Алексей,Выдан
05.10.2024 - 10:22,Заказ,Аккумулятор Samsung Galaxy A51 (EB-BA515),1,1146,1146,581,50.698080279232116,Сидоров Алексей,Выдан
05.10.2024 - 10:51,Заказ,Чехол силиконовый прозрачный,3,279,837,660,78.85304659498208,Администратор,Выдан
05.10.2024 - 11:25,Заказ,Прошивка Android/iOS,2,1004,2008,2008,100.0,Петров Роман,Выдан
05.10.2024 - 12:15,Заказ,Замена разъема зарядки (MicroUSB/Type-C),1,1270,1270,1170,92.1259842519685,Иванов Сергей,Выдан
05.10.2024 - 12:42,Заказ,Прошивка Android/iOS,1,996,996,996,100.0,Администратор,Выдан
05.10.2024 - 13:28,Заказ,Диагностика,1,527,527,527,100.0,Администратор,Выдан
05.10.2024 - 13:47,Продажа,Чехол силиконовый прозрачный,1,318,318,260,81.76100628930818,Иванов Сергей,
05.10.2024 - 14:38,Заказ,Чистка системы охлаждения с заменой термопасты,1,1536,1536,1437,93.5546875,Иванов Сергей,Выдан
05.10.2024 - 16:28,Заказ,Установка Windows 10/11 + Драйвера,1,1163,1163,1163,100.0,Иванов Сергей,Выдан
05.10.2024 - 18:54,Продажа,Жесткий диск Seagate BarraCuda 1TB,3,3572,10716,1755,16.377379619260918,Администратор,
06.10.2024 - 11:03,Заказ,Защитное стекло 3D для iPhone 11/XR,1,502,502,452,90.0398406374502,Иванов Сергей,Выдан
06.10.2024 - 12:20,Заказ,SSD накопитель Kingston 240GB,1,2238,2238,693,30.96514745308311,Петров Роман,Выдан
06.10.2024 - 13:04,Заказ,Дисплей iPhone 11 (Оригинал переклей),1,6004,6004,2185,36.392405063291136,Иванов Сергей,Выдан
06.10.2024 - 13:08,Заказ,Чистка системы охлаждения с заменой термопасты,1,1595,1595,1498,93.91849529780563,Администратор,Выдан
06.10.2024 - 14:33,Заказ,Чистка системы охлаждения с заменой термопасты,1,1444,1444,1341,92.86703601108033,Сидоров Алексей,Выдан
07.10.2024 - 10:26,Продажа,Кабель USB - Lightning (Foxconn),1,549,549,397,72.31329690346084,Сидоров Алексей,
07.10.2024 - 11:39,Заказ,Кабель USB - Lightning (Foxconn),2,567,1134,848,74.77954144620811,Петров Роман,Выдан
07.10.2024 - 12:27,Заказ,Дисплей iPhone 11 (Оригинал переклей),1,6022,6022,2285,37.94420458319495,Петров Роман,Выдан
07.10.2024 - 14:14,Заказ,Установка Windows 10/11 + Драйвера,1,1175,1175,1175,100.0,Сидоров Алексей,Выдан
07.10.2024 - 14:27,Заказ,Замена разъема зарядки (MicroUSB/Type-C),1,1228,1228,1126,91.69381107491856,Администратор,Выдан
07.10.2024 - 16:46,Заказ,Аккумулятор Samsung Galaxy A51 (EB-BA515),1,1236,1236,708,57.28155339805825,Петров Роман,Выдан
07.10.2024 - 18:56,Продажа,Чехол силиконовый прозрачный,3,285,855,675,78.94736842105263,Петров Роман,
08.10.2024 - 11:02,Заказ,Наклейка защитного стекла (Услуга),1,180,180,180,100.0,Иванов Сергей,Выдан
08.10.2024 - 11:36,Заказ,16GB USB 2.0 Flash Drive SmartBuy,1,431,431,234,54.292343387471,Иванов Сергей,Выдан
08.10.2024 - 13:26,Заказ,Восстановление цепи питания,1,4848,4848,4340,89.52145214521452,Иванов Сергей,Выдан
08.10.2024 - 13:56,Заказ,Аккумулятор Samsung Galaxy A51 (EB-BA515),1,1304,1304,741,56.825153374233125,Иванов Сергей,Выдан
08.10.2024 - 17:14,Продажа,Защитное стекло 3D для iPhone 11/XR,1,503,503,452,89.86083499005964,Администратор,
08.10.2024 - 17:56,Заказ,Наклейка защитного стекла (Услуга),1,215,215,215,100.0,Сидоров Алексей,Выдан
08.10.2024 - 18:10,Заказ,Чехол силиконовый прозрачный,1,297,297,236,79.46127946127946,Иванов Сергей,Выдан
09.10.2024 - 10:02,Продажа,Чехол силиконовый прозрачный,1,304,304,245,80.5921052631579,Петров Роман,
09.10.2024 - 17:48,Заказ,Дисплей iPhone 11 (Копия AAA),1,2332,2332,878,37.65008576329331,Иванов Сергей,Выдан
09.10.2024 - 17:53,Заказ,16GB USB 2.0 Flash Drive SmartBuy,1,427,427,229,53.62997658079626,Петров Роман,Выдан
09.10.2024 - 18:00,Заказ,Наклейка защитного стекла (Услуга),1,204,204,204,100.0,Администратор,Выдан
09.10.2024 - 18:22,Заказ,Кабель USB - Lightning (Foxconn),1,638,638,495,77.58620689655173,Сидоров Алексей,Выдан
10.10.2024 - 10:00,Заказ,Дисплей iPhone 11 (Оригинал переклей),2,6044,12088,4522,37.409000661813366,Петров Роман,Выдан
10.10.2024 - 10:22,Продажа,Защитное стекло 3D для iPhone 11/XR,1,489,489,438,89.57055214723927,Иванов Сергей,
10.10.2024 - 13:22,Заказ,Дисплей iPhone 11 (Копия AAA),1,2582,2582,1170,45.3137103020914,Иванов Сергей,Выдан
10.10.2024 - 14:08,Заказ,Кабель USB - Lightning (Foxconn),1,615,615,468,76.09756097560975,Сидоров Алексей,Выдан
10.10.2024 - 16:17,Продажа,16GB USB 2.0 Flash Drive SmartBuy,1,492,492,291,59.14634146341463,Петров Роман,
10.10.2024 - 16:24,Заказ,Защитное стекло 3D для iPhone 11/XR,1,530,530,478,90.18867924528303,Петров Роман,Выдан
10.10.2024 - 19:52,Заказ,Дисплей iPhone 11 (Оригинал переклей),1,5849,5849,1868,31.937083262096085,Сидоров Алексей,Выдан
11.10.2024 - 11:25,Продажа,Чехол силиконовый прозрачный,1,303,303,243,80.19801980198021,Иванов Сергей,
11.10.2024 - 14:25,Заказ,Аккумулятор Samsung Galaxy A51 (EB-BA515),2,1215,2430,1328,54.65020576131687,Иванов Сергей,Выдан
11.10.2024 - 15:05,Заказ,"15.6"" WXGA HD LED Глянцевый 40pin (NT156WH)",1,4536,4536,1314,28.968253968253972,Администратор,Выдан
11.10.2024 - 15:35,Заказ,SSD накопитель Kingston 240GB,1,2173,2173,719,33.08789691670502,Сидоров Алексей,Выдан
11.10.2024 - 18:09,Заказ,Установка Windows 10/11 + Драйвера,1,1130,1130,1130,100.0,Петров Роман,Выдан
11.10.2024 - 18:28,Заказ,Восстановление цепи питания,1,4388,4388,3900,88.87876025524157,Администратор,Выдан
12.10.2024 - 13:41,Заказ,Чехол силиконовый прозрачный,1,302,302,242,80.13245033112582,Администратор,Выдан
12.10.2024 - 14:28,Заказ,Чехол силиконовый прозрачный,1,309,309,251,81.22977346278317,Сидоров Алексей,Выдан
12.10.2024 - 16:42,Продажа,Защитное стекло 3D для iPhone 11/XR,1,491,491,442,90.020366598778,Администратор,
12.10.2024 - 17:08,Заказ,Диагностика,1,543,543,543,100.0,Администратор,Выдан
12.10.2024 - 17:10,Заказ,Восстановление цепи питания,1,4259,4259,3759,88.26015496595446,Петров Роман,Выдан
12.10.2024 - 17:28,Заказ,16GB USB 2.0 Flash Drive SmartBuy,1,435,435,231,53.103448275862064,Петров Роман,Выдан
13.10.2024 - 10:07,Заказ,Чистка системы охлаждения с заменой термопасты,1,1409,1409,1312,93.11568488289566,Сидоров Алексей,Выдан
13.10.2024 - 12:43,Заказ,Чехол силиконовый прозрачный,1,277,277,215,77.6173285198556,Иванов Сергей,Выдан
13.10.2024 - 13:07,Продажа,Защитное стекло 3D для iPhone 11/XR,1,524,524,474,90.45801526717557,Администратор,
13.10.2024 - 16:14,Заказ,Замена разъема зарядки (MicroUSB/Type-C),1,1139,1139,1037,91.04477611940298,Иванов Сергей,Выдан
13.10.2024 - 19:21,Продажа,Кабель USB - Lightning (Foxconn),1,560,560,408,72.85714285714285,Иванов Сергей,
13.10.2024 - 19:40,Заказ,Блок питания Apple 20W (Copy),1,1241,1241,840,67.68734891216761,Администратор,Выдан
13.10.2024 - 19:41,Заказ,Защитное стекло 3D для iPhone 11/XR,1,521,521,471,90.40307101727447,Петров Роман,Выдан
14.10.2024 - 12:40,Заказ,Прошивка Android/iOS,2,1095,2190,2190,100.0,Иванов Сергей,Выдан
14.10.2024 - 13:15,Продажа,16GB USB 2.0 Flash Drive SmartBuy,1,419,419,219,52.2673031026253,Администратор,
14.10.2024 - 15:14,Заказ,Диагностика,1,528,528,528,100.0,Петров Роман,Выдан
14.10.2024 - 17:28,Заказ,Защитное стекло 3D для iPhone 11/XR,1,509,509,458,89.9803536345776,Сидоров Алексей,Выдан
14.10.2024 - 17:43,Заказ,Чистка системы охлаждения с заменой термопасты,1,1483,1483,1388,93.59406608226568,Иванов Сергей,Выдан
14.10.2024 - 19:50,Продажа,Блок питания Apple 20W (Copy),1,1080,1080,674,62.40740740740741,Администратор,
14.10.2024 - 19:55,Заказ,Установка Windows 10/11 + Драйвера,1,1307,1307,1307,100.0,Иванов Сергей,Выдан
15.10.2024 - 12:21,Продажа,Блок питания Apple 20W (Copy),1,1302,1302,921,70.73732718894009,Администратор,
15.10.2024 - 14:43,Заказ,Замена разъема зарядки (MicroUSB/Type-C),1,1295,1295,1197,92.43243243243244,Петров Роман,Выдан
15.10.2024 - 15:03,Заказ,Кабель USB - Lightning (Foxconn),1,629,629,478,75.99364069952306,Иванов Сергей,Выдан
15.10.2024 - 16:56,Продажа,Жесткий диск Seagate BarraCuda 1TB,1,3773,3773,872,23.111582295255765,Иванов Сергей,
15.10.2024 - 18:25,Заказ,Наклейка защитного стекла (Услуга),1,216,216,216,100.0,Сидоров Алексей,Выдан
16.10.2024 - 10:28,Заказ,SSD накопитель Kingston 240GB,1,2056,2056,593,28.842412451361866,Администратор,Выдан
16.10.2024 - 13:07,Заказ,Чистка системы охлаждения с заменой термопасты,1,1533,1533,1434,93.54207436399217,Петров Роман,Выдан
16.10.2024 - 19:57,Продажа,Чехол силиконовый прозрачный,1,275,275,214,77.81818181818181,Петров Роман,
17.10.2024 - 14:25,Продажа,Чехол силиконовый прозрачный,1,278,278,221,79.49640287769785,Иванов Сергей,
17.10.2024 - 14:54,Заказ,Замена разъема зарядки (MicroUSB/Type-C),1,1199,1199,1103,91.99332777314429,Иванов Сергей,Выдан
17.10.2024 - 15:29,Заказ,Прошивка Android/iOS,1,940,940,940,100.0,Сидоров Алексей,Выдан
17.10.2024 - 16:32,Продажа,Чехол силиконовый прозрачный,1,317,317,256,80.7570977917981,Сидоров Алексей,
17.10.2024 - 16:45,Заказ,Дисплей iPhone 11 (Копия AAA),1,2726,2726,1325,48.60601614086574,Иванов Сергей,Выдан
17.10.2024 - 17:53,Заказ,Защитное стекло 3D для iPhone 11/XR,1,491,491,443,90.22403258655804,Администратор,Выдан
18.10.2024 - 11:40,Заказ,Диагностика,1,455,455,455,100.0,Иванов Сергей,Выдан
18.10.2024 - 11:55,Заказ,Чехол силиконовый прозрачный,1,316,316,255,80.69620253164557,Петров Роман,Выдан
18.10.2024 - 13:19,Продажа,16GB USB 2.0 Flash Drive SmartBuy,1,424,424,220,51.886792452830186,Сидоров Алексей,
18.10.2024 - 13:49,Продажа,Чехол силиконовый прозрачный,1,298,298,238,79.86577181208054,Администратор,
18.10.2024 - 15:01,Заказ,Чехол силиконовый прозрачный,1,300,300,242,80.66666666666666,Петров Роман,Выдан
18.10.2024 - 19:48,Заказ,"15.6"" WXGA HD LED Глянцевый 40pin (NT156WH)",1,4572,4572,1340,29.308836395450566,Иванов Сергей,Выдан
19.10.2024 - 13:16,Заказ,Чистка системы охлаждения с заменой термопасты,1,1392,1392,1297,93.17528735632183,Петров Роман,Выдан
19.10.2024 - 14:24,Заказ,"15.6"" WXGA HD LED Глянцевый 40pin (NT156WH)",1,4061,4061,824,20.29056882541246,Администратор,Выдан
19.10.2024 - 14:26,Заказ,Блок питания Apple 20W (Copy),1,1158,1158,765,66.06217616580311,Петров Роман,Выдан
19.10.2024 - 15:30,Заказ,Диагностика,1,502,502,502,100.0,Петров Роман,Выдан
19.10.2024 - 18:32,Заказ,Диагностика,2,535,1070,1070,100.0,Иванов Сергей,Выдан
19.10.2024 - 19:06,Заказ,Чехол силиконовый прозрачный,1,297,297,236,79.46127946127946,Иванов Сергей,Выдан
20.10.2024 - 11:18,Заказ,Чистка системы охлаждения с заменой термопасты,1,1574,1574,1473,93.58322744599747,Иванов Сергей,Выдан
20.10.2024 - 12:14,Заказ,Аккумулятор Samsung Galaxy A51 (EB-BA515),1,1273,1273,726,57.03063629222309,Петров Роман,Выдан
21.10.2024 - 14:34,Продажа,Кабель USB - Lightning (Foxconn),1,653,653,499,76.41653905053599,Администратор,
21.10.2024 - 15:06,Заказ,Дисплей iPhone 11 (Копия AAA),1,2598,2598,1182,45.49653579676674,Сидоров Алексей,Выдан
21.10.2024 - 15:14,Заказ,Диагностика,1,529,529,529,100.0,Сидоров Алексей,Выдан
21.10.2024 - 15:15,Заказ,Защитное стекло 3D для iPhone 11/XR,1,469,469,418,89.12579957356077,Администратор,Выдан
21.10.2024 - 15:19,Заказ,"15.6"" WXGA HD LED Глянцевый 40pin (NT156WH)",1,4609,4609,1331,28.878281622911693,Петров Роман,Выдан
21.10.2024 - 16:45,Заказ,Наклейка защитного стекла (Услуга),1,191,191,191,100.0,Администратор,Выдан
21.10.2024 - 17:17,Заказ,Диагностика,1,516,516,516,100.0,Иванов Сергей,Выдан
21.10.2024 - 19:09,Заказ,Наклейка защитного стекла (Услуга),1,213,213,213,100.0,Сидоров Алексей,Выдан
21.10.2024 - 19:59,Заказ,Блок питания Apple 20W (Copy),1,1119,1119,728,65.05808757819482,Администратор,Выдан
22.10.2024 - 14:13,Заказ,16GB USB 2.0 Flash Drive SmartBuy,1,459,459,262,57.08061002178649,Петров Роман,Выдан
22.10.2024 - 16:25,Продажа,Кабель USB - Lightning (Foxconn),1,621,621,469,75.52334943639292,Сидоров Алексей,
22.10.2024 - 19:13,Заказ,Аккумулятор Samsung Galaxy A51 (EB-BA515),1,1250,1250,708,56.64,Петров Роман,Выдан
23.10.2024 - 13:13,Заказ,Дисплей iPhone 11 (Копия AAA),1,2490,2490,1052,42.24899598393574,Петров Роман,Выдан
23.10.2024 - 15:51,Заказ,16GB USB 2.0 Flash Drive SmartBuy,1,488,488,283,57.99180327868852,Сидоров Алексей,Выдан
23.10.2024 - 18:33,Заказ,"15.6"" WXGA HD LED Глянцевый 40pin (NT156WH)",1,4883,4883,1690,34.609870980954334,Сидоров Алексей,Выдан
23.10.2024 - 18:49,Заказ,Установка Windows 10/11 + Драйвера,1,1127,1127,1127,100.0,Администратор,Выдан
24.10.2024 - 10:00,Заказ,Прошивка Android/iOS,1,912,912,912,100.0,Иванов Сергей,Выдан
24.10.2024 - 10:03,Заказ,Установка Windows 10/11 + Драйвера,1,1289,1289,1289,100.0,Администратор,Выдан
24.10.2024 - 10:11,Заказ,SSD накопитель Kingston 240GB,2,2294,4588,1452,31.64777680906713,Сидоров Алексей,Выдан
24.10.2024 - 11:47,Продажа,Кабель USB - Lightning (Foxconn),1,631,631,489,77.4960380348653,Петров Роман,
24.10.2024 - 15:46,Заказ,Диагностика,1,468,468,468,100.0,Петров Роман,Выдан
24.10.2024 - 17:46,Заказ,Установка Windows 10/11 + Драйвера,1,1115,1115,1115,100.0,Администратор,Выдан
25.10.2024 - 16:20,Заказ,Кабель USB - Lightning (Foxconn),1,540,540,386,71.48148148148148,Иванов Сергей,Выдан
25.10.2024 - 17:27,Продажа,Защитное стекло 3D для iPhone 11/XR,1,465,465,415,89.24731182795699,Иванов Сергей,
25.10.2024 - 17:32,Продажа,Кабель USB - Lightning (Foxconn),1,652,652,500,76.68711656441718,Администратор,
25.10.2024 - 18:26,Продажа,Блок питания Apple 20W (Copy),1,1238,1238,829,66.96284329563812,Сидоров Алексей,
25.10.2024 - 19:47,Заказ,Дисплей iPhone 11 (Оригинал переклей),1,5036,5036,1350,26.806989674344717,Администратор,Выдан
25.10.2024 - 19:54,Заказ,Наклейка защитного стекла (Услуга),1,185,185,185,100.0,Иванов Сергей,Выдан
26.10.2024 - 13:08,Заказ,Кабель USB - Lightning (Foxconn),1,577,577,428,74.17677642980935,Иванов Сергей,Выдан
26.10.2024 - 16:54,Заказ,Наклейка защитного стекла (Услуга),1,203,203,203,100.0,Иванов Сергей,Выдан
26.10.2024 - 19:42,Продажа,Жесткий диск Seagate BarraCuda 1TB,1,3881,3881,1013,26.101520226745684,Петров Роман,
27.10.2024 - 11:14,Заказ,Наклейка защитного стекла (Услуга),1,186,186,186,100.0,Администратор,Выдан
27.10.2024 - 15:41,Заказ,Прошивка Android/iOS,2,991,1982,1982,100.0,Петров Роман,Выдан
27.10.2024 - 17:36,Продажа,Кабель USB - Lightning (Foxconn),1,623,623,474,76.08346709470305,Сидоров Алексей,
27.10.2024 - 18:19,Заказ,Наклейка защитного стекла (Услуга),1,187,187,187,100.0,Петров Роман,Выдан
27.10.2024 - 18:22,Заказ,"15.6"" WXGA HD LED Глянцевый 40pin (NT156WH)",1,4714,4714,1572,33.347475604582094,Иванов Сергей,Выдан
27.10.2024 - 19:54,Заказ,Восстановление цепи питания,1,4386,4386,3865,88.12129502963977,Петров Роман,Выдан
28.10.2024 - 11:45,Заказ,Дисплей iPhone 11 (Копия AAA),1,2682,2682,1329,49.55257270693512,Петров Роман,Выдан
28.10.2024 - 12:01,Продажа,16GB USB 2.0 Flash Drive SmartBuy,1,446,446,242,54.26008968609865,Петров Роман,
28.10.2024 - 12:13,Заказ,Восстановление цепи питания,1,4317,4317,3805,88.13991197590919,Администратор,Выдан
28.10.2024 - 13:11,Заказ,Установка Windows 10/11 + Драйвера,1,1286,1286,1286,100.0,Сидоров Алексей,Выдан
28.10.2024 - 14:27,Заказ,Чистка системы охлаждения с заменой термопасты,1,1526,1526,1422,93.18479685452162,Петров Роман,Выдан
28.10.2024 - 16:38,Заказ,"15.6"" WXGA HD LED Глянцевый 40pin (NT156WH)",1,4439,4439,1201,27.05564316287452,Администратор,Выдан
28.10.2024 - 17:58,Заказ,Наклейка защитного стекла (Услуга),1,206,206,206,100.0,Петров Роман,Выдан
29.10.2024 - 11:09,Заказ,Замена разъема зарядки (MicroUSB/Type-C),1,1257,1257,1159,92.20365950676214,Петров Роман,Выдан
29.10.2024 - 11:36,Заказ,Чистка системы охлаждения с заменой термопасты,1,1583,1583,1480,93.49336702463677,Сидоров Алексей,Выдан
29.10.2024 - 15:43,Заказ,Установка Windows 10/11 + Драйвера,1,1212,1212,1212,100.0,Петров Роман,Выдан
29.10.2024 - 16:40,Продажа,16GB USB 2.0 Flash Drive SmartBuy,1,480,480,280,58.333333333333336,Петров Роман,
29.10.2024 - 17:32,Продажа,Кабель USB - Lightning (Foxconn),1,611,611,462,75.61374795417348,Иванов Сергей,
29.10.2024 - 19:06,Продажа,16GB USB 2.0 Flash Drive SmartBuy,1,405,405,214,52.8395061728395,Администратор,
30.10.2024 - 14:03,Заказ,Восстановление цепи питания,1,4424,4424,3941,89.08227848101265,Администратор,Выдан
30.10.2024 - 15:59,Заказ,Защитное стекло 3D для iPhone 11/XR,1,505,505,454,89.9009900990099,Сидоров Алексей,Выдан
30.10.2024 - 17:56,Продажа,Защитное стекло 3D для iPhone 11/XR,1,509,509,461,90.56974459724951,Сидоров Алексей,
30.10.2024 - 17:57,Заказ,Наклейка защитного стекла (Услуга),1,182,182,182,100.0,Администратор,Выдан
30.10.2024 - 19:46,Заказ,Аккумулятор Samsung Galaxy A51 (EB-BA515),1,1132,1132,581,51.32508833922261,Иванов Сергей,Выдан
30.10.2024 - 19:49,Заказ,Чистка системы охлаждения с заменой термопасты,1,1555,1555,1454,93.50482315112541,Сидоров Алексей,Выдан
31.10.2024 - 10:37,Заказ,Восстановление цепи питания,1,4119,4119,3625,88.00679776644816,Сидоров Алексей,Выдан
31.10.2024 - 11:53,Заказ,Чистка системы охлаждения с заменой термопасты,2,1456,2912,2710,93.06318681318682,Петров Роман,Выдан
31.10.2024 - 12:05,Продажа,Кабель USB - Lightning (Foxconn),1,554,554,401,72.3826714801444,Петров Роман,
31.10.2024 - 12:59,Заказ,Дисплей iPhone 11 (Копия AAA),2,2269,4538,1716,37.8140149845747,Петров Роман,Выдан
31.10.2024 - 13:23,Заказ,Аккумулятор Samsung Galaxy A51 (EB-BA515),1,1263,1263,709,56.13618368962787,Иванов Сергей,Выдан
31.10.2024 - 13:36,Заказ,Кабель USB - Lightning (Foxconn),1,589,589,437,74.19354838709677,Иванов Сергей,Выдан
31.10.2024 - 15:50,Заказ,Чехол силиконовый прозрачный,1,277,277,219,79.06137184115524,Администратор,Выдан
31.10.2024 - 17:28,Продажа,Чехол силиконовый прозрачный,1,283,283,222,78.4452296819788,Администратор,
31.10.2024 - 18:22,Заказ,Прошивка Android/iOS,1,903,903,903,100.0,Петров Роман,Выдан
31.10.2024 - 18:40,Заказ,Аккумулятор Samsung Galaxy A51 (EB-BA515),1,1094,1094,570,52.10237659963437,Администратор,Выдан
31.10.2024 - 18:58,Заказ,16GB USB 2.0 Flash Drive SmartBuy,1,407,407,206,50.61425061425061,Иванов Сергей,Выдан
01.11.2024 - 12:50,Продажа,Защитное стекло 3D для iPhone 11/XR,1,497,497,445,89.53722334004024,Администратор,
01.11.2024 - 13:50,Заказ,Наклейка защитного стекла (Услуга),1,213,213,213,100.0,Сидоров Алексей,Выдан
01.11.2024 - 13:55,Заказ,Установка Windows 10/11 + Драйвера,1,1286,1286,1286,100.0,Сидоров Алексей,Выдан
01.11.2024 - 15:07,Заказ,Наклейка защитного стекла (Услуга),1,199,199,199,100.0,Сидоров Алексей,Выдан
01.11.2024 - 18:04,Заказ,16GB USB 2.0 Flash Drive SmartBuy,1,456,456,266,58.333333333333336,Сидоров Алексей,Выдан
02.11.2024 - 12:04,Заказ,Чехол силиконовый прозрачный,3,301,903,720,79.734219269103,Администратор,Выдан
02.11.2024 - 12:59,Заказ,Диагностика,1,500,500,500,100.0,Петров Роман,Выдан
02.11.2024 - 16:43,Заказ,Прошивка Android/iOS,1,1072,1072,1072,100.0,Сидоров Алексей,Выдан
02.11.2024 - 16:52,Заказ,Замена разъема зарядки (MicroUSB/Type-C),1,1276,1276,1176,92.16300940438872,Сидоров Алексей,Выдан
02.11.2024 - 17:45,Продажа,Чехол силиконовый прозрачный,1,280,280,218,77.85714285714286,Петров Роман,
02.11.2024 - 18:38,Продажа,SSD накопитель Kingston 240GB,1,2101,2101,527,25.083293669681105,Администратор,
02.11.2024 - 18:43,Продажа,Чехол силиконовый прозрачный,1,291,291,234,80.41237113402062,Сидоров Алексей,
02.11.2024 - 19:38,Заказ,Дисплей iPhone 11 (Копия AAA),1,2530,2530,1154,45.61264822134387,Администратор,Выдан
02.11.2024 - 19:40,Заказ,Блок питания Apple 20W (Copy),1,1128,1128,715,63.38652482269504,Петров Роман,Выдан
03.11.2024 - 11:55,Заказ,Восстановление цепи питания,1,4564,4564,4044,88.60648553900089,Администратор,Выдан
03.11.2024 - 14:56,Заказ,Замена разъема зарядки (MicroUSB/Type-C),1,1145,1145,1048,91.52838427947599,Петров Роман,Выдан
03.11.2024 - 15:28,Заказ,Защитное стекло 3D для iPhone 11/XR,1,491,491,441,89.81670061099797,Петров Роман,Выдан
03.11.2024 - 18:02,Заказ,Блок питания Apple 20W (Copy),1,1107,1107,707,63.866305329719964,Администратор,Выдан
03.11.2024 - 18:46,Заказ,Установка Windows 10/11 + Драйвера,1,1248,1248,1248,100.0,Администратор,Выдан
03.11.2024 - 19:24,Заказ,Установка Windows 10/11 + Драйвера,1,1144,1144,1144,100.0,Администратор,Выдан
04.11.2024 - 12:12,Заказ,Кабель USB - Lightning (Foxconn),1,640,640,498,77.8125,Петров Роман,Выдан
04.11.2024 - 16:47,Заказ,Восстановление цепи питания,1,4516,4516,3993,88.41895482728079,Сидоров Алексей,Выдан
04.11.2024 - 18:56,Заказ,Аккумулятор Samsung Galaxy A51 (EB-BA515),1,1136,1136,586,51.58450704225353,Иванов Сергей,Выдан
04.11.2024 - 19:20,Заказ,Установка Windows 10/11 + Драйвера,1,1213,1213,1213,100.0,Иванов Сергей,Выдан
04.11.2024 - 19:53,Продажа,Защитное стекло 3D для iPhone 11/XR,2,539,1078,976,90.53803339517626,Сидоров Алексей,
05.11.2024 - 11:02,Заказ,"15.6"" WXGA HD LED Глянцевый 40pin (NT156WH)",1,4726,4726,1602,33.89758781210326,Петров Роман,Выдан
05.11.2024 - 11:05,Продажа,16GB USB 2.0 Flash Drive SmartBuy,1,420,420,214,50.95238095238095,Петров Роман,
05.11.2024 - 12:52,Заказ,Кабель USB - Lightning (Foxconn),1,608,608,465,76.48026315789474,Иванов Сергей,Выдан
05.11.2024 - 14:57,Заказ,Чехол силиконовый прозрачный,1,276,276,215,77.89855072463769,Иванов Сергей,Выдан
05.11.2024 - 17:35,Заказ,SSD накопитель Kingston 240GB,1,2264,2264,767,33.87809187279152,Администратор,Выдан
06.11.2024 - 10:17,Заказ,Чехол силиконовый прозрачный,1,293,293,232,79.18088737201366,Сидоров Алексей,Выдан
06.11.2024 - 18:45,Продажа,16GB USB 2.0 Flash Drive SmartBuy,1,482,482,289,59.95850622406639,Петров Роман,
06.11.2024 - 18:47,Заказ,Чехол силиконовый прозрачный,1,270,270,210,77.77777777777779,Петров Роман,Выдан
06.11.2024 - 19:40,Заказ,Восстановление цепи питания,1,4861,4861,4371,89.9197695947336,Иванов Сергей,Выдан
07.11.2024 - 10:32,Заказ,Чехол силиконовый прозрачный,1,298,298,241,80.87248322147651,Администратор,Выдан
07.11.2024 - 10:57,Заказ,"15.6"" WXGA HD LED Глянцевый 40pin (NT156WH)",1,4218,4218,967,22.92555713608345,Петров Роман,Выдан
07.11.2024 - 12:55,Заказ,"15.6"" WXGA HD LED Глянцевый 40pin (NT156WH)",1,4149,4149,1013,24.415521812484936,Петров Роман,Выдан
07.11.2024 - 14:28,Заказ,Дисплей iPhone 11 (Оригинал переклей),2,5943,11886,4018,33.80447585394582,Администратор,Выдан
07.11.2024 - 15:33,Продажа,Кабель USB - Lightning (Foxconn),1,583,583,430,73.75643224699829,Сидоров Алексей,
07.11.2024 - 15:41,Заказ,Наклейка защитного стекла (Услуга),1,219,219,219,100.0,Администратор,Выдан
07.11.2024 - 16:43,Заказ,Наклейка защитного стекла (Услуга),1,195,195,195,100.0,Сидоров Алексей,Выдан
07.11.2024 - 18:39,Заказ,Дисплей iPhone 11 (Оригинал переклей),1,5470,5470,1526,27.897623400365628,Иванов Сергей,Выдан
07.11.2024 - 19:50,Заказ,Замена разъема зарядки (MicroUSB/Type-C),2,1095,2190,1984,90.59360730593608,Сидоров Алексей,Выдан
08.11.2024 - 10:41,Заказ,Прошивка Android/iOS,1,1070,1070,1070,100.0,Петров Роман,Выдан
08.11.2024 - 10:55,Заказ,Диагностика,1,531,531,531,100.0,Иванов Сергей,Выдан
08.11.2024 - 11:10,Заказ,Чистка системы охлаждения с заменой термопасты,1,1576,1576,1479,93.84517766497463,Сидоров Алексей,Выдан
08.11.2024 - 11:47,Заказ,Чехол силиконовый прозрачный,1,284,284,223,78.52112676056338,Иванов Сергей,Выдан
08.11.2024 - 12:24,Продажа,Чехол силиконовый прозрачный,1,282,282,224,79.43262411347519,Петров Роман,
08.11.2024 - 13:04,Продажа,Чехол силиконовый прозрачный,1,307,307,245,79.80456026058633,Иванов Сергей,
08.11.2024 - 13:22,Заказ,Аккумулятор Samsung Galaxy A51 (EB-BA515),1,1138,1138,566,49.73637961335677,Иванов Сергей,Выдан
08.11.2024 - 14:06,Заказ,Защитное стекло 3D для iPhone 11/XR,1,490,490,440,89.79591836734694,Петров Роман,Выдан
08.11.2024 - 15:27,Заказ,Диагностика,1,536,536,536,100.0,Иванов Сергей,Выдан
08.11.2024 - 16:27,Заказ,Диагностика,1,459,459,459,100.0,Иванов Сергей,Выдан
08.11.2024 - 17:17,Заказ,Дисплей iPhone 11 (Оригинал переклей),1,5547,5547,1667,30.05228051198846,Иванов Сергей,Выдан
08.11.2024 - 19:28,Заказ,Чистка системы охлаждения с заменой термопасты,1,1378,1378,1282,93.03338171262699,Администратор,Выдан
09.11.2024 - 10:22,Заказ,Наклейка защитного стекла (Услуга),1,214,214,214,100.0,Сидоров Алексей,Выдан
09.11.2024 - 10:35,Заказ,Чехол силиконовый прозрачный,2,302,604,480,79.47019867549669,Петров Роман,Выдан
09.11.2024 - 12:39,Заказ,Наклейка защитного стекла (Услуга),1,197,197,197,100.0,Петров Роман,Выдан
09.11.2024 - 12:48,Заказ,Наклейка защитного стекла (Услуга),1,200,200,200,100.0,Администратор,Выдан
09.11.2024 - 19:24,Продажа,Защитное стекло 3D для iPhone 11/XR,1,547,547,496,90.6764168190128,Администратор,
10.11.2024 - 12:56,Заказ,Диагностика,1,540,540,540,100.0,Петров Роман,Выдан
10.11.2024 - 14:59,Продажа,Кабель USB - Lightning (Foxconn),1,604,604,456,75.49668874172185,Петров Роман,
10.11.2024 - 15:00,Заказ,Дисплей iPhone 11 (Копия AAA),1,2286,2286,908,39.72003499562555,Сидоров Алексей,Выдан
10.11.2024 - 15:31,Заказ,Наклейка защитного стекла (Услуга),1,202,202,202,100.0,Петров Роман,Выдан
10.11.2024 - 16:42,Заказ,Чистка системы охлаждения с заменой термопасты,1,1439,1439,1336,92.84225156358582,Петров Роман,Выдан
11.11.2024 - 10:41,Заказ,Прошивка Android/iOS,1,979,979,979,100.0,Иванов Сергей,Выдан
11.11.2024 - 10:55,Заказ,Чистка системы охлаждения с заменой термопасты,1,1360,1360,1263,92.86764705882354,Администратор,Выдан
11.11.2024 - 11:24,Заказ,Кабель USB - Lightning (Foxconn),1,651,651,496,76.19047619047619,Петров Роман,Выдан
11.11.2024 - 12:23,Заказ,Диагностика,1,497,497,497,100.0,Петров Роман,Выдан
11.11.2024 - 13:26,Заказ,Чехол силиконовый прозрачный,1,288,288,228,79.16666666666666,Администратор,Выдан
11.11.2024 - 15:45,Заказ,Восстановление цепи питания,1,4504,4504,4009,89.00976909413855,Администратор,Выдан
11.11.2024 - 17:48,Продажа,16GB USB 2.0 Flash Drive SmartBuy,1,468,468,270,57.692307692307686,Петров Роман,
12.11.2024 - 14:49,Продажа,Чехол силиконовый прозрачный,2,301,602,478,79.40199335548172,Иванов Сергей,
13.11.2024 - 10:58,Заказ,Аккумулятор Samsung Galaxy A51 (EB-BA515),1,1129,1129,580,51.37289636846767,Администратор,Выдан
13.11.2024 - 12:20,Заказ,Наклейка защитного стекла (Услуга),1,193,193,193,100.0,Сидоров Алексей,Выдан
13.11.2024 - 14:12,Заказ,Кабель USB - Lightning (Foxconn),1,559,559,405,72.45080500894454,Иванов Сергей,Выдан
13.11.2024 - 16:03,Заказ,Установка Windows 10/11 + Драйвера,1,1105,1105,1105,100.0,Сидоров Алексей,Выдан
13.11.2024 - 18:42,Заказ,Установка Windows 10/11 + Драйвера,1,1315,1315,1315,100.0,Иванов Сергей,Выдан
14.11.2024 - 15:21,Заказ,Чехол силиконовый прозрачный,1,288,288,228,79.16666666666666,Сидоров Алексей,Выдан
14.11.2024 - 15:49,Заказ,Аккумулятор Samsung Galaxy A51 (EB-BA515),1,1276,1276,741,58.07210031347962,Сидоров Алексей,Выдан
14.11.2024 - 17:42,Заказ,Чехол силиконовый прозрачный,1,273,273,216,79.12087912087912,Иванов Сергей,Выдан
15.11.2024 - 10:04,Заказ,Установка Windows 10/11 + Драйвера,1,1164,1164,1164,100.0,Петров Роман,Выдан
15.11.2024 - 10:45,Заказ,16GB USB 2.0 Flash Drive SmartBuy,1,482,482,281,58.298755186722,Иванов Сергей,Выдан
15.11.2024 - 12:30,Заказ,Замена разъема зарядки (MicroUSB/Type-C),1,1231,1231,1134,92.12022745735175,Иванов Сергей,Выдан
15.11.2024 - 14:09,Заказ,Наклейка защитного стекла (Услуга),1,205,205,205,100.0,Сидоров Алексей,Выдан
15.11.2024 - 19:01,Продажа,Защитное стекло 3D для iPhone 11/XR,1,497,497,447,89.93963782696177,Петров Роман,
16.11.2024 - 11:40,Заказ,Дисплей iPhone 11 (Копия AAA),1,2441,2441,1002,41.04875051208521,Иванов Сергей,Выдан
16.11.2024 - 12:27,Продажа,Кабель USB - Lightning (Foxconn),1,589,589,446,75.72156196943973,Сидоров Алексей,
16.11.2024 - 13:27,Продажа,Защитное стекло 3D для iPhone 11/XR,1,511,511,464,90.8023483365949,Петров Роман,
16.11.2024 - 13:32,Заказ,Жесткий диск Seagate BarraCuda 1TB,1,3438,3438,431,12.536358347876671,Иванов Сергей,Выдан
16.11.2024 - 14:21,Заказ,Замена разъема зарядки (MicroUSB/Type-C),1,1149,1149,1046,91.03568320278504,Петров Роман,Выдан
16.11.2024 - 19:21,Заказ,Диагностика,1,536,536,536,100.0,Администратор,Выдан
16.11.2024 - 19:22,Заказ,Чехол силиконовый прозрачный,1,301,301,240,79.734219269103,Иванов Сергей,Выдан
17.11.2024 - 10:54,Заказ,Блок питания Apple 20W (Copy),1,1304,1304,894,68.55828220858896,Сидоров Алексей,Выдан
17.11.2024 - 12:04,Заказ,Дисплей iPhone 11 (Копия AAA),1,2555,2555,1211,47.397260273972606,Иванов Сергей,Выдан
17.11.2024 - 12:24,Заказ,Защитное стекло 3D для iPhone 11/XR,1,475,475,426,89.6842105263158,Петров Роман,Выдан
17.11.2024 - 13:38,Заказ,Прошивка Android/iOS,2,1013,2026,2026,100.0,Сидоров Алексей,Выдан
17.11.2024 - 14:03,Заказ,Защитное стекло 3D для iPhone 11/XR,1,473,473,423,89.4291754756871,Сидоров Алексей,Выдан
17.11.2024 - 14:29,Продажа,SSD накопитель Kingston 240GB,1,2016,2016,583,28.918650793650798,Сидоров Алексей,
17.11.2024 - 15:18,Заказ,Наклейка защитного стекла (Услуга),1,204,204,204,100.0,Администратор,Выдан
17.11.2024 - 18:46,Заказ,Установка Windows 10/11 + Драйвера,1,1152,1152,1152,100.0,Иванов Сергей,Выдан
17.11.2024 - 18:54,Заказ,Чистка системы охлаждения с заменой термопасты,1,1454,1454,1359,93.46629986244842,Иванов Сергей,Выдан
18.11.2024 - 10:33,Заказ,Восстановление цепи питания,1,4131,4131,3630,87.8721859114016,Иванов Сергей,Выдан
18.11.2024 - 10:52,Продажа,Кабель USB - Lightning (Foxconn),1,554,554,403,72.74368231046931,Петров Роман,
18.11.2024 - 13:53,Продажа,Чехол силиконовый прозрачный,1,293,293,233,79.5221843003413,Петров Роман,
18.11.2024 - 15:35,Заказ,Блок питания Apple 20W (Copy),3,1313,3939,2700,68.54531607006854,Петров Роман,Выдан
18.11.2024 - 18:46,Заказ,Замена разъема зарядки (MicroUSB/Type-C),1,1287,1287,1185,92.07459207459208,Петров Роман,Выдан
18.11.2024 - 19:27,Заказ,Замена разъема зарядки (MicroUSB/Type-C),1,1220,1220,1121,91.88524590163935,Петров Роман,Выдан
18.11.2024 - 19:40,Заказ,Диагностика,3,457,1371,1371,100.0,Иванов Сергей,Выдан
19.11.2024 - 10:47,Заказ,Чистка системы охлаждения с заменой термопасты,1,1583,1583,1486,93.87239418825017,Администратор,Выдан
19.11.2024 - 12:44,Заказ,16GB USB 2.0 Flash Drive SmartBuy,1,413,413,209,50.60532687651331,Иванов Сергей,Выдан
19.11.2024 - 13:56,Продажа,Защитное стекло 3D для iPhone 11/XR,1,508,508,459,90.35433070866141,Администратор,
19.11.2024 - 17:11,Заказ,Защитное стекло 3D для iPhone 11/XR,1,529,529,482,91.11531190926276,Сидоров Алексей,Выдан
19.11.2024 - 17:57,Заказ,Прошивка Android/iOS,1,948,948,948,100.0,Сидоров Алексей,Выдан
20.11.2024 - 10:15,Продажа,16GB USB 2.0 Flash Drive SmartBuy,1,477,477,275,57.65199161425576,Иванов Сергей,
20.11.2024 - 13:17,Заказ,Кабель USB - Lightning (Foxconn),1,601,601,453,75.37437603993344,Администратор,Выдан
20.11.2024 - 13:49,Продажа,Блок питания Apple 20W (Copy),1,1154,1154,742,64.29809358752166,Сидоров Алексей,
20.11.2024 - 14:23,Заказ,Чистка системы охлаждения с заменой термопасты,1,1567,1567,1467,93.61837906828335,Сидоров Алексей,Выдан
20.11.2024 - 15:35,Заказ,Жесткий диск Seagate BarraCuda 1TB,1,3467,3467,579,16.700317277184887,Иванов Сергей,Выдан
20.11.2024 - 16:22,Заказ,Чехол силиконовый прозрачный,1,280,280,220,78.57142857142857,Петров Роман,Выдан
20.11.2024 - 17:50,Продажа,Блок питания Apple 20W (Copy),1,1241,1241,825,66.47864625302175,Сидоров Алексей,
20.11.2024 - 19:25,Заказ,Защитное стекло 3D для iPhone 11/XR,1,486,486,438,90.12345679012346,Петров Роман,Выдан
20.11.2024 - 19:44,Заказ,Установка Windows 10/11 + Драйвера,1,1126,1126,1126,100.0,Петров Роман,Выдан
21.11.2024 - 10:42,Заказ,Чехол силиконовый прозрачный,1,276,276,215,77.89855072463769,Администратор,Выдан
21.11.2024 - 11:03,Заказ,Дисплей iPhone 11 (Оригинал переклей),1,5905,5905,1971,33.37849280270957,Петров Роман,Выдан
21.11.2024 - 12:31,Заказ,Защитное стекло 3D для iPhone 11/XR,1,462,462,414,89.6103896103896,Администратор,Выдан
21.11.2024 - 13:08,Продажа,Кабель USB - Lightning (Foxconn),1,654,654,499,76.29969418960245,Сидоров Алексей,
21.11.2024 - 13:17,Продажа,Чехол силиконовый прозрачный,2,296,592,474,80.06756756756756,Петров Роман,
21.11.2024 - 14:32,Заказ,Блок питания Apple 20W (Copy),1,1228,1228,825,67.18241042345277,Сидоров Алексей,Выдан
21.11.2024 - 17:43,Заказ,Чехол силиконовый прозрачный,2,276,552,430,77.89855072463769,Сидоров Алексей,Выдан
21.11.2024 - 18:44,Заказ,Чистка системы охлаждения с заменой термопасты,1,1471,1471,1370,93.13392250169953,Петров Роман,Выдан
22.11.2024 - 18:41,Продажа,Кабель USB - Lightning (Foxconn),1,631,631,477,75.59429477020603,Иванов Сергей,
22.11.2024 - 19:33,Заказ,Дисплей iPhone 11 (Копия AAA),1,2676,2676,1211,45.25411061285501,Сидоров Алексей,Выдан
22.11.2024 - 19:52,Заказ,Установка Windows 10/11 + Драйвера,1,1297,1297,1297,100.0,Администратор,Выдан
23.11.2024 - 10:22,Заказ,Дисплей iPhone 11 (Оригинал переклей),1,5048,5048,1144,22.66244057052298,Администратор,Выдан
23.11.2024 - 10:43,Продажа,Чехол силиконовый прозрачный,1,288,288,227,78.81944444444444,Иванов Сергей,
23.11.2024 - 12:34,Заказ,Диагностика,1,461,461,461,100.0,Иванов Сергей,Выдан
23.11.2024 - 16:11,Заказ,"15.6"" WXGA HD LED Глянцевый 40pin (NT156WH)",1,4760,4760,1622,34.075630252100844,Петров Роман,Выдан
23.11.2024 - 19:18,Заказ,Чехол силиконовый прозрачный,1,298,298,238,79.86577181208054,Иванов Сергей,Выдан
24.11.2024 - 10:48,Заказ,Чехол силиконовый прозрачный,1,295,295,236,80.0,Иванов Сергей,Выдан
24.11.2024 - 12:13,Заказ,Чехол силиконовый прозрачный,1,274,274,216,78.83211678832117,Администратор,Выдан
24.11.2024 - 15:20,Заказ,Диагностика,1,535,535,535,100.0,Иванов Сергей,Выдан
24.11.2024 - 19:24,Продажа,Чехол силиконовый прозрачный,1,283,283,224,79.15194346289752,Петров Роман,
24.11.2024 - 19:36,Заказ,Аккумулятор Samsung Galaxy A51 (EB-BA515),1,1196,1196,630,52.675585284280935,Иванов Сергей,Выдан
25.11.2024 - 11:09,Заказ,Установка Windows 10/11 + Драйвера,1,1124,1124,1124,100.0,Петров Роман,Выдан
25.11.2024 - 11:11,Заказ,Диагностика,1,541,541,541,100.0,Сидоров Алексей,Выдан
25.11.2024 - 12:08,Заказ,Установка Windows 10/11 + Драйвера,1,1122,1122,1122,100.0,Петров Роман,Выдан
25.11.2024 - 12:50,Заказ,Чехол силиконовый прозрачный,1,284,284,223,78.52112676056338,Петров Роман,Выдан
25.11.2024 - 12:51,Заказ,Чехол силиконовый прозрачный,1,298,298,241,80.87248322147651,Иванов Сергей,Выдан
25.11.2024 - 15:32,Заказ,Кабель USB - Lightning (Foxconn),1,577,577,432,74.87001733102254,Сидоров Алексей,Выдан
25.11.2024 - 16:58,Заказ,Наклейка защитного стекла (Услуга),1,187,187,187,100.0,Администратор,Выдан
25.11.2024 - 19:15,Заказ,Замена разъема зарядки (MicroUSB/Type-C),1,1183,1183,1081,91.37785291631445,Сидоров Алексей,Выдан
26.11.2024 - 13:06,Заказ,Диагностика,1,512,512,512,100.0,Петров Роман,Выдан
26.11.2024 - 16:43,Продажа,Чехол силиконовый прозрачный,1,287,287,227,79.09407665505228,Администратор,
26.11.2024 - 16:54,Продажа,Блок питания Apple 20W (Copy),1,1143,1143,733,64.12948381452318,Иванов Сергей,
26.11.2024 - 17:32,Заказ,Дисплей iPhone 11 (Оригинал переклей),1,5386,5386,1413,26.23468251021166,Администратор,Выдан
26.11.2024 - 17:46,Заказ,"15.6"" WXGA HD LED Глянцевый 40pin (NT156WH)",1,4469,4469,1125,25.1734168717834,Администратор,Выдан
26.11.2024 - 19:56,Заказ,Блок питания Apple 20W (Copy),1,1291,1291,873,67.62199845081332,Иванов Сергей,Выдан
27.11.2024 - 10:15,Продажа,Кабель USB - Lightning (Foxconn),1,567,567,414,73.01587301587301,Петров Роман,
27.11.2024 - 11:31,Продажа,Кабель USB - Lightning (Foxconn),1,626,626,474,75.71884984025559,Сидоров Алексей,
27.11.2024 - 11:58,Заказ,Защитное стекло 3D для iPhone 11/XR,1,515,515,464,90.09708737864077,Администратор,Выдан
27.11.2024 - 14:51,Заказ,Диагностика,1,463,463,463,100.0,Сидоров Алексей,Выдан
27.11.2024 - 15:45,Заказ,Диагностика,1,510,510,510,100.0,Петров Роман,Выдан
27.11.2024 - 16:23,Заказ,Диагностика,1,520,520,520,100.0,Сидоров Алексей,Выдан
27.11.2024 - 16:57,Заказ,Чехол силиконовый прозрачный,1,275,275,217,78.9090909090909,Сидоров Алексей,Выдан
28.11.2024 - 11:13,Заказ,Восстановление цепи питания,1,4819,4819,4298,89.1886283461299,Сидоров Алексей,Выдан
28.11.2024 - 12:48,Заказ,Чистка системы охлаждения с заменой термопасты,2,1641,3282,3078,93.78427787934186,Сидоров Алексей,Выдан
28.11.2024 - 13:24,Заказ,Дисплей iPhone 11 (Копия AAA),1,2503,2503,1122,44.82620854974031,Сидоров Алексей,Выдан
28.11.2024 - 14:44,Заказ,16GB USB 2.0 Flash Drive SmartBuy,1,411,411,203,49.39172749391727,Иванов Сергей,Выдан
28.11.2024 - 15:14,Продажа,Блок питания Apple 20W (Copy),1,1309,1309,896,68.44919786096256,Петров Роман,
28.11.2024 - 16:54,Заказ,Наклейка защитного стекла (Услуга),1,195,195,195,100.0,Сидоров Алексей,Выдан
28.11.2024 - 19:33,Заказ,Установка Windows 10/11 + Драйвера,1,1197,1197,1197,100.0,Петров Роман,Выдан
28.11.2024 - 19:39,Заказ,Чехол силиконовый прозрачный,1,290,290,230,79.3103448275862,Петров Роман,Выдан
29.11.2024 - 12:55,Заказ,Дисплей iPhone 11 (Копия AAA),1,2606,2606,1265,48.54182655410591,Петров Роман,Выдан
29.11.2024 - 13:41,Заказ,Аккумулятор Samsung Galaxy A51 (EB-BA515),1,1166,1166,639,54.80274442538593,Сидоров Алексей,Выдан
29.11.2024 - 13:46,Заказ,Наклейка защитного стекла (Услуга),1,213,213,213,100.0,Администратор,Выдан
29.11.2024 - 14:18,Заказ,Наклейка защитного стекла (Услуга),1,219,219,219,100.0,Иванов Сергей,Выдан
29.11.2024 - 14:26,Продажа,Чехол силиконовый прозрачный,1,325,325,265,81.53846153846153,Петров Роман,
29.11.2024 - 19:57,Заказ,"15.6"" WXGA HD LED Глянцевый 40pin (NT156WH)",1,4460,4460,1365,30.605381165919283,Сидоров Алексей,Выдан
30.11.2024 - 10:44,Продажа,Защитное стекло 3D для iPhone 11/XR,3,538,1614,1458,90.33457249070632,Сидоров Алексей,
30.11.2024 - 14:45,Заказ,Установка Windows 10/11 + Драйвера,1,1096,1096,1096,100.0,Иванов Сергей,Выдан
30.11.2024 - 18:04,Продажа,Кабель USB - Lightning (Foxconn),1,609,609,456,74.8768472906404,Администратор,
30.11.2024 - 18:10,Заказ,Чехол силиконовый прозрачный,2,294,588,470,79.93197278911565,Иванов Сергей,Выдан
01.12.2024 - 10:57,Заказ,Чехол силиконовый прозрачный,1,305,305,243,79.67213114754098,Администратор,Выдан
01.12.2024 - 11:10,Заказ,Кабель USB - Lightning (Foxconn),1,655,655,503,76.79389312977099,Администратор,Выдан
01.12.2024 - 12:43,Заказ,Чехол силиконовый прозрачный,1,305,305,244,80.0,Петров Роман,Выдан
01.12.2024 - 13:08,Заказ,Восстановление цепи питания,1,4407,4407,3903,88.56364874063989,Администратор,Выдан
01.12.2024 - 14:12,Заказ,Наклейка защитного стекла (Услуга),1,198,198,198,100.0,Сидоров Алексей,Выдан
02.12.2024 - 12:35,Заказ,Дисплей iPhone 11 (Копия AAA),1,2482,2482,1048,42.22401289282837,Петров Роман,Выдан
02.12.2024 - 17:31,Заказ,Наклейка защитного стекла (Услуга),1,193,193,193,100.0,Администратор,Выдан
02.12.2024 - 17:33,Заказ,Диагностика,1,508,508,508,100.0,Сидоров Алексей,Выдан
02.12.2024 - 18:30,Заказ,Наклейка защитного стекла (Услуга),1,198,198,198,100.0,Иванов Сергей,Выдан
03.12.2024 - 10:32,Заказ,Наклейка защитного стекла (Услуга),1,207,207,207,100.0,Иванов Сергей,Выдан
03.12.2024 - 11:21,Продажа,Защитное стекло 3D для iPhone 11/XR,1,456,456,408,89.47368421052632,Иванов Сергей,
03.12.2024 - 15:23,Продажа,Чехол силиконовый прозрачный,1,329,329,268,81.45896656534954,Иванов Сергей,
03.12.2024 - 15:56,Заказ,Диагностика,2,462,924,924,100.0,Администратор,Выдан
03.12.2024 - 19:08,Заказ,Чистка системы охлаждения с заменой термопасты,1,1439,1439,1338,92.98123697011815,Иванов Сергей,Выдан
04.12.2024 - 10:40,Продажа,Блок питания Apple 20W (Copy),1,1269,1269,886,69.81875492513791,Администратор,
04.12.2024 - 11:15,Заказ,Защитное стекло 3D для iPhone 11/XR,1,471,471,421,89.38428874734608,Петров Роман,Выдан
04.12.2024 - 15:42,Заказ,Установка Windows 10/11 + Драйвера,1,1267,1267,1267,100.0,Сидоров Алексей,Выдан
04.12.2024 - 16:38,Заказ,Чистка системы охлаждения с заменой термопасты,1,1512,1512,1412,93.38624338624338,Сидоров Алексей,Выдан
04.12.2024 - 16:53,Продажа,Чехол силиконовый прозрачный,1,323,323,265,82.04334365325077,Администратор,
04.12.2024 - 17:47,Заказ,16GB USB 2.0 Flash Drive SmartBuy,1,411,411,214,52.06812652068127,Петров Роман,Выдан
04.12.2024 - 18:17,Продажа,SSD накопитель Kingston 240GB,1,2049,2049,522,25.47584187408492,Иванов Сергей,
04.12.2024 - 18:22,Заказ,Восстановление цепи питания,1,4249,4249,3759,88.46787479406919,Сидоров Алексей,Выдан
04.12.2024 - 19:48,Заказ,16GB USB 2.0 Flash Drive SmartBuy,1,430,430,236,54.88372093023256,Петров Роман,Выдан
04.12.2024 - 19:58,Заказ,Замена разъема зарядки (MicroUSB/Type-C),1,1208,1208,1110,91.88741721854305,Администратор,Выдан
05.12.2024 - 11:16,Заказ,Наклейка защитного стекла (Услуга),1,187,187,187,100.0,Администратор,Выдан
05.12.2024 - 12:44,Продажа,Кабель USB - Lightning (Foxconn),1,548,548,400,72.99270072992701,Иванов Сергей,
05.12.2024 - 13:29,Заказ,Защитное стекло 3D для iPhone 11/XR,1,461,461,414,89.80477223427332,Администратор,Выдан
05.12.2024 - 16:27,Заказ,Дисплей iPhone 11 (Оригинал переклей),1,5202,5202,1334,25.64398308342945,Администратор,Выдан
06.12.2024 - 10:54,Продажа,Защитное стекло 3D для iPhone 11/XR,1,547,547,497,90.85923217550274,Администратор,
06.12.2024 - 12:56,Заказ,Наклейка защитного стекла (Услуга),2,193,386,386,100.0,Иванов Сергей,Выдан
06.12.2024 - 14:32,Продажа,Кабель USB - Lightning (Foxconn),1,570,570,419,73.50877192982456,Администратор,
06.12.2024 - 15:35,Заказ,Установка Windows 10/11 + Драйвера,1,1084,1084,1084,100.0,Иванов Сергей,Выдан
06.12.2024 - 15:40,Заказ,"15.6"" WXGA HD LED Глянцевый 40pin (NT156WH)",1,4812,4812,1725,35.84788029925187,Сидоров Алексей,Выдан
06.12.2024 - 15:49,Заказ,Установка Windows 10/11 + Драйвера,1,1160,1160,1160,100.0,Сидоров Алексей,Выдан
06.12.2024 - 16:40,Заказ,16GB USB 2.0 Flash Drive SmartBuy,3,478,1434,843,58.78661087866108,Петров Роман,Выдан
06.12.2024 - 17:08,Заказ,Наклейка защитного стекла (Услуга),1,197,197,197,100.0,Администратор,Выдан
06.12.2024 - 18:00,Заказ,Защитное стекло 3D для iPhone 11/XR,1,547,547,496,90.6764168190128,Сидоров Алексей,Выдан
06.12.2024 - 18:06,Заказ,Блок питания Apple 20W (Copy),1,1150,1150,767,66.69565217391305,Сидоров Алексей,Выдан
06.12.2024 - 19:18,Заказ,"15.6"" WXGA HD LED Глянцевый 40pin (NT156WH)",1,4890,4890,1709,34.948875255623726,Администратор,Выдан
07.12.2024 - 10:42,Заказ,Чистка системы охлаждения с заменой термопасты,1,1487,1487,1389,93.4095494283793,Сидоров Алексей,Выдан
07.12.2024 - 15:02,Заказ,Блок питания Apple 20W (Copy),2,1290,2580,1782,69.06976744186046,Администратор,Выдан
07.12.2024 - 17:51,Заказ,Чехол силиконовый прозрачный,1,290,290,228,78.62068965517241,Администратор,Выдан
08.12.2024 - 12:11,Заказ,Наклейка защитного стекла (Услуга),1,217,217,217,100.0,Сидоров Алексей,Выдан
08.12.2024 - 13:44,Заказ,Наклейка защитного стекла (Услуга),1,207,207,207,100.0,Иванов Сергей,Выдан
08.12.2024 - 14:47,Заказ,SSD накопитель Kingston 240GB,1,2207,2207,768,34.798368826461264,Петров Роман,Выдан
08.12.2024 - 14:55,Заказ,Прошивка Android/iOS,1,1078,1078,1078,100.0,Администратор,Выдан
08.12.2024 - 16:25,Заказ,Блок питания Apple 20W (Copy),1,1134,1134,736,64.90299823633157,Сидоров Алексей,Выдан
08.12.2024 - 18:49,Продажа,Защитное стекло 3D для iPhone 11/XR,1,520,520,470,90.38461538461539,Администратор,
09.12.2024 - 10:12,Заказ,Замена разъема зарядки (MicroUSB/Type-C),1,1236,1236,1137,91.99029126213593,Иванов Сергей,Выдан
09.12.2024 - 11:23,Продажа,Защитное стекло 3D для iPhone 11/XR,1,486,486,435,89.50617283950618,Сидоров Алексей,
09.12.2024 - 12:39,Заказ,Прошивка Android/iOS,1,1065,1065,1065,100.0,Сидоров Алексей,Выдан
09.12.2024 - 17:53,Заказ,16GB USB 2.0 Flash Drive SmartBuy,1,464,464,271,58.4051724137931,Сидоров Алексей,Выдан
10.12.2024 - 11:08,Заказ,Аккумулятор Samsung Galaxy A51 (EB-BA515),1,1254,1254,684,54.54545454545454,Сидоров Алексей,Выдан
10.12.2024 - 12:01,Заказ,Чистка системы охлаждения с заменой термопасты,1,1376,1376,1277,92.80523255813954,Иванов Сергей,Выдан
10.12.2024 - 13:25,Заказ,Чистка системы охлаждения с заменой термопасты,1,1417,1417,1322,93.29569513055752,Иванов Сергей,Выдан
10.12.2024 - 19:29,Заказ,Аккумулятор Samsung Galaxy A51 (EB-BA515),1,1133,1133,608,53.66284201235657,Петров Роман,Выдан
10.12.2024 - 19:56,Продажа,Блок питания Apple 20W (Copy),1,1187,1187,785,66.13310867733783,Администратор,
11.12.2024 - 12:10,Заказ,Установка Windows 10/11 + Драйвера,1,1256,1256,1256,100.0,Иванов Сергей,Выдан
11.12.2024 - 12:57,Продажа,16GB USB 2.0 Flash Drive SmartBuy,1,405,405,203,50.123456790123456,Сидоров Алексей,
11.12.2024 - 13:55,Заказ,Прошивка Android/iOS,1,1075,1075,1075,100.0,Петров Роман,Выдан
11.12.2024 - 14:06,Заказ,Установка Windows 10/11 + Драйвера,1,1118,1118,1118,100.0,Администратор,Выдан
11.12.2024 - 14:33,Продажа,Защитное стекло 3D для iPhone 11/XR,1,452,452,405,89.60176991150442,Сидоров Алексей,
11.12.2024 - 15:48,Заказ,"15.6"" WXGA HD LED Глянцевый 40pin (NT156WH)",1,4224,4224,969,22.94034090909091,Петров Роман,Выдан
11.12.2024 - 17:05,Продажа,16GB USB 2.0 Flash Drive SmartBuy,1,409,409,204,49.877750611246945,Сидоров Алексей,
11.12.2024 - 17:43,Заказ,Наклейка защитного стекла (Услуга),1,192,192,192,100.0,Администратор,Выдан
11.12.2024 - 18:16,Заказ,Чехол силиконовый прозрачный,1,282,282,222,78.72340425531915,Иванов Сергей,Выдан
11.12.2024 - 18:53,Заказ,Чистка системы охлаждения с заменой термопасты,1,1534,1534,1432,93.35071707953064,Петров Роман,Выдан
11.12.2024 - 19:06,Заказ,Восстановление цепи питания,1,4923,4923,4435,90.08734511476742,Сидоров Алексей,Выдан
12.12.2024 - 10:31,Заказ,SSD накопитель Kingston 240GB,1,2194,2194,764,34.82224247948952,Иванов Сергей,Выдан
12.12.2024 - 12:07,Заказ,Защитное стекло 3D для iPhone 11/XR,1,496,496,446,89.91935483870968,Сидоров Алексей,Выдан
12.12.2024 - 12:28,Заказ,Установка Windows 10/11 + Драйвера,1,1290,1290,1290,100.0,Петров Роман,Выдан
12.12.2024 - 13:21,Заказ,Наклейка защитного стекла (Услуга),1,212,212,212,100.0,Иванов Сергей,Выдан
12.12.2024 - 17:41,Заказ,Кабель USB - Lightning (Foxconn),1,566,566,420,74.20494699646643,Иванов Сергей,Выдан
13.12.2024 - 10:38,Продажа,Защитное стекло 3D для iPhone 11/XR,1,456,456,406,89.03508771929825,Администратор,
13.12.2024 - 12:52,Заказ,Установка Windows 10/11 + Драйвера,1,1287,1287,1287,100.0,Сидоров Алексей,Выдан
13.12.2024 - 15:02,Продажа,Блок питания Apple 20W (Copy),1,1114,1114,711,63.824057450628366,Петров Роман,
13.12.2024 - 16:34,Заказ,Диагностика,1,507,507,507,100.0,Петров Роман,Выдан
13.12.2024 - 16:59,Заказ,Диагностика,1,452,452,452,100.0,Петров Роман,Выдан
13.12.2024 - 17:22,Заказ,Замена разъема зарядки (MicroUSB/Type-C),1,1262,1262,1158,91.75911251980983,Петров Роман,Выдан
13.12.2024 - 19:51,Заказ,"15.6"" WXGA HD LED Глянцевый 40pin (NT156WH)",1,4090,4090,858,20.97799511002445,Сидоров Алексей,Выдан
13.12.2024 - 19:53,Заказ,Чистка системы охлаждения с заменой термопасты,1,1470,1470,1367,92.99319727891157,Иванов Сергей,Выдан
14.12.2024 - 14:43,Продажа,Блок питания Apple 20W (Copy),1,1117,1117,728,65.17457475380483,Петров Роман,
14.12.2024 - 16:14,Заказ,Наклейка защитного стекла (Услуга),1,212,212,212,100.0,Петров Роман,Выдан
14.12.2024 - 17:05,Заказ,Чистка системы охлаждения с заменой термопасты,1,1460,1460,1357,92.94520547945206,Иванов Сергей,Выдан
14.12.2024 - 18:44,Заказ,Блок питания Apple 20W (Copy),1,1087,1087,703,64.67341306347745,Петров Роман,Выдан
15.12.2024 - 10:09,Заказ,16GB USB 2.0 Flash Drive SmartBuy,1,474,474,271,57.17299578059072,Иванов Сергей,Выдан
15.12.2024 - 13:09,Заказ,Диагностика,1,487,487,487,100.0,Иванов Сергей,Выдан
15.12.2024 - 14:04,Продажа,Блок питания Apple 20W (Copy),3,1179,3537,2346,66.32739609838848,Сидоров Алексей,
15.12.2024 - 16:21,Заказ,Дисплей iPhone 11 (Оригинал переклей),1,5791,5791,2163,37.35106199274736,Администратор,Выдан
15.12.2024 - 18:14,Заказ,Установка Windows 10/11 + Драйвера,1,1251,1251,1251,100.0,Петров Роман,Выдан
15.12.2024 - 18:23,Заказ,Дисплей iPhone 11 (Оригинал переклей),1,5928,5928,2285,38.54588394062078,Администратор,Выдан
15.12.2024 - 18:50,Заказ,"15.6"" WXGA HD LED Глянцевый 40pin (NT156WH)",1,4910,4910,1737,35.376782077393074,Администратор,Выдан
15.12.2024 - 19:59,Заказ,Диагностика,1,506,506,506,100.0,Петров Роман,Выдан
16.12.2024 - 10:14,Заказ,Прошивка Android/iOS,1,980,980,980,100.0,Сидоров Алексей,Выдан
16.12.2024 - 14:28,Продажа,Защитное стекло 3D для iPhone 11/XR,1,493,493,446,90.46653144016227,Администратор,
16.12.2024 - 15:37,Заказ,Блок питания Apple 20W (Copy),1,1176,1176,776,65.98639455782312,Администратор,Выдан
16.12.2024 - 18:56,Заказ,Кабель USB - Lightning (Foxconn),1,618,618,473,76.53721682847896,Петров Роман,Выдан
17.12.2024 - 10:14,Заказ,Аккумулятор Samsung Galaxy A51 (EB-BA515),1,1281,1281,751,58.62607338017174,Иванов Сергей,Выдан
17.12.2024 - 13:14,Заказ,Замена разъема зарядки (MicroUSB/Type-C),1,1240,1240,1136,91.61290322580645,Петров Роман,Выдан
17.12.2024 - 14:43,Заказ,Блок питания Apple 20W (Copy),1,1096,1096,693,63.22992700729927,Администратор,Выдан
17.12.2024 - 16:16,Заказ,Диагностика,1,549,549,549,100.0,Администратор,Выдан
17.12.2024 - 17:11,Заказ,Аккумулятор Samsung Galaxy A51 (EB-BA515),1,1196,1196,619,51.75585284280937,Петров Роман,Выдан
17.12.2024 - 18:26,Заказ,Установка Windows 10/11 + Драйвера,1,1081,1081,1081,100.0,Администратор,Выдан
17.12.2024 - 18:40,Заказ,Наклейка защитного стекла (Услуга),1,193,193,193,100.0,Петров Роман,Выдан
18.12.2024 - 12:06,Продажа,Кабель USB - Lightning (Foxconn),1,625,625,477,76.32,Петров Роман,
18.12.2024 - 14:08,Заказ,Диагностика,1,535,535,535,100.0,Иванов Сергей,Выдан
18.12.2024 - 14:30,Заказ,Защитное стекло 3D для iPhone 11/XR,1,492,492,441,89.63414634146342,Администратор,Выдан
18.12.2024 - 16:55,Заказ,Защитное стекло 3D для iPhone 11/XR,2,523,1046,948,90.63097514340345,Иванов Сергей,Выдан
18.12.2024 - 18:45,Заказ,16GB USB 2.0 Flash Drive SmartBuy,2,428,856,442,51.63551401869159,Иванов Сергей,Выдан
18.12.2024 - 18:53,Заказ,Дисплей iPhone 11 (Оригинал переклей),1,5368,5368,1703,31.725037257824145,Петров Роман,Выдан
19.12.2024 - 10:53,Заказ,Дисплей iPhone 11 (Копия AAA),1,2388,2388,926,38.77721943048576,Петров Роман,Выдан
19.12.2024 - 12:57,Продажа,Чехол силиконовый прозрачный,1,323,323,263,81.42414860681114,Иванов Сергей,
20.12.2024 - 13:12,Заказ,Дисплей iPhone 11 (Копия AAA),1,2719,2719,1371,50.422949613828614,Петров Роман,Выдан
20.12.2024 - 13:57,Заказ,Чистка системы охлаждения с заменой термопасты,1,1447,1447,1344,92.88182446440912,Иванов Сергей,Выдан
20.12.2024 - 14:20,Продажа,Защитное стекло 3D для iPhone 11/XR,1,545,545,496,91.00917431192661,Администратор,
20.12.2024 - 14:26,Продажа,Блок питания Apple 20W (Copy),1,1255,1255,849,67.64940239043825,Сидоров Алексей,
20.12.2024 - 14:50,Заказ,Замена разъема зарядки (MicroUSB/Type-C),2,1294,2588,2386,92.19474497681608,Петров Роман,Выдан
20.12.2024 - 15:35,Продажа,Защитное стекло 3D для iPhone 11/XR,1,502,502,452,90.0398406374502,Сидоров Алексей,
20.12.2024 - 15:41,Заказ,Блок питания Apple 20W (Copy),1,1268,1268,872,68.76971608832808,Администратор,Выдан
20.12.2024 - 17:44,Заказ,Установка Windows 10/11 + Драйвера,1,1210,1210,1210,100.0,Администратор,Выдан
20.12.2024 - 17:49,Продажа,Чехол силиконовый прозрачный,1,308,308,247,80.1948051948052,Администратор,
21.12.2024 - 10:49,Продажа,Чехол силиконовый прозрачный,1,309,309,252,81.55339805825243,Иванов Сергей,
21.12.2024 - 12:51,Заказ,Чехол силиконовый прозрачный,1,276,276,214,77.53623188405797,Петров Роман,Выдан
21.12.2024 - 15:27,Заказ,Диагностика,1,500,500,500,100.0,Иванов Сергей,Выдан
21.12.2024 - 15:49,Заказ,Защитное стекло 3D для iPhone 11/XR,1,527,527,475,90.13282732447819,Администратор,Выдан
21.12.2024 - 15:53,Заказ,Установка Windows 10/11 + Драйвера,1,1161,1161,1161,100.0,Администратор,Выдан
22.12.2024 - 10:06,Заказ,Аккумулятор Samsung Galaxy A51 (EB-BA515),1,1233,1233,671,54.42011354420113,Иванов Сергей,Выдан
22.12.2024 - 12:32,Заказ,Установка Windows 10/11 + Драйвера,1,1162,1162,1162,100.0,Сидоров Алексей,Выдан
22.12.2024 - 12:37,Заказ,Прошивка Android/iOS,1,1018,1018,1018,100.0,Сидоров Алексей,Выдан
22.12.2024 - 14:57,Заказ,Восстановление цепи питания,1,4348,4348,3845,88.43146274149034,Сидоров Алексей,Выдан
22.12.2024 - 17:08,Заказ,Наклейка защитного стекла (Услуга),2,196,392,392,100.0,Администратор,Выдан
22.12.2024 - 17:11,Продажа,Чехол силиконовый прозрачный,1,277,277,215,77.6173285198556,Петров Роман,
23.12.2024 - 13:36,Заказ,Установка Windows 10/11 + Драйвера,1,1293,1293,1293,100.0,Сидоров Алексей,Выдан
23.12.2024 - 14:30,Продажа,Защитное стекло 3D для iPhone 11/XR,1,521,521,470,90.21113243761995,Петров Роман,
23.12.2024 - 15:28,Заказ,Наклейка защитного стекла (Услуга),1,213,213,213,100.0,Администратор,Выдан
23.12.2024 - 18:29,Заказ,Чехол силиконовый прозрачный,1,292,292,234,80.13698630136986,Петров Роман,Выдан
23.12.2024 - 18:47,Продажа,Кабель USB - Lightning (Foxconn),1,608,608,458,75.32894736842105,Администратор,
23.12.2024 - 19:10,Заказ,Прошивка Android/iOS,2,954,1908,1908,100.0,Сидоров Алексей,Выдан
24.12.2024 - 10:19,Продажа,Защитное стекло 3D для iPhone 11/XR,1,468,468,419,89.52991452991454,Петров Роман,
24.12.2024 - 11:26,Заказ,Диагностика,1,471,471,471,100.0,Сидоров Алексей,Выдан
24.12.2024 - 14:44,Заказ,Диагностика,1,487,487,487,100.0,Сидоров Алексей,Выдан
24.12.2024 - 16:35,Заказ,Защитное стекло 3D для iPhone 11/XR,1,486,486,438,90.12345679012346,Петров Роман,Выдан
24.12.2024 - 19:29,Продажа,16GB USB 2.0 Flash Drive SmartBuy,1,468,468,268,57.26495726495726,Сидоров Алексей,
25.12.2024 - 10:04,Продажа,Защитное стекло 3D для iPhone 11/XR,1,509,509,457,89.78388998035363,Сидоров Алексей,
25.12.2024 - 11:04,Заказ,Установка Windows 10/11 + Драйвера,1,1107,1107,1107,100.0,Иванов Сергей,Выдан
25.12.2024 - 11:37,Заказ,Наклейка защитного стекла (Услуга),1,192,192,192,100.0,Сидоров Алексей,Выдан
25.12.2024 - 12:01,Продажа,Чехол силиконовый прозрачный,1,311,311,254,81.67202572347267,Иванов Сергей,
25.12.2024 - 12:51,Заказ,Аккумулятор Samsung Galaxy A51 (EB-BA515),1,1178,1178,605,51.35823429541596,Администратор,Выдан
25.12.2024 - 13:35,Продажа,Чехол силиконовый прозрачный,1,322,322,263,81.67701863354037,Администратор,
25.12.2024 - 14:11,Заказ,Восстановление цепи питания,1,4457,4457,3978,89.25286066861118,Администратор,Выдан
25.12.2024 - 15:02,Продажа,SSD накопитель Kingston 240GB,1,2351,2351,778,33.09230114844747,Иванов Сергей,
25.12.2024 - 16:12,Заказ,Установка Windows 10/11 + Драйвера,1,1274,1274,1274,100.0,Иванов Сергей,Выдан
25.12.2024 - 16:25,Заказ,Диагностика,1,535,535,535,100.0,Сидоров Алексей,Выдан
25.12.2024 - 18:05,Заказ,Защитное стекло 3D для iPhone 11/XR,1,512,512,465,90.8203125,Сидоров Алексей,Выдан
25.12.2024 - 19:48,Заказ,Замена разъема зарядки (MicroUSB/Type-C),1,1143,1143,1047,91.60104986876641,Сидоров Алексей,Выдан
26.12.2024 - 11:43,Заказ,Наклейка защитного стекла (Услуга),1,216,216,216,100.0,Администратор,Выдан
26.12.2024 - 16:45,Заказ,Диагностика,1,531,531,531,100.0,Администратор,Выдан
26.12.2024 - 17:24,Заказ,Замена разъема зарядки (MicroUSB/Type-C),1,1284,1284,1189,92.601246105919,Сидоров Алексей,Выдан
26.12.2024 - 19:13,Продажа,Защитное стекло 3D для iPhone 11/XR,1,512,512,464,90.625,Сидоров Алексей,
27.12.2024 - 12:20,Заказ,Дисплей iPhone 11 (Копия AAA),1,2288,2288,948,41.43356643356643,Администратор,Выдан
27.12.2024 - 12:37,Заказ,Блок питания Apple 20W (Copy),1,1150,1150,739,64.26086956521739,Петров Роман,Выдан
27.12.2024 - 14:26,Заказ,Дисплей iPhone 11 (Оригинал переклей),1,5648,5648,1890,33.463172804532576,Администратор,Выдан
27.12.2024 - 16:05,Продажа,16GB USB 2.0 Flash Drive SmartBuy,1,422,422,225,53.317535545023695,Петров Роман,
27.12.2024 - 18:21,Заказ,Защитное стекло 3D для iPhone 11/XR,2,490,980,884,90.20408163265307,Администратор,Выдан
27.12.2024 - 18:51,Заказ,Установка Windows 10/11 + Драйвера,1,1084,1084,1084,100.0,Сидоров Алексей,Выдан
27.12.2024 - 19:16,Заказ,Дисплей iPhone 11 (Оригинал переклей),1,5435,5435,1487,27.35970561177553,Администратор,Выдан
27.12.2024 - 19:30,Продажа,Кабель USB - Lightning (Foxconn),1,544,544,398,73.16176470588235,Сидоров Алексей,
27.12.2024 - 19:56,Продажа,Защитное стекло 3D для iPhone 11/XR,1,506,506,456,90.11857707509881,Петров Роман,
28.12.2024 - 11:11,Заказ,Диагностика,2,543,1086,1086,100.0,Иванов Сергей,Выдан
28.12.2024 - 12:34,Заказ,Кабель USB - Lightning (Foxconn),1,615,615,461,74.95934959349594,Администратор,Выдан
28.12.2024 - 12:37,Заказ,Аккумулятор Samsung Galaxy A51 (EB-BA515),1,1220,1220,674,55.24590163934426,Сидоров Алексей,Выдан
29.12.2024 - 10:49,Заказ,16GB USB 2.0 Flash Drive SmartBuy,1,490,490,289,58.97959183673469,Сидоров Алексей,Выдан
29.12.2024 - 12:37,Заказ,Замена разъема зарядки (MicroUSB/Type-C),1,1183,1183,1084,91.63144547759933,Сидоров Алексей,Выдан
29.12.2024 - 12:47,Заказ,"15.6"" WXGA HD LED Глянцевый 40pin (NT156WH)",1,4612,4612,1532,33.21769297484822,Администратор,Выдан
29.12.2024 - 16:50,Продажа,Защитное стекло 3D для iPhone 11/XR,1,510,510,461,90.3921568627451,Сидоров Алексей,
29.12.2024 - 18:22,Заказ,Наклейка защитного стекла (Услуга),1,219,219,219,100.0,Сидоров Алексей,Выдан
29.12.2024 - 18:50,Заказ,Замена разъема зарядки (MicroUSB/Type-C),1,1302,1302,1202,92.31950844854072,Администратор,Выдан
30.12.2024 - 11:02,Продажа,Блок питания Apple 20W (Copy),1,1098,1098,695,63.29690346083788,Петров Роман,
30.12.2024 - 12:36,Заказ,Защитное стекло 3D для iPhone 11/XR,1,488,488,436,89.34426229508196,Иванов Сергей,Выдан
30.12.2024 - 14:18,Заказ,Установка Windows 10/11 + Драйвера,1,1308,1308,1308,100.0,Администратор,Выдан
30.12.2024 - 14:20,Заказ,Дисплей iPhone 11 (Оригинал переклей),1,5640,5640,1991,35.301418439716315,Сидоров Алексей,Выдан
30.12.2024 - 17:52,Заказ,Аккумулятор Samsung Galaxy A51 (EB-BA515),1,1184,1184,610,51.520270270270274,Петров Роман,Выдан
31.12.2024 - 10:24,Продажа,Защитное стекло 3D для iPhone 11/XR,1,461,461,413,89.587852494577,Петров Роман,
31.12.2024 - 10:35,Заказ,Защитное стекло 3D для iPhone 11/XR,1,462,462,411,88.96103896103897,Сидоров Алексей,Выдан
31.12.2024 - 13:53,Заказ,Диагностика,1,513,513,513,100.0,Администратор,Выдан
31.12.2024 - 14:02,Заказ,Аккумулятор Samsung Galaxy A51 (EB-BA515),1,1268,1268,732,57.72870662460568,Петров Роман,Выдан
31.12.2024 - 14:08,Заказ,Прошивка Android/iOS,2,958,1916,1916,100.0,Сидоров Алексей,Выдан
31.12.2024 - 15:21,Заказ,Защитное стекло 3D для iPhone 11/XR,1,515,515,468,90.87378640776699,Иванов Сергей,Выдан
31.12.2024 - 17:37,Заказ,"15.6"" WXGA HD LED Глянцевый 40pin (NT156WH)",1,4802,4802,1459,30.383173677634318,Иванов Сергей,Выдан
31.12.2024 - 18:14,Заказ,Диагностика,1,528,528,528,100.0,Петров Роман,Выдан
31.12.2024 - 19:21,Продажа,Защитное стекло 3D для iPhone 11/XR,1,507,507,456,89.94082840236686,Администратор,
31.12.2024 - 19:36,Заказ,Установка Windows 10/11 + Драйвера,2,1193,2386,2386,100.0,Петров Роман,Выдан
