Дата,Тип документа,Название,Количество,Цена,Сумма,Валовая прибыль (руб),Валовая прибыль (%),Сотрудник,Статус
01.01.2023 - 13:39,Заказ,Восстановление цепи питания,1,4157,4157,3665,88.16454173682945,Петров Роман,Выдан
01.01.2023 - 13:43,Заказ,Чистка системы охлаждения с заменой термопасты,1,1479,1479,1375,92.96822177146721,Иванов Сергей,Выдан
01.01.2023 - 13:50,Заказ,Чехол силиконовый прозрачный,1,303,303,245,80.85808580858085,Петров Роман,Выдан
01.01.2023 - 18:26,Заказ,Кабель USB - Lightning (Foxconn),1,581,581,434,74.69879518072288,Иванов Сергей,Выдан
02.01.2023 - 11:51,Заказ,Дисплей iPhone 11 (Копия AAA),1,2548,2548,1105,43.36734693877551,Петров Роман,Выдан
02.01.2023 - 18:23,Заказ,Диагностика,1,515,515,515,100.0,Администратор,Выдан
02.01.2023 - 19:05,Заказ,Диагностика,1,473,473,473,100.0,Иванов Сергей,Выдан
03.01.2023 - 13:02,Заказ,Установка Windows 10/11 + Драйвера,2,1203,2406,2406,100.0,Иванов Сергей,Выдан
03.01.2023 - 15:29,Продажа,Кабель USB - Lightning (Foxconn),1,651,651,498,76.49769585253456,Администратор,
04.01.2023 - 10:13,Заказ,Кабель USB - Lightning (Foxconn),1,571,571,420,73.5551663747811,Администратор,Выдан
04.01.2023 - 11:29,Заказ,Замена разъема зарядки (MicroUSB/Type-C),1,1166,1166,1070,91.76672384219555,Администратор,Выдан
04.01.2023 - 13:23,Заказ,Дисплей iPhone 11 (Оригинал переклей),1,5749,5749,1917,33.34492955296574,Петров Роман,Выдан
04.01.2023 - 14:33,Продажа,16GB USB 2.0 Flash Drive SmartBuy,1,437,437,234,53.546910755148744,Сидоров Алексей,
05.01.2023 - 10:27,Продажа,Защитное стекло 3D для iPhone 11/XR,1,527,527,476,90.32258064516128,Петров Роман,
05.01.2023 - 14:59,Заказ,Чехол силиконовый прозрачный,1,318,318,261,82.0754716981132,Петров Роман,Выдан
05.01.2023 - 16:31,Заказ,Аккумулятор Samsung Galaxy A51 (EB-BA515),1,1293,1293,741,57.30858468677494,Администратор,Выдан
06.01.2023 - 14:57,Заказ,Восстановление цепи питания,1,4456,4456,3952,88.68940754039497,Иванов Сергей,Выдан
06.01.2023 - 14:59,Заказ,Диагностика,1,500,500,500,100.0,Петров Роман,Выдан
06.01.2023 - 18:28,Продажа,SSD накопитель Kingston 240GB,1,2083,2083,634,30.436869899183872,Иванов Сергей,
07.01.2023 - 11:40,Заказ,Наклейка защитного стекла (Услуга),1,189,189,189,100.0,Иванов Сергей,Выдан
07.01.2023 - 13:56,Заказ,Установка Windows 10/11 + Драйвера,2,1225,2450,2450,100.0,Иванов Сергей,Выдан
07.01.2023 - 14:01,Заказ,Установка Windows 10/11 + Драйвера,1,1240,1240,1240,100.0,Иванов Сергей,Выдан
07.01.2023 - 14:02,Заказ,Прошивка Android/iOS,1,918,918,918,100.0,Администратор,Выдан
07.01.2023 - 16:39,Продажа,Защитное стекло 3D для iPhone 11/XR,1,463,463,412,88.98488120950324,Иванов Сергей,
07.01.2023 - 19:45,Заказ,Наклейка защитного стекла (Услуга),1,203,203,203,100.0,Иванов Сергей,Выдан
08.01.2023 - 10:52,Заказ,Установка Windows 10/11 + Драйвера,1,1274,1274,1274,100.0,Петров Роман,Выдан
08.01.2023 - 14:56,Продажа,Чехол силиконовый прозрачный,1,302,302,240,79.47019867549669,Администратор,
08.01.2023 - 16:37,Заказ,Защитное стекло 3D для iPhone 11/XR,1,470,470,419,89.14893617021276,Петров Роман,Выдан
09.01.2023 - 11:33,Заказ,Замена разъема зарядки (MicroUSB/Type-C),1,1242,1242,1140,91.78743961352657,Иванов Сергей,Выдан
09.01.2023 - 13:27,Заказ,Чистка системы охлаждения с заменой термопасты,2,1588,3176,2986,94.0176322418136,Сидоров Алексей,Выдан
09.01.2023 - 14:05,Заказ,Кабель USB - Lightning (Foxconn),1,657,657,500,76.10350076103501,Администратор,Выдан
09.01.2023 - 14:19,Продажа,Чехол силиконовый прозрачный,1,279,279,218,78.13620071684588,Сидоров Алексей,
09.01.2023 - 15:56,Заказ,Чистка системы охлаждения с заменой термопасты,1,1414,1414,1315,92.998585572843,Сидоров Алексей,Выдан
09.01.2023 - 18:21,Заказ,Наклейка защитного стекла (Услуга),1,188,188,188,100.0,Петров Роман,Выдан
10.01.2023 - 17:05,Заказ,Аккумулятор Samsung Galaxy A51 (EB-BA515),1,1261,1261,732,58.04916732751785,Петров Роман,Выдан
11.01.2023 - 10:19,Заказ,Чехол силиконовый прозрачный,1,314,314,253,80.57324840764332,Петров Роман,Выдан
11.01.2023 - 12:06,Заказ,Аккумулятор Samsung Galaxy A51 (EB-BA515),1,1108,1108,550,49.63898916967509,Администратор,Выдан
11.01.2023 - 15:14,Заказ,Прошивка Android/iOS,1,1032,1032,1032,100.0,Сидоров Алексей,Выдан
11.01.2023 - 15:35,Заказ,Защитное стекло 3D для iPhone 11/XR,1,535,535,487,91.02803738317758,Сидоров Алексей,Выдан
11.01.2023 - 16:30,Заказ,Диагностика,1,539,539,539,100.0,Иванов Сергей,Выдан
12.01.2023 - 10:54,Заказ,Установка Windows 10/11 + Драйвера,1,1105,1105,1105,100.0,Сидоров Алексей,Выдан
12.01.2023 - 13:25,Продажа,Защитное стекло 3D для iPhone 11/XR,1,523,523,471,90.05736137667304,Сидоров Алексей,
12.01.2023 - 14:56,Продажа,16GB USB 2.0 Flash Drive SmartBuy,1,430,430,222,51.627906976744185,Петров Роман,
12.01.2023 - 15:05,Заказ,SSD накопитель Kingston 240GB,1,2003,2003,571,28.507239141288064,Петров Роман,Выдан
12.01.2023 - 15:08,Заказ,Замена разъема зарядки (MicroUSB/Type-C),1,1214,1214,1118,92.09225700164745,Петров Роман,Выдан
12.01.2023 - 15:31,Продажа,Защитное стекло 3D для iPhone 11/XR,1,455,455,406,89.23076923076924,Иванов Сергей,
12.01.2023 - 16:47,Заказ,Диагностика,1,492,492,492,100.0,Администратор,Выдан
12.01.2023 - 16:54,Заказ,16GB USB 2.0 Flash Drive SmartBuy,1,451,451,253,56.09756097560976,Иванов Сергей,Выдан
12.01.2023 - 18:00,Продажа,Защитное стекло 3D для iPhone 11/XR,1,510,510,462,90.58823529411765,Администратор,
13.01.2023 - 12:43,Продажа,Чехол силиконовый прозрачный,3,299,897,726,80.93645484949833,Администратор,
13.01.2023 - 18:56,Продажа,Чехол силиконовый прозрачный,1,279,279,220,78.85304659498208,Иванов Сергей,
13.01.2023 - 19:33,Продажа,Кабель USB - Lightning (Foxconn),2,635,1270,962,75.74803149606299,Администратор,
13.01.2023 - 19:43,Заказ,Установка Windows 10/11 + Драйвера,1,1099,1099,1099,100.0,Петров Роман,Выдан
13.01.2023 - 19:59,Заказ,Блок питания Apple 20W (Copy),1,1157,1157,746,64.47709593777009,Администратор,Выдан
14.01.2023 - 10:28,Заказ,Дисплей iPhone 11 (Оригинал переклей),1,5685,5685,2037,35.831134564643804,Сидоров Алексей,Выдан
14.01.2023 - 13:05,Заказ,Защитное стекло 3D для iPhone 11/XR,1,470,470,420,89.36170212765957,Иванов Сергей,Выдан
14.01.2023 - 13:21,Заказ,Защитное стекло 3D для iPhone 11/XR,1,500,500,450,90.0,Администратор,Выдан
14.01.2023 - 16:44,Продажа,Защитное стекло 3D для iPhone 11/XR,1,500,500,453,90.60000000000001,Петров Роман,
14.01.2023 - 17:25,Продажа,Чехол силиконовый прозрачный,1,309,309,250,80.90614886731392,Администратор,
14.01.2023 - 18:25,Заказ,Дисплей iPhone 11 (Копия AAA),1,2624,2624,1272,48.47560975609756,Администратор,Выдан
14.01.2023 - 19:03,Продажа,SSD накопитель Kingston 240GB,1,2206,2206,777,35.222121486854036,Иванов Сергей,
15.01.2023 - 11:51,Заказ,16GB USB 2.0 Flash Drive SmartBuy,1,406,406,200,49.26108374384236,Петров Роман,Выдан
16.01.2023 - 11:23,Заказ,Замена разъема зарядки (MicroUSB/Type-C),1,1109,1109,1014,91.43372407574391,Иванов Сергей,Выдан
16.01.2023 - 15:04,Заказ,16GB USB 2.0 Flash Drive SmartBuy,1,423,423,230,54.37352245862884,Петров Роман,Выдан
16.01.2023 - 15:36,Продажа,Кабель USB - Lightning (Foxconn),1,632,632,484,76.58227848101265,Иванов Сергей,
16.01.2023 - 16:41,Продажа,Защитное стекло 3D для iPhone 11/XR,1,515,515,468,90.87378640776699,Петров Роман,
16.01.2023 - 18:16,Заказ,Аккумулятор Samsung Galaxy A51 (EB-BA515),1,1159,1159,621,53.58067299396031,Сидоров Алексей,Выдан
17.01.2023 - 10:00,Продажа,Блок питания Apple 20W (Copy),1,1090,1090,695,63.76146788990825,Иванов Сергей,
17.01.2023 - 16:20,Продажа,Защитное стекло 3D для iPhone 11/XR,1,483,483,436,90.26915113871635,Администратор,
17.01.2023 - 18:07,Заказ,Прошивка Android/iOS,1,1096,1096,1096,100.0,Сидоров Алексей,Выдан
17.01.2023 - 19:50,Заказ,Аккумулятор Samsung Galaxy A51 (EB-BA515),1,1282,1282,729,56.86427457098284,Сидоров Алексей,Выдан
18.01.2023 - 10:29,Заказ,Наклейка защитного стекла (Услуга),1,200,200,200,100.0,Сидоров Алексей,Выдан
18.01.2023 - 10:43,Заказ,Установка Windows 10/11 + Драйвера,1,1149,1149,1149,100.0,Петров Роман,Выдан
18.01.2023 - 10:52,Заказ,Восстановление цепи питания,1,4615,4615,4117,89.20910075839653,Администратор,Выдан
18.01.2023 - 12:28,Продажа,Защитное стекло 3D для iPhone 11/XR,1,524,524,473,90.2671755725191,Иванов Сергей,
18.01.2023 - 16:48,Заказ,Замена разъема зарядки (MicroUSB/Type-C),1,1108,1108,1011,91.24548736462094,Администратор,Выдан
18.01.2023 - 17:02,Продажа,Блок питания Apple 20W (Copy),1,1302,1302,902,69.27803379416282,Сидоров Алексей,
18.01.2023 - 17:23,Продажа,SSD накопитель Kingston 240GB,1,2107,2107,627,29.75794969150451,Петров Роман,
19.01.2023 - 17:08,Заказ,"15.6"" WXGA HD LED Глянцевый 40pin (NT156WH)",1,4797,4797,1650,34.39649781113196,Администратор,Выдан
19.01.2023 - 19:29,Продажа,16GB USB 2.0 Flash Drive SmartBuy,1,482,482,280,58.09128630705395,Администратор,
20.01.2023 - 12:44,Заказ,Диагностика,1,471,471,471,100.0,Петров Роман,Выдан
21.01.2023 - 13:22,Заказ,Наклейка защитного стекла (Услуга),1,209,209,209,100.0,Сидоров Алексей,Выдан
21.01.2023 - 14:37,Заказ,Наклейка защитного стекла (Услуга),1,194,194,194,100.0,Иванов Сергей,Выдан
21.01.2023 - 17:16,Заказ,Прошивка Android/iOS,1,1011,1011,1011,100.0,Петров Роман,Выдан
21.01.2023 - 19:08,Продажа,Защитное стекло 3D для iPhone 11/XR,1,478,478,428,89.5397489539749,Иванов Сергей,
22.01.2023 - 15:39,Продажа,Чехол силиконовый прозрачный,1,326,326,269,82.51533742331289,Сидоров Алексей,
22.01.2023 - 16:49,Заказ,Защитное стекло 3D для iPhone 11/XR,1,521,521,470,90.21113243761995,Иванов Сергей,Выдан
22.01.2023 - 17:16,Заказ,Восстановление цепи питания,2,4136,8272,7252,87.66924564796905,Сидоров Алексей,Выдан
22.01.2023 - 18:18,Заказ,Кабель USB - Lightning (Foxconn),1,631,631,483,76.54516640253566,Иванов Сергей,Выдан
23.01.2023 - 11:37,Заказ,Диагностика,1,478,478,478,100.0,Иванов Сергей,Выдан
23.01.2023 - 11:43,Заказ,Замена разъема зарядки (MicroUSB/Type-C),1,1168,1168,1072,91.78082191780823,Петров Роман,Выдан
23.01.2023 - 11:46,Продажа,Чехол силиконовый прозрачный,1,288,288,227,78.81944444444444,Сидоров Алексей,
23.01.2023 - 12:04,Заказ,Замена разъема зарядки (MicroUSB/Type-C),3,1164,3492,3201,91.66666666666666,Иванов Сергей,Выдан
23.01.2023 - 12:20,Продажа,Защитное стекло 3D для iPhone 11/XR,1,455,455,404,88.79120879120879,Сидоров Алексей,
24.01.2023 - 13:51,Заказ,Защитное стекло 3D для iPhone 11/XR,1,511,511,460,90.01956947162427,Администратор,Выдан
24.01.2023 - 18:19,Заказ,Диагностика,1,544,544,544,100.0,Сидоров Алексей,Выдан
24.01.2023 - 19:09,Заказ,Защитное стекло 3D для iPhone 11/XR,2,538,1076,978,90.89219330855019,Петров Роман,Выдан
25.01.2023 - 12:32,Заказ,Кабель USB - Lightning (Foxconn),1,647,647,501,77.43431221020093,Администратор,Выдан
25.01.2023 - 12:55,Продажа,Кабель USB - Lightning (Foxconn),1,565,565,416,73.6283185840708,Сидоров Алексей,
25.01.2023 - 13:11,Заказ,Чехол силиконовый прозрачный,1,276,276,216,78.26086956521739,Сидоров Алексей,Выдан
25.01.2023 - 14:34,Заказ,Чехол силиконовый прозрачный,1,320,320,263,82.1875,Иванов Сергей,Выдан
25.01.2023 - 17:13,Продажа,Защитное стекло 3D для iPhone 11/XR,1,515,515,467,90.67961165048544,Иванов Сергей,
25.01.2023 - 19:32,Заказ,16GB USB 2.0 Flash Drive SmartBuy,1,411,411,204,49.63503649635037,Администратор,Выдан
26.01.2023 - 14:51,Заказ,Дисплей iPhone 11 (Копия AAA),1,2412,2412,958,39.718076285240464,Петров Роман,Выдан
26.01.2023 - 17:42,Заказ,Восстановление цепи питания,1,4671,4671,4154,88.93170627274674,Сидоров Алексей,Выдан
26.01.2023 - 18:23,Продажа,Защитное стекло 3D для iPhone 11/XR,1,455,455,404,88.79120879120879,Администратор,
26.01.2023 - 18:34,Заказ,Чистка системы охлаждения с заменой термопасты,1,1359,1359,1259,92.64164827078734,Иванов Сергей,Выдан
27.01.2023 - 10:24,Заказ,Замена разъема зарядки (MicroUSB/Type-C),1,1095,1095,996,90.95890410958904,Администратор,Выдан
27.01.2023 - 12:33,Продажа,16GB USB 2.0 Flash Drive SmartBuy,2,477,954,552,57.861635220125784,Иванов Сергей,
27.01.2023 - 15:10,Продажа,Блок питания Apple 20W (Copy),1,1216,1216,821,67.51644736842105,Администратор,
27.01.2023 - 16:55,Заказ,Установка Windows 10/11 + Драйвера,1,1258,1258,1258,100.0,Иванов Сергей,Выдан
27.01.2023 - 18:18,Заказ,Восстановление цепи питания,1,4226,4226,3702,87.60056791292003,Иванов Сергей,Выдан
28.01.2023 - 11:00,Заказ,Замена разъема зарядки (MicroUSB/Type-C),1,1088,1088,991,91.08455882352942,Сидоров Алексей,Выдан
28.01.2023 - 11:44,Продажа,16GB USB 2.0 Flash Drive SmartBuy,1,433,433,243,56.12009237875289,Петров Роман,
28.01.2023 - 12:15,Заказ,Чистка системы охлаждения с заменой термопасты,1,1391,1391,1295,93.09849029475198,Сидоров Алексей,Выдан
28.01.2023 - 13:09,Продажа,Чехол силиконовый прозрачный,1,301,301,241,80.06644518272425,Администратор,
28.01.2023 - 15:22,Заказ,Дисплей iPhone 11 (Копия AAA),1,2686,2686,1332,49.59046909903202,Петров Роман,Выдан
28.01.2023 - 15:32,Заказ,Чехол силиконовый прозрачный,1,314,314,255,81.21019108280255,Сидоров Алексей,Выдан
28.01.2023 - 16:29,Продажа,Защитное стекло 3D для iPhone 11/XR,1,467,467,418,89.50749464668094,Петров Роман,
28.01.2023 - 16:30,Продажа,Кабель USB - Lightning (Foxconn),1,579,579,433,74.78411053540587,Петров Роман,
28.01.2023 - 17:30,Заказ,Диагностика,1,511,511,511,100.0,Сидоров Алексей,Выдан
28.01.2023 - 17:35,Заказ,Защитное стекло 3D для iPhone 11/XR,1,487,487,440,90.34907597535934,Петров Роман,Выдан
28.01.2023 - 17:57,Заказ,Наклейка защитного стекла (Услуга),1,198,198,198,100.0,Администратор,Выдан
29.01.2023 - 10:15,Заказ,Защитное стекло 3D для iPhone 11/XR,1,523,523,474,90.63097514340345,Администратор,Выдан
29.01.2023 - 11:00,Заказ,Диагностика,1,467,467,467,100.0,Администратор,Выдан
29.01.2023 - 11:06,Заказ,Диагностика,1,543,543,543,100.0,Сидоров Алексей,Выдан
29.01.2023 - 12:35,Заказ,Прошивка Android/iOS,1,1087,1087,1087,100.0,Сидоров Алексей,Выдан
29.01.2023 - 12:50,Продажа,Защитное стекло 3D для iPhone 11/XR,1,479,479,432,90.18789144050105,Администратор,
29.01.2023 - 15:32,Заказ,Чехол силиконовый прозрачный,1,318,318,258,81.13207547169812,Иванов Сергей,Выдан
29.01.2023 - 15:40,Заказ,Чехол силиконовый прозрачный,1,317,317,258,81.38801261829653,Администратор,Выдан
29.01.2023 - 16:37,Заказ,Чехол силиконовый прозрачный,1,309,309,249,80.58252427184466,Петров Роман,Выдан
29.01.2023 - 18:22,Заказ,Защитное стекло 3D для iPhone 11/XR,1,514,514,464,90.27237354085604,Сидоров Алексей,Выдан
29.01.2023 - 19:32,Заказ,Чистка системы охлаждения с заменой термопасты,1,1553,1553,1452,93.49645846748228,Сидоров Алексей,Выдан
30.01.2023 - 14:18,Заказ,Восстановление цепи питания,1,4405,4405,3921,89.01248581157776,Сидоров Алексей,Выдан
30.01.2023 - 15:08,Продажа,Защитное стекло 3D для iPhone 11/XR,1,512,512,463,90.4296875,Администратор,
30.01.2023 - 16:58,Заказ,Прошивка Android/iOS,1,1023,1023,1023,100.0,Петров Роман,Выдан
30.01.2023 - 17:02,Продажа,Чехол силиконовый прозрачный,1,270,270,211,78.14814814814814,Иванов Сергей,
30.01.2023 - 19:53,Продажа,Кабель USB - Lightning (Foxconn),3,612,1836,1374,74.83660130718954,Сидоров Алексей,
31.01.2023 - 13:54,Заказ,Наклейка защитного стекла (Услуга),3,201,603,603,100.0,Иванов Сергей,Выдан
31.01.2023 - 18:03,Заказ,Блок питания Apple 20W (Copy),1,1290,1290,908,70.3875968992248,Администратор,Выдан
01.02.2023 - 10:56,Продажа,Защитное стекло 3D для iPhone 11/XR,1,472,472,423,89.61864406779661,Иванов Сергей,
01.02.2023 - 15:36,Заказ,Защитное стекло 3D для iPhone 11/XR,1,462,462,411,88.96103896103897,Сидоров Алексей,Выдан
02.02.2023 - 11:44,Заказ,Защитное стекло 3D для iPhone 11/XR,1,491,491,440,89.61303462321793,Петров Роман,Выдан
02.02.2023 - 18:57,Заказ,Аккумулятор Samsung Galaxy A51 (EB-BA515),2,1182,2364,1286,54.39932318104906,Петров Роман,Выдан
03.02.2023 - 15:39,Заказ,Блок питания Apple 20W (Copy),1,1217,1217,831,68.28266228430567,Администратор,Выдан
04.02.2023 - 10:59,Заказ,Наклейка защитного стекла (Услуга),1,205,205,205,100.0,Администратор,Выдан
04.02.2023 - 11:26,Заказ,Защитное стекло 3D для iPhone 11/XR,1,489,489,440,89.97955010224949,Петров Роман,Выдан
04.02.2023 - 12:14,Продажа,Защитное стекло 3D для iPhone 11/XR,1,544,544,494,90.80882352941177,Администратор,
04.02.2023 - 14:47,Заказ,Чистка системы охлаждения с заменой термопасты,2,1455,2910,2714,93.26460481099656,Петров Роман,Выдан
04.02.2023 - 17:06,Продажа,Кабель USB - Lightning (Foxconn),1,601,601,458,76.2063227953411,Администратор,
04.02.2023 - 17:07,Заказ,Чистка системы охлаждения с заменой термопасты,1,1595,1595,1491,93.47962382445141,Петров Роман,Выдан
04.02.2023 - 17:15,Заказ,Блок питания Apple 20W (Copy),1,1306,1306,915,70.06125574272588,Сидоров Алексей,Выдан
04.02.2023 - 17:22,Заказ,Наклейка защитного стекла (Услуга),1,191,191,191,100.0,Сидоров Алексей,Выдан
04.02.2023 - 18:08,Заказ,Восстановление цепи питания,1,4372,4372,3880,88.74656907593778,Сидоров Алексей,Выдан
04.02.2023 - 18:38,Продажа,Защитное стекло 3D для iPhone 11/XR,1,455,455,408,89.67032967032968,Администратор,
04.02.2023 - 19:19,Заказ,Прошивка Android/iOS,2,1089,2178,2178,100.0,Петров Роман,Выдан
05.02.2023 - 10:32,Продажа,Защитное стекло 3D для iPhone 11/XR,1,513,513,464,90.44834307992203,Петров Роман,
05.02.2023 - 11:04,Заказ,Наклейка защитного стекла (Услуга),1,187,187,187,100.0,Сидоров Алексей,Выдан
05.02.2023 - 13:16,Заказ,Чистка системы охлаждения с заменой термопасты,1,1562,1562,1460,93.46991037131882,Петров Роман,Выдан
05.02.2023 - 15:35,Заказ,16GB USB 2.0 Flash Drive SmartBuy,1,471,471,266,56.475583864118896,Петров Роман,Выдан
05.02.2023 - 17:04,Заказ,Блок питания Apple 20W (Copy),3,1124,3372,2142,63.52313167259786,Администратор,Выдан
06.02.2023 - 10:47,Заказ,"15.6"" WXGA HD LED Глянцевый 40pin (NT156WH)",1,4720,4720,1382,29.279661016949156,Сидоров Алексей,Выдан
06.02.2023 - 12:34,Продажа,Чехол силиконовый прозрачный,1,285,285,225,78.94736842105263,Сидоров Алексей,
06.02.2023 - 16:14,Заказ,Дисплей iPhone 11 (Копия AAA),3,2737,8211,4206,51.22396784800877,Администратор,Выдан
07.02.2023 - 11:21,Заказ,Прошивка Android/iOS,1,1091,1091,1091,100.0,Иванов Сергей,Выдан
07.02.2023 - 13:15,Заказ,Защитное стекло 3D для iPhone 11/XR,1,529,529,479,90.54820415879017,Петров Роман,Выдан
07.02.2023 - 13:45,Продажа,Кабель USB - Lightning (Foxconn),1,555,555,412,74.23423423423424,Петров Роман,
07.02.2023 - 15:11,Продажа,Защитное стекло 3D для iPhone 11/XR,1,458,458,409,89.30131004366812,Администратор,
07.02.2023 - 16:02,Продажа,Кабель USB - Lightning (Foxconn),1,587,587,436,74.27597955706985,Иванов Сергей,
07.02.2023 - 19:28,Продажа,Кабель USB - Lightning (Foxconn),1,625,625,479,76.64,Сидоров Алексей,
08.02.2023 - 10:14,Продажа,Чехол силиконовый прозрачный,1,283,283,225,79.50530035335689,Иванов Сергей,
08.02.2023 - 11:44,Продажа,16GB USB 2.0 Flash Drive SmartBuy,1,454,454,257,56.6079295154185,Сидоров Алексей,
08.02.2023 - 12:04,Заказ,Аккумулятор Samsung Galaxy A51 (EB-BA515),1,1093,1093,561,51.326623970722785,Сидоров Алексей,Выдан
08.02.2023 - 13:40,Заказ,Чистка системы охлаждения с заменой термопасты,1,1546,1546,1443,93.33764553686935,Сидоров Алексей,Выдан
08.02.2023 - 14:57,Заказ,Аккумулятор Samsung Galaxy A51 (EB-BA515),2,1272,2544,1412,55.503144654088054,Петров Роман,Выдан
08.02.2023 - 15:00,Заказ,Диагностика,1,461,461,461,100.0,Иванов Сергей,Выдан
08.02.2023 - 16:46,Заказ,Установка Windows 10/11 + Драйвера,1,1169,1169,1169,100.0,Администратор,Выдан
08.02.2023 - 19:28,Продажа,Защитное стекло 3D для iPhone 11/XR,1,545,545,497,91.19266055045871,Петров Роман,
09.02.2023 - 11:06,Продажа,Защитное стекло 3D для iPhone 11/XR,1,520,520,471,90.57692307692308,Петров Роман,
09.02.2023 - 11:18,Заказ,Установка Windows 10/11 + Драйвера,1,1198,1198,1198,100.0,Администратор,Выдан
09.02.2023 - 13:44,Заказ,Наклейка защитного стекла (Услуга),1,192,192,192,100.0,Иванов Сергей,Выдан
09.02.2023 - 14:39,Заказ,Защитное стекло 3D для iPhone 11/XR,1,456,456,406,89.03508771929825,Петров Роман,Выдан
09.02.2023 - 18:17,Заказ,Установка Windows 10/11 + Драйвера,1,1088,1088,1088,100.0,Сидоров Алексей,Выдан
09.02.2023 - 18:31,Заказ,Чехол силиконовый прозрачный,1,287,287,226,78.74564459930313,Сидоров Алексей,Выдан
09.02.2023 - 19:22,Продажа,Чехол силиконовый прозрачный,1,315,315,258,81.9047619047619,Петров Роман,
10.02.2023 - 10:46,Заказ,Наклейка защитного стекла (Услуга),1,188,188,188,100.0,Сидоров Алексей,Выдан
10.02.2023 - 14:35,Заказ,Дисплей iPhone 11 (Копия AAA),1,2628,2628,1184,45.053272450532724,Петров Роман,Выдан
10.02.2023 - 15:17,Заказ,Наклейка защитного стекла (Услуга),1,191,191,191,100.0,Администратор,Выдан
10.02.2023 - 16:13,Заказ,Замена разъема зарядки (MicroUSB/Type-C),1,1083,1083,980,90.48938134810712,Иванов Сергей,Выдан
10.02.2023 - 16:21,Заказ,Дисплей iPhone 11 (Копия AAA),1,2345,2345,895,38.16631130063966,Иванов Сергей,Выдан
10.02.2023 - 16:49,Заказ,16GB USB 2.0 Flash Drive SmartBuy,1,446,446,246,55.15695067264574,Иванов Сергей,Выдан
10.02.2023 - 17:16,Заказ,Прошивка Android/iOS,1,950,950,950,100.0,Сидоров Алексей,Выдан
10.02.2023 - 17:34,Заказ,Защитное стекло 3D для iPhone 11/XR,1,486,486,436,89.7119341563786,Администратор,Выдан
10.02.2023 - 18:28,Заказ,Дисплей iPhone 11 (Оригинал переклей),1,5582,5582,1928,34.53959154424937,Сидоров Алексей,Выдан
11.02.2023 - 10:46,Заказ,Чистка системы охлаждения с заменой термопасты,1,1605,1605,1502,93.58255451713396,Иванов Сергей,Выдан
11.02.2023 - 12:13,Заказ,Наклейка защитного стекла (Услуга),1,210,210,210,100.0,Иванов Сергей,Выдан
11.02.2023 - 15:25,Заказ,Чехол силиконовый прозрачный,1,312,312,254,81.41025641025641,Петров Роман,Выдан
11.02.2023 - 16:15,Заказ,Чистка системы охлаждения с заменой термопасты,1,1522,1522,1420,93.29829172141918,Сидоров Алексей,Выдан
11.02.2023 - 17:02,Заказ,Диагностика,1,487,487,487,100.0,Петров Роман,Выдан
11.02.2023 - 17:43,Продажа,Защитное стекло 3D для iPhone 11/XR,1,490,490,440,89.79591836734694,Иванов Сергей,
11.02.2023 - 19:59,Продажа,Защитное стекло 3D для iPhone 11/XR,1,501,501,453,90.41916167664671,Петров Роман,
12.02.2023 - 13:06,Заказ,Диагностика,1,465,465,465,100.0,Администратор,Выдан
12.02.2023 - 13:33,Продажа,Чехол силиконовый прозрачный,1,317,317,259,81.70347003154575,Иванов Сергей,
12.02.2023 - 13:52,Продажа,Кабель USB - Lightning (Foxconn),1,638,638,481,75.39184952978056,Сидоров Алексей,
12.02.2023 - 17:40,Заказ,Установка Windows 10/11 + Драйвера,1,1302,1302,1302,100.0,Администратор,Выдан
13.02.2023 - 10:05,Продажа,Кабель USB - Lightning (Foxconn),1,557,557,414,74.32675044883304,Иванов Сергей,
13.02.2023 - 12:10,Продажа,Защитное стекло 3D для iPhone 11/XR,1,519,519,469,90.36608863198458,Сидоров Алексей,
13.02.2023 - 12:51,Заказ,Замена разъема зарядки (MicroUSB/Type-C),3,1286,3858,3555,92.1461897356143,Петров Роман,Выдан
13.02.2023 - 13:32,Заказ,Чистка системы охлаждения с заменой термопасты,1,1528,1528,1426,93.32460732984293,Иванов Сергей,Выдан
13.02.2023 - 14:04,Заказ,Защитное стекло 3D для iPhone 11/XR,1,462,462,412,89.17748917748918,Иванов Сергей,Выдан
13.02.2023 - 14:10,Заказ,Прошивка Android/iOS,1,1005,1005,1005,100.0,Сидоров Алексей,Выдан
13.02.2023 - 14:22,Продажа,Защитное стекло 3D для iPhone 11/XR,1,495,495,445,89.8989898989899,Сидоров Алексей,
13.02.2023 - 15:17,Заказ,Дисплей iPhone 11 (Оригинал переклей),1,5134,5134,1393,27.132839890923254,Иванов Сергей,Выдан
14.02.2023 - 10:38,Продажа,Защитное стекло 3D для iPhone 11/XR,1,458,458,411,89.73799126637554,Иванов Сергей,
14.02.2023 - 16:46,Заказ,Защитное стекло 3D для iPhone 11/XR,1,538,538,486,90.33457249070632,Петров Роман,Выдан
14.02.2023 - 17:44,Заказ,Чистка системы охлаждения с заменой термопасты,1,1448,1448,1347,93.02486187845304,Администратор,Выдан
15.02.2023 - 10:52,Продажа,Чехол силиконовый прозрачный,2,292,584,464,79.45205479452055,Петров Роман,
15.02.2023 - 11:43,Заказ,Установка Windows 10/11 + Драйвера,1,1119,1119,1119,100.0,Администратор,Выдан
15.02.2023 - 12:11,Заказ,Прошивка Android/iOS,1,968,968,968,100.0,Иванов Сергей,Выдан
15.02.2023 - 14:04,Продажа,Чехол силиконовый прозрачный,1,302,302,242,80.13245033112582,Петров Роман,
15.02.2023 - 15:52,Продажа,Чехол силиконовый прозрачный,1,312,312,251,80.44871794871796,Иванов Сергей,
15.02.2023 - 16:47,Заказ,Замена разъема зарядки (MicroUSB/Type-C),1,1199,1199,1104,92.07673060884069,Иванов Сергей,Выдан
15.02.2023 - 17:08,Заказ,Дисплей iPhone 11 (Копия AAA),1,2728,2728,1264,46.33431085043988,Иванов Сергей,Выдан
15.02.2023 - 18:55,Заказ,Кабель USB - Lightning (Foxconn),1,629,629,479,76.15262321144675,Сидоров Алексей,Выдан
15.02.2023 - 19:34,Заказ,Восстановление цепи питания,1,4174,4174,3663,87.75754671777672,Иванов Сергей,Выдан
15.02.2023 - 19:53,Заказ,Прошивка Android/iOS,1,1084,1084,1084,100.0,Администратор,Выдан
16.02.2023 - 10:11,Продажа,SSD накопитель Kingston 240GB,2,2134,4268,1184,27.741330834114343,Иванов Сергей,
16.02.2023 - 10:42,Заказ,Прошивка Android/iOS,1,1084,1084,1084,100.0,Петров Роман,Выдан
16.02.2023 - 12:00,Заказ,"15.6"" WXGA HD LED Глянцевый 40pin (NT156WH)",1,4111,4111,1024,24.90878131841401,Иванов Сергей,Выдан
16.02.2023 - 12:18,Заказ,Жесткий диск Seagate BarraCuda 1TB,1,3436,3436,404,11.757857974388825,Иванов Сергей,Выдан
16.02.2023 - 14:51,Заказ,Наклейка защитного стекла (Услуга),1,217,217,217,100.0,Администратор,Выдан
16.02.2023 - 17:02,Продажа,Чехол силиконовый прозрачный,1,294,294,236,80.27210884353741,Сидоров Алексей,
16.02.2023 - 18:32,Заказ,Установка Windows 10/11 + Драйвера,1,1231,1231,1231,100.0,Администратор,Выдан
17.02.2023 - 10:28,Заказ,Установка Windows 10/11 + Драйвера,1,1264,1264,1264,100.0,Сидоров Алексей,Выдан
17.02.2023 - 10:32,Заказ,Замена разъема зарядки (MicroUSB/Type-C),1,1227,1227,1125,91.68704156479217,Иванов Сергей,Выдан
17.02.2023 - 11:02,Заказ,Аккумулятор Samsung Galaxy A51 (EB-BA515),1,1231,1231,686,55.727051177904144,Иванов Сергей,Выдан
17.02.2023 - 13:27,Заказ,Кабель USB - Lightning (Foxconn),3,563,1689,1236,73.17939609236235,Иванов Сергей,Выдан
17.02.2023 - 13:42,Заказ,Замена разъема зарядки (MicroUSB/Type-C),1,1306,1306,1208,92.49617151607963,Сидоров Алексей,Выдан
17.02.2023 - 18:01,Заказ,Установка Windows 10/11 + Драйвера,1,1216,1216,1216,100.0,Администратор,Выдан
18.02.2023 - 10:08,Продажа,Защитное стекло 3D для iPhone 11/XR,1,524,524,474,90.45801526717557,Сидоров Алексей,
18.02.2023 - 15:20,Заказ,Наклейка защитного стекла (Услуга),1,215,215,215,100.0,Петров Роман,Выдан
18.02.2023 - 18:03,Продажа,Кабель USB - Lightning (Foxconn),2,561,1122,826,73.61853832442068,Петров Роман,
19.02.2023 - 10:36,Заказ,Чехол силиконовый прозрачный,1,305,305,245,80.32786885245902,Сидоров Алексей,Выдан
19.02.2023 - 10:43,Продажа,Чехол силиконовый прозрачный,2,313,626,510,81.46964856230032,Сидоров Алексей,
19.02.2023 - 11:06,Продажа,Чехол силиконовый прозрачный,1,316,316,254,80.37974683544303,Иванов Сергей,
19.02.2023 - 11:30,Заказ,Диагностика,1,468,468,468,100.0,Петров Роман,Выдан
19.02.2023 - 12:12,Продажа,16GB USB 2.0 Flash Drive SmartBuy,1,449,449,250,55.67928730512249,Администратор,
19.02.2023 - 12:18,Заказ,Кабель USB - Lightning (Foxconn),1,635,635,491,77.32283464566929,Петров Роман,Выдан
19.02.2023 - 14:14,Заказ,Замена разъема зарядки (MicroUSB/Type-C),1,1286,1286,1186,92.2239502332815,Петров Роман,Выдан
19.02.2023 - 15:19,Заказ,16GB USB 2.0 Flash Drive SmartBuy,1,422,422,228,54.02843601895735,Сидоров Алексей,Выдан
19.02.2023 - 16:49,Заказ,Аккумулятор Samsung Galaxy A51 (EB-BA515),1,1177,1177,639,54.29056924384027,Сидоров Алексей,Выдан
19.02.2023 - 19:54,Заказ,Чистка системы охлаждения с заменой термопасты,1,1522,1522,1420,93.29829172141918,Администратор,Выдан
20.02.2023 - 13:46,Заказ,Установка Windows 10/11 + Драйвера,1,1217,1217,1217,100.0,Администратор,Выдан
20.02.2023 - 14:00,Заказ,Наклейка защитного стекла (Услуга),1,212,212,212,100.0,Администратор,Выдан
20.02.2023 - 15:27,Заказ,Наклейка защитного стекла (Услуга),1,209,209,209,100.0,Сидоров Алексей,Выдан
21.02.2023 - 11:28,Заказ,Диагностика,1,453,453,453,100.0,Администратор,Выдан
21.02.2023 - 16:28,Заказ,"15.6"" WXGA HD LED Глянцевый 40pin (NT156WH)",1,4701,4701,1509,32.099553286534785,Петров Роман,Выдан
21.02.2023 - 16:43,Заказ,Наклейка защитного стекла (Услуга),1,182,182,182,100.0,Иванов Сергей,Выдан
21.02.2023 - 19:14,Заказ,Дисплей iPhone 11 (Копия AAA),1,2367,2367,998,42.16307562315167,Иванов Сергей,Выдан
22.02.2023 - 10:42,Заказ,Замена разъема зарядки (MicroUSB/Type-C),1,1216,1216,1119,92.02302631578947,Петров Роман,Выдан
22.02.2023 - 10:59,Заказ,Наклейка защитного стекла (Услуга),1,205,205,205,100.0,Петров Роман,Выдан
22.02.2023 - 13:22,Заказ,Установка Windows 10/11 + Драйвера,1,1307,1307,1307,100.0,Петров Роман,Выдан
23.02.2023 - 10:01,Заказ,Защитное стекло 3D для iPhone 11/XR,1,460,460,409,88.91304347826086,Иванов Сергей,Выдан
23.02.2023 - 10:28,Заказ,Чехол силиконовый прозрачный,1,280,280,220,78.57142857142857,Сидоров Алексей,Выдан
23.02.2023 - 12:59,Заказ,Аккумулятор Samsung Galaxy A51 (EB-BA515),1,1123,1123,584,52.00356188780053,Иванов Сергей,Выдан
23.02.2023 - 17:03,Заказ,Замена разъема зарядки (MicroUSB/Type-C),1,1241,1241,1141,91.941982272361,Иванов Сергей,Выдан
23.02.2023 - 19:40,Заказ,Диагностика,1,484,484,484,100.0,Сидоров Алексей,Выдан
24.02.2023 - 10:53,Продажа,Блок питания Apple 20W (Copy),1,1244,1244,848,68.16720257234726,Администратор,
24.02.2023 - 12:00,Заказ,"15.6"" WXGA HD LED Глянцевый 40pin (NT156WH)",1,4353,4353,1077,24.74155754651964,Сидоров Алексей,Выдан
24.02.2023 - 13:19,Заказ,Прошивка Android/iOS,1,1034,1034,1034,100.0,Петров Роман,Выдан
24.02.2023 - 19:12,Заказ,Установка Windows 10/11 + Драйвера,1,1158,1158,1158,100.0,Иванов Сергей,Выдан
25.02.2023 - 15:36,Заказ,Чистка системы охлаждения с заменой термопасты,1,1574,1574,1478,93.90088945362135,Администратор,Выдан
25.02.2023 - 17:59,Заказ,Наклейка защитного стекла (Услуга),1,182,182,182,100.0,Сидоров Алексей,Выдан
25.02.2023 - 19:42,Заказ,Чистка системы охлаждения с заменой термопасты,1,1496,1496,1397,93.38235294117648,Администратор,Выдан
26.02.2023 - 10:14,Заказ,Диагностика,1,476,476,476,100.0,Петров Роман,Выдан
26.02.2023 - 10:46,Продажа,Кабель USB - Lightning (Foxconn),1,623,623,479,76.88603531300161,Сидоров Алексей,
26.02.2023 - 12:23,Заказ,Чехол силиконовый прозрачный,1,306,306,247,80.71895424836602,Петров Роман,Выдан
26.02.2023 - 13:20,Заказ,Наклейка защитного стекла (Услуга),1,187,187,187,100.0,Петров Роман,Выдан
26.02.2023 - 16:48,Заказ,Дисплей iPhone 11 (Оригинал переклей),1,5891,5891,2182,37.03955185876761,Сидоров Алексей,Выдан
26.02.2023 - 17:08,Заказ,Защитное стекло 3D для iPhone 11/XR,1,462,462,412,89.17748917748918,Петров Роман,Выдан
26.02.2023 - 18:16,Заказ,Защитное стекло 3D для iPhone 11/XR,1,540,540,490,90.74074074074075,Администратор,Выдан
27.02.2023 - 10:58,Заказ,Наклейка защитного стекла (Услуга),1,205,205,205,100.0,Администратор,Выдан
27.02.2023 - 14:37,Заказ,Наклейка защитного стекла (Услуга),1,193,193,193,100.0,Администратор,Выдан
27.02.2023 - 16:42,Заказ,Диагностика,1,527,527,527,100.0,Администратор,Выдан
27.02.2023 - 17:34,Заказ,Наклейка защитного стекла (Услуга),1,182,182,182,100.0,Сидоров Алексей,Выдан
27.02.2023 - 19:05,Заказ,Чистка системы охлаждения с заменой термопасты,1,1442,1442,1347,93.41192787794729,Сидоров Алексей,Выдан
28.02.2023 - 10:56,Продажа,Кабель USB - Lightning (Foxconn),1,634,634,478,75.39432176656152,Петров Роман,
28.02.2023 - 14:29,Заказ,Диагностика,1,463,463,463,100.0,Сидоров Алексей,Выдан
28.02.2023 - 14:47,Заказ,Чехол силиконовый прозрачный,1,325,325,263,80.92307692307692,Иванов Сергей,Выдан
28.02.2023 - 17:27,Заказ,Замена разъема зарядки (MicroUSB/Type-C),1,1081,1081,983,90.93432007400554,Сидоров Алексей,Выдан
28.02.2023 - 18:09,Заказ,Аккумулятор Samsung Galaxy A51 (EB-BA515),1,1117,1117,553,49.5076096687556,Иванов Сергей,Выдан
01.03.2023 - 10:31,Заказ,Кабель USB - Lightning (Foxconn),1,594,594,438,73.73737373737373,Администратор,Выдан
01.03.2023 - 19:30,Заказ,Прошивка Android/iOS,1,992,992,992,100.0,Иванов Сергей,Выдан
01.03.2023 - 19:43,Заказ,Кабель USB - Lightning (Foxconn),1,559,559,402,71.91413237924866,Сидоров Алексей,Выдан
01.03.2023 - 19:49,Заказ,Наклейка защитного стекла (Услуга),1,204,204,204,100.0,Администратор,Выдан
02.03.2023 - 11:19,Заказ,Дисплей iPhone 11 (Копия AAA),1,2386,2386,992,41.57585917854149,Иванов Сергей,Выдан
02.03.2023 - 11:58,Заказ,Замена разъема зарядки (MicroUSB/Type-C),1,1093,1093,993,90.8508691674291,Сидоров Алексей,Выдан
02.03.2023 - 13:53,Заказ,Защитное стекло 3D для iPhone 11/XR,1,467,467,420,89.93576017130621,Петров Роман,Выдан
02.03.2023 - 17:59,Продажа,Чехол силиконовый прозрачный,1,307,307,247,80.45602605863192,Администратор,
03.03.2023 - 11:05,Заказ,Замена разъема зарядки (MicroUSB/Type-C),1,1303,1303,1205,92.47889485801996,Сидоров Алексей,Выдан
03.03.2023 - 11:55,Заказ,Кабель USB - Lightning (Foxconn),1,650,650,499,76.76923076923077,Администратор,Выдан
03.03.2023 - 12:55,Заказ,Кабель USB - Lightning (Foxconn),1,587,587,434,73.93526405451448,Сидоров Алексей,Выдан
03.03.2023 - 13:01,Заказ,Прошивка Android/iOS,1,1018,1018,1018,100.0,Иванов Сергей,Выдан
03.03.2023 - 16:17,Заказ,Защитное стекло 3D для iPhone 11/XR,1,497,497,446,89.738430583501,Иванов Сергей,Выдан
03.03.2023 - 18:15,Заказ,Чистка системы охлаждения с заменой термопасты,1,1389,1389,1288,92.72858171346292,Администратор,Выдан
03.03.2023 - 19:11,Продажа,Защитное стекло 3D для iPhone 11/XR,1,534,534,483,90.4494382022472,Администратор,
04.03.2023 - 11:50,Заказ,Наклейка защитного стекла (Услуга),1,196,196,196,100.0,Иванов Сергей,Выдан
04.03.2023 - 14:38,Заказ,Наклейка защитного стекла (Услуга),2,215,430,430,100.0,Петров Роман,Выдан
04.03.2023 - 15:50,Продажа,SSD накопитель Kingston 240GB,1,2267,2267,709,31.274812527569473,Администратор,
04.03.2023 - 17:29,Заказ,Кабель USB - Lightning (Foxconn),1,561,561,418,74.50980392156863,Администратор,Выдан
05.03.2023 - 11:06,Заказ,16GB USB 2.0 Flash Drive SmartBuy,1,438,438,230,52.51141552511416,Администратор,Выдан
05.03.2023 - 11:08,Заказ,Замена разъема зарядки (MicroUSB/Type-C),1,1140,1140,1044,91.57894736842105,Иванов Сергей,Выдан
05.03.2023 - 14:37,Заказ,16GB USB 2.0 Flash Drive SmartBuy,1,441,441,250,56.68934240362812,Петров Роман,Выдан
05.03.2023 - 16:03,Заказ,16GB USB 2.0 Flash Drive SmartBuy,1,476,476,286,60.08403361344538,Сидоров Алексей,Выдан
05.03.2023 - 17:22,Заказ,Чехол силиконовый прозрачный,1,271,271,211,77.85977859778598,Иванов Сергей,Выдан
06.03.2023 - 10:42,Заказ,Дисплей iPhone 11 (Копия AAA),3,2277,6831,2739,40.09661835748793,Сидоров Алексей,Выдан
06.03.2023 - 11:38,Заказ,Чистка системы охлаждения с заменой термопасты,1,1610,1610,1509,93.72670807453416,Сидоров Алексей,Выдан
06.03.2023 - 15:57,Заказ,Замена разъема зарядки (MicroUSB/Type-C),2,1152,2304,2098,91.05902777777779,Администратор,Выдан
06.03.2023 - 17:24,Заказ,Наклейка защитного стекла (Услуга),1,186,186,186,100.0,Сидоров Алексей,Выдан
06.03.2023 - 19:38,Продажа,Защитное стекло 3D для iPhone 11/XR,1,469,469,419,89.33901918976545,Иванов Сергей,
07.03.2023 - 17:24,Продажа,Защитное стекло 3D для iPhone 11/XR,1,479,479,427,89.14405010438414,Петров Роман,
07.03.2023 - 18:22,Заказ,Установка Windows 10/11 + Драйвера,1,1100,1100,1100,100.0,Администратор,Выдан
08.03.2023 - 13:34,Продажа,Защитное стекло 3D для iPhone 11/XR,1,519,519,470,90.5587668593449,Петров Роман,
08.03.2023 - 15:57,Продажа,SSD накопитель Kingston 240GB,1,2124,2124,595,28.013182674199623,Сидоров Алексей,
08.03.2023 - 18:22,Заказ,Наклейка защитного стекла (Услуга),1,191,191,191,100.0,Иванов Сергей,Выдан
08.03.2023 - 19:04,Продажа,16GB USB 2.0 Flash Drive SmartBuy,2,466,932,538,57.72532188841202,Администратор,
08.03.2023 - 19:54,Заказ,Восстановление цепи питания,1,4706,4706,4223,89.73650658733531,Иванов Сергей,Выдан
09.03.2023 - 13:53,Заказ,Чистка системы охлаждения с заменой термопасты,1,1397,1397,1296,92.77022190408017,Сидоров Алексей,Выдан
09.03.2023 - 14:06,Заказ,Прошивка Android/iOS,1,976,976,976,100.0,Петров Роман,Выдан
09.03.2023 - 14:20,Продажа,Защитное стекло 3D для iPhone 11/XR,1,455,455,404,88.79120879120879,Сидоров Алексей,
09.03.2023 - 17:21,Заказ,Замена разъема зарядки (MicroUSB/Type-C),1,1269,1269,1168,92.04097714736012,Петров Роман,Выдан
09.03.2023 - 19:31,Заказ,Чистка системы охлаждения с заменой термопасты,1,1588,1588,1487,93.63979848866498,Администратор,Выдан
10.03.2023 - 10:28,Заказ,Дисплей iPhone 11 (Копия AAA),1,2617,2617,1220,46.61826518914788,Иванов Сергей,Выдан
10.03.2023 - 11:28,Заказ,Восстановление цепи питания,2,4270,8540,7590,88.87587822014052,Иванов Сергей,Выдан
10.03.2023 - 12:06,Заказ,Наклейка защитного стекла (Услуга),1,214,214,214,100.0,Сидоров Алексей,Выдан
10.03.2023 - 12:45,Заказ,Наклейка защитного стекла (Услуга),1,215,215,215,100.0,Сидоров Алексей,Выдан
10.03.2023 - 14:17,Заказ,Чехол силиконовый прозрачный,1,311,311,251,80.70739549839229,Сидоров Алексей,Выдан
10.03.2023 - 14:36,Заказ,Дисплей iPhone 11 (Копия AAA),2,2653,5306,2370,44.66641537881643,Администратор,Выдан
10.03.2023 - 15:03,Заказ,Наклейка защитного стекла (Услуга),1,192,192,192,100.0,Администратор,Выдан
10.03.2023 - 16:20,Заказ,Защитное стекло 3D для iPhone 11/XR,1,461,461,412,89.3709327548807,Администратор,Выдан
10.03.2023 - 18:06,Заказ,Наклейка защитного стекла (Услуга),1,216,216,216,100.0,Сидоров Алексей,Выдан
10.03.2023 - 18:38,Заказ,Восстановление цепи питания,1,4867,4867,4353,89.43907951510171,Администратор,Выдан
10.03.2023 - 18:55,Заказ,Чистка системы охлаждения с заменой термопасты,1,1409,1409,1311,93.04471256210078,Иванов Сергей,Выдан
11.03.2023 - 10:20,Заказ,Замена разъема зарядки (MicroUSB/Type-C),1,1201,1201,1105,92.00666111573689,Администратор,Выдан
11.03.2023 - 11:07,Заказ,Диагностика,2,537,1074,1074,100.0,Сидоров Алексей,Выдан
11.03.2023 - 14:36,Заказ,Защитное стекло 3D для iPhone 11/XR,1,486,486,437,89.91769547325103,Сидоров Алексей,Выдан
11.03.2023 - 15:27,Заказ,Наклейка защитного стекла (Услуга),1,202,202,202,100.0,Иванов Сергей,Выдан
12.03.2023 - 11:58,Заказ,Защитное стекло 3D для iPhone 11/XR,1,535,535,484,90.46728971962617,Петров Роман,Выдан
12.03.2023 - 13:00,Продажа,Блок питания Apple 20W (Copy),1,1256,1256,845,67.27707006369427,Сидоров Алексей,
12.03.2023 - 13:39,Продажа,Защитное стекло 3D для iPhone 11/XR,1,517,517,465,89.94197292069632,Сидоров Алексей,
12.03.2023 - 17:40,Заказ,Чистка системы охлаждения с заменой термопасты,1,1485,1485,1384,93.1986531986532,Сидоров Алексей,Выдан
12.03.2023 - 18:59,Заказ,16GB USB 2.0 Flash Drive SmartBuy,1,434,434,235,54.14746543778802,Администратор,Выдан
13.03.2023 - 10:36,Заказ,Кабель USB - Lightning (Foxconn),1,616,616,470,76.2987012987013,Петров Роман,Выдан
13.03.2023 - 12:21,Заказ,SSD накопитель Kingston 240GB,1,1981,1981,416,20.9994952044422,Петров Роман,Выдан
13.03.2023 - 18:35,Заказ,Жесткий диск Seagate BarraCuda 1TB,1,3639,3639,848,23.303105248694695,Администратор,Выдан
13.03.2023 - 19:16,Продажа,SSD накопитель Kingston 240GB,1,2084,2084,514,24.664107485604607,Сидоров Алексей,
14.03.2023 - 11:32,Продажа,Блок питания Apple 20W (Copy),1,1153,1153,748,64.87424111014745,Администратор,
14.03.2023 - 13:02,Заказ,Дисплей iPhone 11 (Копия AAA),2,2453,4906,2140,43.62005707297187,Иванов Сергей,Выдан
14.03.2023 - 14:02,Заказ,Установка Windows 10/11 + Драйвера,1,1263,1263,1263,100.0,Администратор,Выдан
14.03.2023 - 15:20,Заказ,Диагностика,1,468,468,468,100.0,Иванов Сергей,Выдан
14.03.2023 - 16:08,Заказ,Установка Windows 10/11 + Драйвера,1,1120,1120,1120,100.0,Иванов Сергей,Выдан
14.03.2023 - 16:45,Заказ,Чистка системы охлаждения с заменой термопасты,1,1486,1486,1387,93.3378196500673,Иванов Сергей,Выдан
14.03.2023 - 17:12,Продажа,Блок питания Apple 20W (Copy),2,1236,2472,1702,68.85113268608414,Петров Роман,
15.03.2023 - 10:06,Заказ,Чехол силиконовый прозрачный,1,281,281,222,79.00355871886121,Иванов Сергей,Выдан
15.03.2023 - 11:15,Заказ,Установка Windows 10/11 + Драйвера,1,1274,1274,1274,100.0,Сидоров Алексей,Выдан
15.03.2023 - 12:20,Заказ,Диагностика,1,469,469,469,100.0,Иванов Сергей,Выдан
15.03.2023 - 13:21,Заказ,Установка Windows 10/11 + Драйвера,1,1194,1194,1194,100.0,Петров Роман,Выдан
15.03.2023 - 15:48,Заказ,Наклейка защитного стекла (Услуга),2,212,424,424,100.0,Сидоров Алексей,Выдан
15.03.2023 - 16:22,Заказ,Прошивка Android/iOS,1,918,918,918,100.0,Петров Роман,Выдан
16.03.2023 - 10:21,Продажа,Защитное стекло 3D для iPhone 11/XR,1,519,519,471,90.7514450867052,Петров Роман,
16.03.2023 - 13:11,Заказ,Кабель USB - Lightning (Foxconn),1,641,641,494,77.06708268330733,Администратор,Выдан
16.03.2023 - 14:38,Заказ,Замена разъема зарядки (MicroUSB/Type-C),1,1098,1098,998,90.89253187613843,Иванов Сергей,Выдан
16.03.2023 - 14:44,Заказ,Аккумулятор Samsung Galaxy A51 (EB-BA515),1,1212,1212,689,56.84818481848185,Иванов Сергей,Выдан
16.03.2023 - 17:06,Заказ,Блок питания Apple 20W (Copy),1,1178,1178,761,64.60101867572156,Сидоров Алексей,Выдан
16.03.2023 - 18:34,Заказ,Защитное стекло 3D для iPhone 11/XR,1,498,498,448,89.95983935742971,Иванов Сергей,Выдан
17.03.2023 - 10:20,Продажа,16GB USB 2.0 Flash Drive SmartBuy,1,439,439,236,53.75854214123007,Сидоров Алексей,
17.03.2023 - 11:12,Заказ,"15.6"" WXGA HD LED Глянцевый 40pin (NT156WH)",1,4360,4360,1040,23.853211009174313,Сидоров Алексей,Выдан
17.03.2023 - 12:58,Заказ,Кабель USB - Lightning (Foxconn),1,586,586,442,75.42662116040955,Иванов Сергей,Выдан
17.03.2023 - 16:42,Продажа,SSD накопитель Kingston 240GB,1,2037,2037,535,26.264113892979875,Петров Роман,
17.03.2023 - 17:36,Заказ,Замена разъема зарядки (MicroUSB/Type-C),1,1163,1163,1059,91.05760963026655,Администратор,Выдан
17.03.2023 - 19:08,Заказ,Чехол силиконовый прозрачный,1,315,315,253,80.31746031746032,Сидоров Алексей,Выдан
18.03.2023 - 13:26,Заказ,Аккумулятор Samsung Galaxy A51 (EB-BA515),1,1155,1155,606,52.467532467532465,Сидоров Алексей,Выдан
18.03.2023 - 15:30,Заказ,Чехол силиконовый прозрачный,1,314,314,252,80.2547770700637,Петров Роман,Выдан
18.03.2023 - 15:31,Заказ,"15.6"" WXGA HD LED Глянцевый 40pin (NT156WH)",1,4846,4846,1806,37.26784977300866,Иванов Сергей,Выдан
18.03.2023 - 16:00,Продажа,16GB USB 2.0 Flash Drive SmartBuy,1,418,418,223,53.34928229665071,Петров Роман,
19.03.2023 - 10:28,Продажа,Кабель USB - Lightning (Foxconn),1,642,642,494,76.94704049844236,Администратор,
19.03.2023 - 11:11,Заказ,"15.6"" WXGA HD LED Глянцевый 40pin (NT156WH)",1,4832,4832,1496,30.960264900662253,Петров Роман,Выдан
19.03.2023 - 12:43,Заказ,Замена разъема зарядки (MicroUSB/Type-C),1,1237,1237,1137,91.91592562651576,Администратор,Выдан
19.03.2023 - 14:16,Заказ,Защитное стекло 3D для iPhone 11/XR,1,526,526,474,90.11406844106465,Иванов Сергей,Выдан
19.03.2023 - 14:20,Заказ,Чистка системы охлаждения с заменой термопасты,1,1479,1479,1375,92.96822177146721,Сидоров Алексей,Выдан
19.03.2023 - 15:44,Продажа,Защитное стекло 3D для iPhone 11/XR,1,496,496,447,90.12096774193549,Иванов Сергей,
19.03.2023 - 16:47,Заказ,Прошивка Android/iOS,1,1053,1053,1053,100.0,Сидоров Алексей,Выдан
20.03.2023 - 11:32,Заказ,Восстановление цепи питания,1,4883,4883,4392,89.94470612328487,Сидоров Алексей,Выдан
20.03.2023 - 12:14,Заказ,Кабель USB - Lightning (Foxconn),1,565,565,412,72.9203539823009,Петров Роман,Выдан
20.03.2023 - 13:23,Продажа,Кабель USB - Lightning (Foxconn),1,615,615,464,75.44715447154472,Сидоров Алексей,
20.03.2023 - 13:50,Заказ,Замена разъема зарядки (MicroUSB/Type-C),2,1167,2334,2144,91.85946872322194,Сидоров Алексей,Выдан
20.03.2023 - 16:11,Заказ,"15.6"" WXGA HD LED Глянцевый 40pin (NT156WH)",1,4468,4468,1326,29.677708146821846,Сидоров Алексей,Выдан
20.03.2023 - 17:53,Продажа,Чехол силиконовый прозрачный,1,271,271,212,78.22878228782287,Петров Роман,
20.03.2023 - 18:11,Заказ,Восстановление цепи питания,1,4872,4872,4386,90.02463054187191,Администратор,Выдан
20.03.2023 - 18:14,Заказ,Диагностика,1,467,467,467,100.0,Администратор,Выдан
21.03.2023 - 10:26,Заказ,Чехол силиконовый прозрачный,1,275,275,213,77.45454545454545,Петров Роман,Выдан
21.03.2023 - 13:45,Заказ,Замена разъема зарядки (MicroUSB/Type-C),1,1168,1168,1068,91.43835616438356,Иванов Сергей,Выдан
21.03.2023 - 17:02,Заказ,Наклейка защитного стекла (Услуга),1,209,209,209,100.0,Петров Роман,Выдан
22.03.2023 - 11:32,Заказ,Восстановление цепи питания,1,4750,4750,4258,89.64210526315789,Петров Роман,Выдан
22.03.2023 - 14:50,Заказ,Аккумулятор Samsung Galaxy A51 (EB-BA515),1,1116,1116,574,51.4336917562724,Администратор,Выдан
22.03.2023 - 16:53,Заказ,Замена разъема зарядки (MicroUSB/Type-C),2,1182,2364,2164,91.53976311336717,Петров Роман,Выдан
23.03.2023 - 12:52,Заказ,Замена разъема зарядки (MicroUSB/Type-C),1,1279,1279,1181,92.3377638780297,Сидоров Алексей,Выдан
23.03.2023 - 12:57,Продажа,Защитное стекло 3D для iPhone 11/XR,1,459,459,407,88.67102396514161,Администратор,
23.03.2023 - 14:14,Заказ,Кабель USB - Lightning (Foxconn),1,623,623,470,75.4414125200642,Администратор,Выдан
23.03.2023 - 16:14,Заказ,Диагностика,1,528,528,528,100.0,Иванов Сергей,Выдан
23.03.2023 - 17:40,Заказ,Замена разъема зарядки (MicroUSB/Type-C),1,1125,1125,1027,91.28888888888889,Сидоров Алексей,Выдан
23.03.2023 - 19:13,Заказ,Защитное стекло 3D для iPhone 11/XR,1,470,470,423,90.0,Иванов Сергей,Выдан
24.03.2023 - 19:08,Заказ,Восстановление цепи питания,1,4526,4526,4004,88.46663720724702,Сидоров Алексей,Выдан
25.03.2023 - 10:45,Продажа,Кабель USB - Lightning (Foxconn),2,562,1124,810,72.06405693950177,Администратор,
25.03.2023 - 12:33,Заказ,Установка Windows 10/11 + Драйвера,1,1209,1209,1209,100.0,Петров Роман,Выдан
25.03.2023 - 12:34,Заказ,Аккумулятор Samsung Galaxy A51 (EB-BA515),1,1099,1099,545,49.590536851683346,Иванов Сергей,Выдан
25.03.2023 - 15:58,Продажа,Чехол силиконовый прозрачный,1,284,284,222,78.16901408450704,Иванов Сергей,
25.03.2023 - 16:28,Заказ,Установка Windows 10/11 + Драйвера,1,1157,1157,1157,100.0,Иванов Сергей,Выдан
26.03.2023 - 17:42,Заказ,SSD накопитель Kingston 240GB,1,2047,2047,525,25.647288715192968,Сидоров Алексей,Выдан
26.03.2023 - 18:31,Продажа,Чехол силиконовый прозрачный,1,308,308,249,80.84415584415584,Сидоров Алексей,
27.03.2023 - 13:19,Заказ,Диагностика,3,518,1554,1554,100.0,Петров Роман,Выдан
27.03.2023 - 13:35,Заказ,Аккумулятор Samsung Galaxy A51 (EB-BA515),1,1248,1248,702,56.25,Администратор,Выдан
27.03.2023 - 14:38,Заказ,SSD накопитель Kingston 240GB,1,2320,2320,874,37.67241379310345,Иванов Сергей,Выдан
27.03.2023 - 15:38,Заказ,Аккумулятор Samsung Galaxy A51 (EB-BA515),1,1266,1266,702,55.45023696682464,Администратор,Выдан
27.03.2023 - 18:38,Заказ,Дисплей iPhone 11 (Копия AAA),1,2585,2585,1212,46.88588007736944,Петров Роман,Выдан
28.03.2023 - 12:07,Заказ,"15.6"" WXGA HD LED Глянцевый 40pin (NT156WH)",1,4285,4285,932,21.75029171528588,Администратор,Выдан
28.03.2023 - 15:48,Заказ,Диагностика,2,543,1086,1086,100.0,Администратор,Выдан
28.03.2023 - 16:35,Продажа,Защитное стекло 3D для iPhone 11/XR,1,452,452,402,88.93805309734513,Сидоров Алексей,
28.03.2023 - 16:42,Продажа,Блок питания Apple 20W (Copy),2,1232,2464,1640,66.55844155844156,Сидоров Алексей,
28.03.2023 - 19:59,Заказ,Дисплей iPhone 11 (Копия AAA),1,2353,2353,943,40.07649808754781,Петров Роман,Выдан
29.03.2023 - 11:36,Заказ,Замена разъема зарядки (MicroUSB/Type-C),1,1107,1107,1010,91.2375790424571,Иванов Сергей,Выдан
29.03.2023 - 14:53,Продажа,Защитное стекло 3D для iPhone 11/XR,1,475,475,425,89.47368421052632,Иванов Сергей,
29.03.2023 - 15:39,Заказ,Чистка системы охлаждения с заменой термопасты,1,1370,1370,1273,92.91970802919708,Сидоров Алексей,Выдан
29.03.2023 - 17:21,Заказ,Дисплей iPhone 11 (Оригинал переклей),1,5024,5024,1193,23.746019108280255,Администратор,Выдан
29.03.2023 - 17:57,Заказ,Аккумулятор Samsung Galaxy A51 (EB-BA515),1,1111,1111,550,49.504950495049506,Сидоров Алексей,Выдан
29.03.2023 - 19:26,Заказ,Установка Windows 10/11 + Драйвера,1,1223,1223,1223,100.0,Петров Роман,Выдан
30.03.2023 - 10:15,Заказ,Дисплей iPhone 11 (Оригинал переклей),1,5423,5423,1543,28.452885856536973,Петров Роман,Выдан
30.03.2023 - 18:36,Заказ,Диагностика,1,468,468,468,100.0,Иванов Сергей,Выдан
30.03.2023 - 19:58,Заказ,Замена разъема зарядки (MicroUSB/Type-C),1,1124,1124,1021,90.83629893238434,Петров Роман,Выдан
31.03.2023 - 10:07,Продажа,Защитное стекло 3D для iPhone 11/XR,1,467,467,416,89.07922912205566,Сидоров Алексей,
31.03.2023 - 15:48,Заказ,Установка Windows 10/11 + Драйвера,2,1226,2452,2452,100.0,Иванов Сергей,Выдан
31.03.2023 - 16:27,Заказ,16GB USB 2.0 Flash Drive SmartBuy,1,450,450,255,56.666666666666664,Сидоров Алексей,Выдан
01.04.2023 - 15:17,Продажа,Кабель USB - Lightning (Foxconn),2,633,1266,952,75.19747235387045,Иванов Сергей,
01.04.2023 - 17:39,Заказ,Установка Windows 10/11 + Драйвера,1,1115,1115,1115,100.0,Администратор,Выдан
01.04.2023 - 18:36,Заказ,Защитное стекло 3D для iPhone 11/XR,1,454,454,404,88.98678414096916,Администратор,Выдан
02.04.2023 - 10:48,Заказ,Замена разъема зарядки (MicroUSB/Type-C),1,1142,1142,1038,90.89316987740806,Администратор,Выдан
02.04.2023 - 11:31,Заказ,16GB USB 2.0 Flash Drive SmartBuy,1,448,448,250,55.80357142857143,Сидоров Алексей,Выдан
02.04.2023 - 13:12,Заказ,Дисплей iPhone 11 (Копия AAA),1,2562,2562,1177,45.940671350507415,Петров Роман,Выдан
02.04.2023 - 14:28,Продажа,Защитное стекло 3D для iPhone 11/XR,1,468,468,420,89.74358974358975,Сидоров Алексей,
02.04.2023 - 17:54,Заказ,Установка Windows 10/11 + Драйвера,1,1090,1090,1090,100.0,Сидоров Алексей,Выдан
02.04.2023 - 18:37,Продажа,Чехол силиконовый прозрачный,1,321,321,262,81.61993769470405,Петров Роман,
03.04.2023 - 12:10,Продажа,16GB USB 2.0 Flash Drive SmartBuy,1,486,486,288,59.25925925925925,Администратор,
03.04.2023 - 13:47,Продажа,Чехол силиконовый прозрачный,1,307,307,248,80.78175895765473,Иванов Сергей,
04.04.2023 - 11:02,Заказ,Чехол силиконовый прозрачный,1,299,299,238,79.59866220735786,Петров Роман,Выдан
04.04.2023 - 14:18,Заказ,"15.6"" WXGA HD LED Глянцевый 40pin (NT156WH)",1,4691,4691,1478,31.507141334470262,Иванов Сергей,Выдан
04.04.2023 - 15:34,Заказ,Кабель USB - Lightning (Foxconn),1,543,543,399,73.48066298342542,Сидоров Алексей,Выдан
04.04.2023 - 16:03,Заказ,Наклейка защитного стекла (Услуга),1,219,219,219,100.0,Иванов Сергей,Выдан
04.04.2023 - 16:05,Заказ,Наклейка защитного стекла (Услуга),1,187,187,187,100.0,Администратор,Выдан
04.04.2023 - 17:30,Заказ,Установка Windows 10/11 + Драйвера,1,1289,1289,1289,100.0,Сидоров Алексей,Выдан
04.04.2023 - 19:58,Заказ,16GB USB 2.0 Flash Drive SmartBuy,2,428,856,468,54.67289719626168,Иванов Сергей,Выдан
05.04.2023 - 10:53,Заказ,Диагностика,1,474,474,474,100.0,Петров Роман,Выдан
05.04.2023 - 11:29,Продажа,Защитное стекло 3D для iPhone 11/XR,1,474,474,425,89.66244725738397,Сидоров Алексей,
05.04.2023 - 11:51,Заказ,Замена разъема зарядки (MicroUSB/Type-C),1,1240,1240,1136,91.61290322580645,Администратор,Выдан
05.04.2023 - 12:36,Заказ,Защитное стекло 3D для iPhone 11/XR,1,487,487,436,89.5277207392197,Сидоров Алексей,Выдан
05.04.2023 - 12:57,Заказ,Наклейка защитного стекла (Услуга),1,203,203,203,100.0,Иванов Сергей,Выдан
05.04.2023 - 14:48,Заказ,Установка Windows 10/11 + Драйвера,1,1150,1150,1150,100.0,Администратор,Выдан
05.04.2023 - 16:10,Заказ,Восстановление цепи питания,1,4927,4927,4431,89.93302212299574,Администратор,Выдан
05.04.2023 - 16:20,Заказ,Кабель USB - Lightning (Foxconn),1,590,590,435,73.72881355932203,Сидоров Алексей,Выдан
05.04.2023 - 17:55,Заказ,Установка Windows 10/11 + Драйвера,2,1288,2576,2576,100.0,Сидоров Алексей,Выдан
06.04.2023 - 15:43,Заказ,Дисплей iPhone 11 (Оригинал переклей),1,5653,5653,1817,32.14222536706174,Петров Роман,Выдан
06.04.2023 - 16:51,Заказ,Чистка системы охлаждения с заменой термопасты,1,1409,1409,1312,93.11568488289566,Сидоров Алексей,Выдан
07.04.2023 - 10:44,Продажа,Чехол силиконовый прозрачный,1,296,296,234,79.05405405405406,Петров Роман,
07.04.2023 - 10:50,Заказ,Защитное стекло 3D для iPhone 11/XR,1,473,473,426,90.06342494714588,Иванов Сергей,Выдан
07.04.2023 - 10:53,Продажа,16GB USB 2.0 Flash Drive SmartBuy,1,482,482,290,60.16597510373444,Сидоров Алексей,
07.04.2023 - 14:46,Продажа,Чехол силиконовый прозрачный,1,325,325,268,82.46153846153847,Администратор,
07.04.2023 - 16:47,Заказ,Чехол силиконовый прозрачный,1,321,321,259,80.68535825545172,Администратор,Выдан
07.04.2023 - 17:10,Продажа,Чехол силиконовый прозрачный,1,276,276,219,79.34782608695652,Петров Роман,
07.04.2023 - 17:23,Продажа,Защитное стекло 3D для iPhone 11/XR,1,510,510,458,89.80392156862746,Сидоров Алексей,
08.04.2023 - 10:14,Заказ,Наклейка защитного стекла (Услуга),1,192,192,192,100.0,Петров Роман,Выдан
08.04.2023 - 14:12,Заказ,Чистка системы охлаждения с заменой термопасты,1,1416,1416,1320,93.22033898305084,Иванов Сергей,Выдан
09.04.2023 - 10:07,Заказ,Замена разъема зарядки (MicroUSB/Type-C),1,1130,1130,1026,90.79646017699115,Петров Роман,Выдан
09.04.2023 - 11:05,Заказ,Защитное стекло 3D для iPhone 11/XR,1,470,470,420,89.36170212765957,Петров Роман,Выдан
09.04.2023 - 15:27,Заказ,SSD накопитель Kingston 240GB,1,2003,2003,575,28.706939590614077,Петров Роман,Выдан
09.04.2023 - 18:14,Продажа,Кабель USB - Lightning (Foxconn),1,621,621,475,76.48953301127214,Петров Роман,
10.04.2023 - 14:10,Заказ,Дисплей iPhone 11 (Копия AAA),2,2452,4904,2034,41.476345840130506,Сидоров Алексей,Выдан
10.04.2023 - 14:18,Заказ,Наклейка защитного стекла (Услуга),1,189,189,189,100.0,Администратор,Выдан
11.04.2023 - 13:04,Заказ,Чехол силиконовый прозрачный,1,328,328,269,82.01219512195121,Петров Роман,Выдан
11.04.2023 - 14:50,Продажа,Кабель USB - Lightning (Foxconn),1,635,635,492,77.48031496062993,Сидоров Алексей,
11.04.2023 - 15:00,Заказ,Наклейка защитного стекла (Услуга),1,189,189,189,100.0,Иванов Сергей,Выдан
11.04.2023 - 15:21,Заказ,Кабель USB - Lightning (Foxconn),1,609,609,454,74.54844006568145,Администратор,Выдан
12.04.2023 - 10:08,Заказ,Дисплей iPhone 11 (Оригинал переклей),1,5407,5407,1544,28.555576105049013,Петров Роман,Выдан
12.04.2023 - 13:26,Заказ,Кабель USB - Lightning (Foxconn),1,628,628,481,76.59235668789809,Администратор,Выдан
12.04.2023 - 15:56,Заказ,SSD накопитель Kingston 240GB,1,2167,2167,636,29.349330872173514,Иванов Сергей,Выдан
12.04.2023 - 16:06,Продажа,Чехол силиконовый прозрачный,1,311,311,253,81.35048231511254,Администратор,
12.04.2023 - 16:46,Заказ,Дисплей iPhone 11 (Копия AAA),1,2517,2517,1066,42.352006356773934,Администратор,Выдан
12.04.2023 - 17:44,Заказ,Блок питания Apple 20W (Copy),1,1099,1099,708,64.42220200181984,Петров Роман,Выдан
13.04.2023 - 13:47,Продажа,Кабель USB - Lightning (Foxconn),1,616,616,469,76.13636363636364,Администратор,
13.04.2023 - 18:28,Заказ,Дисплей iPhone 11 (Копия AAA),1,2323,2323,898,38.65690916917779,Администратор,Выдан
14.04.2023 - 10:02,Заказ,Дисплей iPhone 11 (Копия AAA),1,2703,2703,1249,46.2079171291158,Администратор,Выдан
14.04.2023 - 13:50,Заказ,Чистка системы охлаждения с заменой термопасты,1,1508,1508,1411,93.56763925729443,Иванов Сергей,Выдан
14.04.2023 - 16:34,Заказ,Прошивка Android/iOS,2,1003,2006,2006,100.0,Петров Роман,Выдан
15.04.2023 - 13:27,Заказ,Дисплей iPhone 11 (Оригинал переклей),1,5546,5546,1593,28.723404255319153,Администратор,Выдан
15.04.2023 - 17:43,Продажа,Защитное стекло 3D для iPhone 11/XR,1,453,453,404,89.1832229580574,Сидоров Алексей,
15.04.2023 - 17:47,Продажа,Кабель USB - Lightning (Foxconn),1,594,594,445,74.91582491582491,Петров Роман,
16.04.2023 - 16:45,Заказ,Чистка системы охлаждения с заменой термопасты,1,1462,1462,1359,92.95485636114911,Сидоров Алексей,Выдан
16.04.2023 - 18:40,Заказ,Чистка системы охлаждения с заменой термопасты,1,1386,1386,1283,92.56854256854257,Петров Роман,Выдан
17.04.2023 - 12:52,Заказ,Прошивка Android/iOS,1,1024,1024,1024,100.0,Петров Роман,Выдан
17.04.2023 - 16:14,Продажа,Защитное стекло 3D для iPhone 11/XR,1,541,541,491,90.75785582255084,Иванов Сергей,
17.04.2023 - 17:53,Заказ,Наклейка защитного стекла (Услуга),1,188,188,188,100.0,Петров Роман,Выдан
17.04.2023 - 18:33,Заказ,Замена разъема зарядки (MicroUSB/Type-C),1,1285,1285,1190,92.60700389105058,Сидоров Алексей,Выдан
18.04.2023 - 11:00,Заказ,16GB USB 2.0 Flash Drive SmartBuy,2,442,884,476,53.84615384615385,Иванов Сергей,Выдан
18.04.2023 - 11:51,Заказ,Восстановление цепи питания,1,4154,4154,3668,88.30043331728454,Иванов Сергей,Выдан
18.04.2023 - 17:26,Продажа,Жесткий диск Seagate BarraCuda 1TB,1,3874,3874,936,24.161073825503358,Сидоров Алексей,
18.04.2023 - 17:27,Заказ,Чистка системы охлаждения с заменой термопасты,2,1426,2852,2644,92.70687237026648,Сидоров Алексей,Выдан
18.04.2023 - 17:57,Заказ,Диагностика,3,450,1350,1350,100.0,Администратор,Выдан
18.04.2023 - 19:25,Продажа,16GB USB 2.0 Flash Drive SmartBuy,1,479,479,281,58.66388308977035,Петров Роман,
18.04.2023 - 19:31,Продажа,Блок питания Apple 20W (Copy),1,1091,1091,673,61.686526122823096,Петров Роман,
19.04.2023 - 10:37,Заказ,Диагностика,1,533,533,533,100.0,Иванов Сергей,Выдан
20.04.2023 - 13:37,Заказ,Блок питания Apple 20W (Copy),1,1263,1263,861,68.17102137767222,Администратор,Выдан
20.04.2023 - 16:34,Заказ,Кабель USB - Lightning (Foxconn),1,651,651,506,77.72657450076805,Администратор,Выдан
21.04.2023 - 10:08,Продажа,Защитное стекло 3D для iPhone 11/XR,1,450,450,401,89.11111111111111,Иванов Сергей,
21.04.2023 - 10:56,Заказ,Чехол силиконовый прозрачный,1,282,282,221,78.36879432624113,Сидоров Алексей,Выдан
21.04.2023 - 11:08,Продажа,16GB USB 2.0 Flash Drive SmartBuy,1,463,463,260,56.15550755939525,Иванов Сергей,
21.04.2023 - 12:59,Заказ,Диагностика,1,522,522,522,100.0,Сидоров Алексей,Выдан
21.04.2023 - 15:29,Заказ,Прошивка Android/iOS,1,1035,1035,1035,100.0,Иванов Сергей,Выдан
22.04.2023 - 15:26,Продажа,Кабель USB - Lightning (Foxconn),1,540,540,383,70.92592592592592,Сидоров Алексей,
23.04.2023 - 10:30,Продажа,Кабель USB - Lightning (Foxconn),1,614,614,466,75.8957654723127,Петров Роман,
23.04.2023 - 10:47,Заказ,Установка Windows 10/11 + Драйвера,1,1124,1124,1124,100.0,Петров Роман,Выдан
23.04.2023 - 11:17,Заказ,Дисплей iPhone 11 (Копия AAA),1,2617,2617,1210,46.23614826136798,Иванов Сергей,Выдан
23.04.2023 - 12:00,Заказ,Чехол силиконовый прозрачный,1,302,302,242,80.13245033112582,Сидоров Алексей,Выдан
23.04.2023 - 13:36,Продажа,Чехол силиконовый прозрачный,1,297,297,236,79.46127946127946,Петров Роман,
23.04.2023 - 18:51,Заказ,Чехол силиконовый прозрачный,1,271,271,214,78.96678966789668,Иванов Сергей,Выдан
23.04.2023 - 19:18,Заказ,Диагностика,1,514,514,514,100.0,Петров Роман,Выдан
24.04.2023 - 12:19,Продажа,Блок питания Apple 20W (Copy),1,1198,1198,779,65.02504173622704,Иванов Сергей,
24.04.2023 - 17:23,Заказ,Диагностика,2,488,976,976,100.0,Сидоров Алексей,Выдан
24.04.2023 - 17:23,Заказ,Чистка системы охлаждения с заменой термопасты,1,1533,1533,1429,93.21591650358774,Петров Роман,Выдан
24.04.2023 - 19:34,Заказ,Замена разъема зарядки (MicroUSB/Type-C),1,1281,1281,1183,92.34972677595628,Сидоров Алексей,Выдан
24.04.2023 - 19:42,Продажа,Жесткий диск Seagate BarraCuda 1TB,1,3877,3877,894,23.059066288367294,Иванов Сергей,
25.04.2023 - 11:34,Заказ,Наклейка защитного стекла (Услуга),1,187,187,187,100.0,Петров Роман,Выдан
25.04.2023 - 12:15,Заказ,Установка Windows 10/11 + Драйвера,1,1286,1286,1286,100.0,Петров Роман,Выдан
25.04.2023 - 12:38,Заказ,Диагностика,1,547,547,547,100.0,Сидоров Алексей,Выдан
25.04.2023 - 16:25,Заказ,Установка Windows 10/11 + Драйвера,1,1227,1227,1227,100.0,Администратор,Выдан
26.04.2023 - 10:32,Продажа,Защитное стекло 3D для iPhone 11/XR,1,500,500,452,90.4,Администратор,
26.04.2023 - 13:11,Заказ,Установка Windows 10/11 + Драйвера,1,1287,1287,1287,100.0,Петров Роман,Выдан
26.04.2023 - 17:37,Заказ,Наклейка защитного стекла (Услуга),1,193,193,193,100.0,Петров Роман,Выдан
26.04.2023 - 17:46,Заказ,Аккумулятор Samsung Galaxy A51 (EB-BA515),1,1226,1226,657,53.588907014681894,Администратор,Выдан
26.04.2023 - 19:56,Заказ,Блок питания Apple 20W (Copy),2,1184,2368,1570,66.30067567567568,Петров Роман,Выдан
27.04.2023 - 12:35,Заказ,Установка Windows 10/11 + Драйвера,1,1249,1249,1249,100.0,Петров Роман,Выдан
27.04.2023 - 13:38,Заказ,"15.6"" WXGA HD LED Глянцевый 40pin (NT156WH)",1,4872,4872,1654,33.949096880131364,Иванов Сергей,Выдан
27.04.2023 - 16:04,Заказ,Защитное стекло 3D для iPhone 11/XR,1,457,457,406,88.8402625820569,Администратор,Выдан
27.04.2023 - 16:39,Заказ,"15.6"" WXGA HD LED Глянцевый 40pin (NT156WH)",1,4826,4826,1711,35.4537919602155,Петров Роман,Выдан
27.04.2023 - 19:49,Заказ,Замена разъема зарядки (MicroUSB/Type-C),1,1207,1207,1103,91.38359569179785,Администратор,Выдан
27.04.2023 - 19:59,Заказ,Аккумулятор Samsung Galaxy A51 (EB-BA515),1,1275,1275,732,57.41176470588235,Петров Роман,Выдан
28.04.2023 - 14:22,Заказ,Дисплей iPhone 11 (Оригинал переклей),2,5040,10080,2626,26.051587301587304,Петров Роман,Выдан
28.04.2023 - 14:54,Заказ,Чистка системы охлаждения с заменой термопасты,1,1530,1530,1432,93.59477124183006,Администратор,Выдан
28.04.2023 - 16:26,Заказ,Чистка системы охлаждения с заменой термопасты,1,1591,1591,1489,93.58893777498429,Сидоров Алексей,Выдан
28.04.2023 - 16:41,Продажа,Кабель USB - Lightning (Foxconn),1,558,558,412,73.83512544802868,Администратор,
29.04.2023 - 13:06,Заказ,Чистка системы охлаждения с заменой термопасты,2,1582,3164,2958,93.48925410872313,Сидоров Алексей,Выдан
29.04.2023 - 14:47,Заказ,Наклейка защитного стекла (Услуга),1,182,182,182,100.0,Иванов Сергей,Выдан
29.04.2023 - 15:30,Продажа,Чехол силиконовый прозрачный,1,302,302,244,80.79470198675497,Петров Роман,
29.04.2023 - 16:08,Заказ,Диагностика,1,511,511,511,100.0,Сидоров Алексей,Выдан
29.04.2023 - 18:02,Заказ,Замена разъема зарядки (MicroUSB/Type-C),1,1163,1163,1059,91.05760963026655,Иванов Сергей,Выдан
29.04.2023 - 19:42,Заказ,Прошивка Android/iOS,1,1045,1045,1045,100.0,Сидоров Алексей,Выдан
30.04.2023 - 11:39,Заказ,Дисплей iPhone 11 (Копия AAA),1,2463,2463,1087,44.13317092976045,Администратор,Выдан
30.04.2023 - 14:16,Заказ,Наклейка защитного стекла (Услуга),1,185,185,185,100.0,Иванов Сергей,Выдан
30.04.2023 - 14:57,Заказ,Восстановление цепи питания,1,4593,4593,4109,89.46222512519051,Сидоров Алексей,Выдан
01.05.2023 - 10:58,Заказ,Замена разъема зарядки (MicroUSB/Type-C),2,1257,2514,2314,92.04455051710421,Петров Роман,Выдан
01.05.2023 - 11:04,Заказ,Чистка системы охлаждения с заменой термопасты,1,1374,1374,1272,92.57641921397381,Петров Роман,Выдан
01.05.2023 - 11:31,Заказ,Замена разъема зарядки (MicroUSB/Type-C),1,1301,1301,1199,92.15987701767871,Администратор,Выдан
01.05.2023 - 12:04,Заказ,Прошивка Android/iOS,1,941,941,941,100.0,Иванов Сергей,Выдан
01.05.2023 - 13:38,Заказ,Прошивка Android/iOS,1,1022,1022,1022,100.0,Администратор,Выдан
01.05.2023 - 15:06,Заказ,Прошивка Android/iOS,1,1068,1068,1068,100.0,Сидоров Алексей,Выдан
02.05.2023 - 11:16,Продажа,16GB USB 2.0 Flash Drive SmartBuy,1,423,423,233,55.08274231678487,Сидоров Алексей,
02.05.2023 - 13:35,Продажа,Защитное стекло 3D для iPhone 11/XR,1,461,461,410,88.93709327548807,Администратор,
02.05.2023 - 16:42,Заказ,Блок питания Apple 20W (Copy),1,1149,1149,734,63.881636205396,Петров Роман,Выдан
02.05.2023 - 17:37,Заказ,Диагностика,1,491,491,491,100.0,Иванов Сергей,Выдан
02.05.2023 - 18:15,Заказ,Чехол силиконовый прозрачный,1,278,278,221,79.49640287769785,Петров Роман,Выдан
02.05.2023 - 18:23,Заказ,Кабель USB - Lightning (Foxconn),1,625,625,478,76.48,Администратор,Выдан
03.05.2023 - 11:58,Заказ,Чистка системы охлаждения с заменой термопасты,1,1356,1356,1253,92.40412979351032,Администратор,Выдан
03.05.2023 - 12:11,Заказ,Чехол силиконовый прозрачный,1,307,307,247,80.45602605863192,Иванов Сергей,Выдан
03.05.2023 - 12:19,Заказ,Восстановление цепи питания,1,4280,4280,3784,88.41121495327103,Администратор,Выдан
03.05.2023 - 12:55,Заказ,Защитное стекло 3D для iPhone 11/XR,2,543,1086,986,90.79189686924494,Администратор,Выдан
03.05.2023 - 15:24,Заказ,Защитное стекло 3D для iPhone 11/XR,1,530,530,483,91.13207547169812,Администратор,Выдан
03.05.2023 - 18:23,Заказ,Прошивка Android/iOS,1,970,970,970,100.0,Сидоров Алексей,Выдан
04.05.2023 - 13:39,Заказ,Наклейка защитного стекла (Услуга),1,215,215,215,100.0,Сидоров Алексей,Выдан
04.05.2023 - 14:01,Заказ,Защитное стекло 3D для iPhone 11/XR,2,450,900,802,89.11111111111111,Иванов Сергей,Выдан
04.05.2023 - 15:49,Продажа,16GB USB 2.0 Flash Drive SmartBuy,1,423,423,215,50.82742316784869,Петров Роман,
04.05.2023 - 16:05,Заказ,Защитное стекло 3D для iPhone 11/XR,2,548,1096,1000,91.24087591240875,Иванов Сергей,Выдан
04.05.2023 - 16:31,Заказ,Дисплей iPhone 11 (Оригинал переклей),1,5567,5567,1757,31.56098437219328,Иванов Сергей,Выдан
04.05.2023 - 18:30,Заказ,16GB USB 2.0 Flash Drive SmartBuy,1,482,482,290,60.16597510373444,Иванов Сергей,Выдан
04.05.2023 - 18:56,Заказ,Чистка системы охлаждения с заменой термопасты,1,1501,1501,1399,93.20453031312458,Петров Роман,Выдан
05.05.2023 - 11:06,Заказ,Дисплей iPhone 11 (Копия AAA),1,2388,2388,1034,43.299832495812396,Сидоров Алексей,Выдан
05.05.2023 - 11:45,Продажа,Кабель USB - Lightning (Foxconn),1,616,616,463,75.16233766233766,Иванов Сергей,
06.05.2023 - 11:53,Заказ,Прошивка Android/iOS,1,960,960,960,100.0,Иванов Сергей,Выдан
06.05.2023 - 12:03,Заказ,Замена разъема зарядки (MicroUSB/Type-C),1,1275,1275,1180,92.54901960784314,Петров Роман,Выдан
06.05.2023 - 12:17,Заказ,Замена разъема зарядки (MicroUSB/Type-C),3,1186,3558,3273,91.98988195615514,Иванов Сергей,Выдан
06.05.2023 - 13:03,Заказ,"15.6"" WXGA HD LED Глянцевый 40pin (NT156WH)",3,4931,14793,5376,36.34151287771243,Сидоров Алексей,Выдан
06.05.2023 - 13:05,Заказ,Защитное стекло 3D для iPhone 11/XR,2,470,940,844,89.7872340425532,Сидоров Алексей,Выдан
06.05.2023 - 14:02,Заказ,Прошивка Android/iOS,1,1086,1086,1086,100.0,Петров Роман,Выдан
06.05.2023 - 16:16,Продажа,SSD накопитель Kingston 240GB,2,2083,4166,1270,30.484877580412867,Администратор,
06.05.2023 - 18:40,Заказ,Защитное стекло 3D для iPhone 11/XR,1,520,520,472,90.76923076923077,Сидоров Алексей,Выдан
06.05.2023 - 19:25,Заказ,Установка Windows 10/11 + Драйвера,1,1106,1106,1106,100.0,Петров Роман,Выдан
06.05.2023 - 19:43,Заказ,Диагностика,1,451,451,451,100.0,Петров Роман,Выдан
07.05.2023 - 13:26,Продажа,Чехол силиконовый прозрачный,1,300,300,239,79.66666666666666,Сидоров Алексей,
07.05.2023 - 13:26,Заказ,Прошивка Android/iOS,1,1007,1007,1007,100.0,Иванов Сергей,Выдан
07.05.2023 - 13:42,Заказ,Установка Windows 10/11 + Драйвера,1,1171,1171,1171,100.0,Сидоров Алексей,Выдан
07.05.2023 - 15:48,Заказ,Чистка системы охлаждения с заменой термопасты,1,1394,1394,1290,92.53945480631278,Иванов Сергей,Выдан
08.05.2023 - 10:51,Заказ,16GB USB 2.0 Flash Drive SmartBuy,1,486,486,280,57.61316872427984,Сидоров Алексей,Выдан
08.05.2023 - 14:06,Заказ,Защитное стекло 3D для iPhone 11/XR,3,469,1407,1254,89.12579957356077,Сидоров Алексей,Выдан
08.05.2023 - 16:22,Заказ,Дисплей iPhone 11 (Оригинал переклей),1,5532,5532,1871,33.82140274765003,Администратор,Выдан
08.05.2023 - 19:09,Заказ,Дисплей iPhone 11 (Копия AAA),1,2413,2413,1078,44.67467882304186,Иванов Сергей,Выдан
09.05.2023 - 14:04,Заказ,Замена разъема зарядки (MicroUSB/Type-C),1,1317,1317,1214,92.17919514047077,Петров Роман,Выдан
09.05.2023 - 14:30,Заказ,Кабель USB - Lightning (Foxconn),1,544,544,392,72.05882352941177,Сидоров Алексей,Выдан
10.05.2023 - 10:19,Заказ,Наклейка защитного стекла (Услуга),1,185,185,185,100.0,Сидоров Алексей,Выдан
10.05.2023 - 15:24,Заказ,Чистка системы охлаждения с заменой термопасты,1,1424,1424,1327,93.18820224719101,Иванов Сергей,Выдан
10.05.2023 - 16:03,Заказ,16GB USB 2.0 Flash Drive SmartBuy,1,436,436,231,52.981651376146786,Петров Роман,Выдан
10.05.2023 - 19:04,Продажа,Чехол силиконовый прозрачный,1,306,306,244,79.73856209150327,Сидоров Алексей,
10.05.2023 - 19:07,Продажа,Защитное стекло 3D для iPhone 11/XR,1,503,503,454,90.25844930417495,Сидоров Алексей,
11.05.2023 - 11:49,Заказ,Блок питания Apple 20W (Copy),1,1297,1297,894,68.92829606784888,Администратор,Выдан
11.05.2023 - 15:13,Заказ,Наклейка защитного стекла (Услуга),1,219,219,219,100.0,Иванов Сергей,Выдан
11.05.2023 - 16:25,Заказ,Кабель USB - Lightning (Foxconn),1,556,556,407,73.20143884892086,Петров Роман,Выдан
11.05.2023 - 17:01,Заказ,Защитное стекло 3D для iPhone 11/XR,1,539,539,488,90.53803339517626,Сидоров Алексей,Выдан
12.05.2023 - 14:31,Заказ,16GB USB 2.0 Flash Drive SmartBuy,3,407,1221,642,52.579852579852584,Администратор,Выдан
12.05.2023 - 14:54,Продажа,Чехол силиконовый прозрачный,1,318,318,256,80.50314465408806,Администратор,
12.05.2023 - 15:34,Заказ,Установка Windows 10/11 + Драйвера,1,1261,1261,1261,100.0,Сидоров Алексей,Выдан
13.05.2023 - 10:28,Заказ,Защитное стекло 3D для iPhone 11/XR,1,471,471,422,89.59660297239915,Иванов Сергей,Выдан
13.05.2023 - 10:36,Заказ,Прошивка Android/iOS,1,908,908,908,100.0,Администратор,Выдан
13.05.2023 - 14:44,Заказ,Наклейка защитного стекла (Услуга),1,217,217,217,100.0,Сидоров Алексей,Выдан
14.05.2023 - 10:47,Заказ,Дисплей iPhone 11 (Копия AAA),1,2306,2306,852,36.94709453599307,Сидоров Алексей,Выдан
14.05.2023 - 15:01,Заказ,Дисплей iPhone 11 (Оригинал переклей),1,5893,5893,2124,36.042762599694555,Сидоров Алексей,Выдан
14.05.2023 - 16:08,Продажа,Защитное стекло 3D для iPhone 11/XR,1,533,533,486,91.18198874296435,Петров Роман,
15.05.2023 - 10:03,Заказ,16GB USB 2.0 Flash Drive SmartBuy,1,422,422,218,51.65876777251185,Петров Роман,Выдан
15.05.2023 - 11:53,Заказ,Прошивка Android/iOS,1,982,982,982,100.0,Иванов Сергей,Выдан
15.05.2023 - 12:48,Заказ,Наклейка защитного стекла (Услуга),1,181,181,181,100.0,Иванов Сергей,Выдан
15.05.2023 - 15:03,Продажа,Защитное стекло 3D для iPhone 11/XR,1,500,500,453,90.60000000000001,Петров Роман,
15.05.2023 - 15:22,Заказ,Наклейка защитного стекла (Услуга),2,205,410,410,100.0,Иванов Сергей,Выдан
15.05.2023 - 17:24,Заказ,"15.6"" WXGA HD LED Глянцевый 40pin (NT156WH)",1,4673,4673,1429,30.579927241600686,Иванов Сергей,Выдан
15.05.2023 - 17:55,Заказ,Наклейка защитного стекла (Услуга),1,186,186,186,100.0,Сидоров Алексей,Выдан
16.05.2023 - 10:41,Заказ,Восстановление цепи питания,1,4257,4257,3734,87.71435283063191,Петров Роман,Выдан
16.05.2023 - 11:09,Продажа,Блок питания Apple 20W (Copy),1,1214,1214,798,65.7331136738056,Иванов Сергей,
16.05.2023 - 12:56,Заказ,Чехол силиконовый прозрачный,1,282,282,220,78.01418439716312,Администратор,Выдан
16.05.2023 - 13:26,Заказ,Чистка системы охлаждения с заменой термопасты,1,1600,1600,1497,93.5625,Петров Роман,Выдан
16.05.2023 - 16:05,Заказ,Наклейка защитного стекла (Услуга),1,201,201,201,100.0,Петров Роман,Выдан
16.05.2023 - 16:33,Заказ,Замена разъема зарядки (MicroUSB/Type-C),1,1084,1084,987,91.05166051660517,Администратор,Выдан
17.05.2023 - 10:50,Заказ,Прошивка Android/iOS,1,941,941,941,100.0,Администратор,Выдан
17.05.2023 - 11:48,Заказ,Восстановление цепи питания,1,4329,4329,3806,87.91868791868792,Сидоров Алексей,Выдан
17.05.2023 - 13:32,Заказ,Замена разъема зарядки (MicroUSB/Type-C),2,1219,2438,2236,91.71452009844134,Иванов Сергей,Выдан
17.05.2023 - 18:44,Продажа,16GB USB 2.0 Flash Drive SmartBuy,1,455,455,255,56.043956043956044,Сидоров Алексей,
18.05.2023 - 11:33,Заказ,Защитное стекло 3D для iPhone 11/XR,1,489,489,438,89.57055214723927,Петров Роман,Выдан
18.05.2023 - 15:22,Заказ,Чехол силиконовый прозрачный,1,312,312,251,80.44871794871796,Иванов Сергей,Выдан
18.05.2023 - 15:54,Продажа,Чехол силиконовый прозрачный,1,273,273,213,78.02197802197803,Петров Роман,
18.05.2023 - 16:04,Заказ,Чистка системы охлаждения с заменой термопасты,1,1589,1589,1486,93.51793580868471,Иванов Сергей,Выдан
18.05.2023 - 17:25,Заказ,Жесткий диск Seagate BarraCuda 1TB,1,3510,3510,643,18.31908831908832,Администратор,Выдан
18.05.2023 - 18:52,Продажа,Блок питания Apple 20W (Copy),1,1212,1212,816,67.32673267326733,Петров Роман,
18.05.2023 - 19:05,Заказ,Аккумулятор Samsung Galaxy A51 (EB-BA515),1,1306,1306,738,56.50842266462482,Иванов Сергей,Выдан
19.05.2023 - 12:33,Заказ,Блок питания Apple 20W (Copy),1,1251,1251,838,66.98641087130297,Иванов Сергей,Выдан
19.05.2023 - 13:38,Заказ,Чехол силиконовый прозрачный,1,313,313,251,80.19169329073482,Администратор,Выдан
19.05.2023 - 13:51,Заказ,Аккумулятор Samsung Galaxy A51 (EB-BA515),1,1122,1122,572,50.98039215686274,Иванов Сергей,Выдан
19.05.2023 - 18:06,Заказ,Защитное стекло 3D для iPhone 11/XR,1,472,472,421,89.19491525423729,Иванов Сергей,Выдан
19.05.2023 - 19:18,Продажа,Защитное стекло 3D для iPhone 11/XR,1,457,457,407,89.05908096280088,Администратор,
20.05.2023 - 10:31,Продажа,Блок питания Apple 20W (Copy),1,1260,1260,877,69.6031746031746,Сидоров Алексей,
20.05.2023 - 10:49,Заказ,Жесткий диск Seagate BarraCuda 1TB,1,3537,3537,594,16.793893129770993,Петров Роман,Выдан
20.05.2023 - 11:01,Продажа,Защитное стекло 3D для iPhone 11/XR,1,478,478,429,89.7489539748954,Петров Роман,
20.05.2023 - 11:38,Заказ,Установка Windows 10/11 + Драйвера,1,1167,1167,1167,100.0,Сидоров Алексей,Выдан
20.05.2023 - 19:33,Заказ,Чехол силиконовый прозрачный,1,318,318,260,81.76100628930818,Администратор,Выдан
21.05.2023 - 12:13,Заказ,Диагностика,1,508,508,508,100.0,Иванов Сергей,Выдан
21.05.2023 - 13:01,Заказ,Дисплей iPhone 11 (Копия AAA),1,2524,2524,1179,46.711568938193345,Петров Роман,Выдан
21.05.2023 - 13:47,Заказ,Аккумулятор Samsung Galaxy A51 (EB-BA515),1,1269,1269,699,55.08274231678487,Администратор,Выдан
21.05.2023 - 15:16,Заказ,SSD накопитель Kingston 240GB,2,2013,4026,950,23.596621957277694,Петров Роман,Выдан
21.05.2023 - 15:23,Заказ,Чистка системы охлаждения с заменой термопасты,1,1491,1491,1387,93.02481556002682,Сидоров Алексей,Выдан
21.05.2023 - 19:49,Заказ,Диагностика,1,485,485,485,100.0,Петров Роман,Выдан
22.05.2023 - 12:08,Заказ,Установка Windows 10/11 + Драйвера,1,1219,1219,1219,100.0,Сидоров Алексей,Выдан
22.05.2023 - 12:53,Заказ,Замена разъема зарядки (MicroUSB/Type-C),1,1278,1278,1183,92.56651017214398,Петров Роман,Выдан
22.05.2023 - 16:08,Заказ,Защитное стекло 3D для iPhone 11/XR,2,498,996,900,90.36144578313254,Иванов Сергей,Выдан
22.05.2023 - 19:16,Продажа,Кабель USB - Lightning (Foxconn),1,628,628,479,76.27388535031847,Администратор,
23.05.2023 - 10:09,Заказ,Чехол силиконовый прозрачный,1,271,271,212,78.22878228782287,Сидоров Алексей,Выдан
23.05.2023 - 16:21,Заказ,Установка Windows 10/11 + Драйвера,1,1198,1198,1198,100.0,Иванов Сергей,Выдан
23.05.2023 - 17:13,Продажа,16GB USB 2.0 Flash Drive SmartBuy,1,424,424,225,53.06603773584906,Петров Роман,
23.05.2023 - 18:24,Заказ,Чехол силиконовый прозрачный,1,316,316,254,80.37974683544303,Петров Роман,Выдан
24.05.2023 - 11:02,Заказ,SSD накопитель Kingston 240GB,1,2383,2383,917,38.48090642047839,Сидоров Алексей,Выдан
24.05.2023 - 11:44,Заказ,Замена разъема зарядки (MicroUSB/Type-C),1,1171,1171,1072,91.54568744662681,Иванов Сергей,Выдан
24.05.2023 - 12:26,Заказ,Защитное стекло 3D для iPhone 11/XR,3,503,1509,1365,90.4572564612326,Администратор,Выдан
24.05.2023 - 14:32,Продажа,Блок питания Apple 20W (Copy),1,1205,1205,793,65.80912863070539,Иванов Сергей,
24.05.2023 - 16:42,Заказ,Прошивка Android/iOS,1,928,928,928,100.0,Администратор,Выдан
24.05.2023 - 18:58,Продажа,Чехол силиконовый прозрачный,3,284,852,678,79.5774647887324,Сидоров Алексей,
25.05.2023 - 10:29,Заказ,Замена разъема зарядки (MicroUSB/Type-C),1,1226,1226,1123,91.59869494290375,Иванов Сергей,Выдан
25.05.2023 - 10:36,Продажа,Защитное стекло 3D для iPhone 11/XR,1,518,518,467,90.15444015444015,Иванов Сергей,
25.05.2023 - 11:48,Заказ,Замена разъема зарядки (MicroUSB/Type-C),1,1159,1159,1061,91.54443485763589,Сидоров Алексей,Выдан
25.05.2023 - 13:11,Заказ,Защитное стекло 3D для iPhone 11/XR,1,472,472,425,90.04237288135593,Петров Роман,Выдан
25.05.2023 - 13:23,Заказ,Восстановление цепи питания,1,4280,4280,3771,88.10747663551402,Иванов Сергей,Выдан
25.05.2023 - 17:16,Заказ,Замена разъема зарядки (MicroUSB/Type-C),3,1129,3387,3081,90.96545615589017,Администратор,Выдан
25.05.2023 - 17:28,Заказ,Чистка системы охлаждения с заменой термопасты,1,1568,1568,1471,93.81377551020408,Администратор,Выдан
25.05.2023 - 19:41,Заказ,Прошивка Android/iOS,2,987,1974,1974,100.0,Иванов Сергей,Выдан
26.05.2023 - 12:52,Продажа,Чехол силиконовый прозрачный,1,318,318,261,82.0754716981132,Иванов Сергей,
26.05.2023 - 15:41,Заказ,Замена разъема зарядки (MicroUSB/Type-C),1,1190,1190,1093,91.84873949579831,Сидоров Алексей,Выдан
26.05.2023 - 18:59,Заказ,Установка Windows 10/11 + Драйвера,1,1248,1248,1248,100.0,Иванов Сергей,Выдан
26.05.2023 - 19:35,Заказ,Восстановление цепи питания,3,4059,12177,10635,87.33678245873368,Петров Роман,Выдан
26.05.2023 - 19:44,Заказ,Установка Windows 10/11 + Драйвера,1,1234,1234,1234,100.0,Сидоров Алексей,Выдан
27.05.2023 - 10:17,Заказ,Замена разъема зарядки (MicroUSB/Type-C),1,1191,1191,1094,91.85558354324097,Иванов Сергей,Выдан
27.05.2023 - 13:58,Заказ,Защитное стекло 3D для iPhone 11/XR,1,493,493,442,89.65517241379311,Иванов Сергей,Выдан
27.05.2023 - 14:16,Заказ,Прошивка Android/iOS,1,1041,1041,1041,100.0,Петров Роман,Выдан
27.05.2023 - 14:25,Заказ,"15.6"" WXGA HD LED Глянцевый 40pin (NT156WH)",1,4535,4535,1409,31.069459757442118,Иванов Сергей,Выдан
27.05.2023 - 14:35,Заказ,Установка Windows 10/11 + Драйвера,2,1315,2630,2630,100.0,Администратор,Выдан
27.05.2023 - 16:00,Заказ,Дисплей iPhone 11 (Копия AAA),2,2369,4738,1908,40.2701561840439,Сидоров Алексей,Выдан
27.05.2023 - 17:54,Продажа,Чехол силиконовый прозрачный,1,279,279,218,78.13620071684588,Петров Роман,
27.05.2023 - 18:36,Заказ,"15.6"" WXGA HD LED Глянцевый 40pin (NT156WH)",1,4745,4745,1411,29.73656480505796,Сидоров Алексей,Выдан
27.05.2023 - 19:45,Заказ,Восстановление цепи питания,1,4377,4377,3864,88.27964359150103,Иванов Сергей,Выдан
28.05.2023 - 10:45,Заказ,16GB USB 2.0 Flash Drive SmartBuy,1,449,449,255,56.792873051224944,Иванов Сергей,Выдан
28.05.2023 - 14:57,Заказ,Замена разъема зарядки (MicroUSB/Type-C),1,1239,1239,1136,91.68684422921712,Сидоров Алексей,Выдан
28.05.2023 - 17:02,Заказ,Аккумулятор Samsung Galaxy A51 (EB-BA515),1,1166,1166,604,51.80102915951973,Петров Роман,Выдан
28.05.2023 - 19:08,Заказ,Чистка системы охлаждения с заменой термопасты,1,1403,1403,1307,93.15751960085531,Иванов Сергей,Выдан
29.05.2023 - 10:30,Продажа,Чехол силиконовый прозрачный,1,306,306,244,79.73856209150327,Петров Роман,
29.05.2023 - 10:36,Продажа,Кабель USB - Lightning (Foxconn),1,647,647,501,77.43431221020093,Иванов Сергей,
29.05.2023 - 14:45,Заказ,Блок питания Apple 20W (Copy),1,1131,1131,725,64.1025641025641,Сидоров Алексей,Выдан
29.05.2023 - 15:14,Заказ,Диагностика,1,522,522,522,100.0,Сидоров Алексей,Выдан
29.05.2023 - 15:31,Заказ,Замена разъема зарядки (MicroUSB/Type-C),1,1284,1284,1183,92.13395638629284,Иванов Сергей,Выдан
29.05.2023 - 15:35,Заказ,Диагностика,1,504,504,504,100.0,Иванов Сергей,Выдан
29.05.2023 - 17:19,Заказ,Аккумулятор Samsung Galaxy A51 (EB-BA515),1,1254,1254,721,57.496012759170654,Петров Роман,Выдан
29.05.2023 - 18:00,Заказ,Прошивка Android/iOS,1,970,970,970,100.0,Иванов Сергей,Выдан
30.05.2023 - 10:47,Заказ,Наклейка защитного стекла (Услуга),1,209,209,209,100.0,Сидоров Алексей,Выдан
30.05.2023 - 11:17,Заказ,Защитное стекло 3D для iPhone 11/XR,3,459,1377,1230,89.32461873638344,Иванов Сергей,Выдан
30.05.2023 - 12:33,Заказ,Замена разъема зарядки (MicroUSB/Type-C),1,1169,1169,1073,91.78785286569718,Сидоров Алексей,Выдан
30.05.2023 - 16:30,Продажа,16GB USB 2.0 Flash Drive SmartBuy,1,437,437,235,53.775743707093824,Сидоров Алексей,
30.05.2023 - 17:50,Заказ,Защитное стекло 3D для iPhone 11/XR,1,536,536,486,90.67164179104478,Петров Роман,Выдан
31.05.2023 - 11:09,Заказ,Замена разъема зарядки (MicroUSB/Type-C),2,1223,2446,2246,91.82338511856092,Иванов Сергей,Выдан
31.05.2023 - 14:48,Заказ,Восстановление цепи питания,1,4064,4064,3567,87.77066929133859,Администратор,Выдан
31.05.2023 - 15:00,Заказ,Наклейка защитного стекла (Услуга),1,195,195,195,100.0,Иванов Сергей,Выдан
31.05.2023 - 15:22,Продажа,Кабель USB - Lightning (Foxconn),1,591,591,444,75.1269035532995,Иванов Сергей,
31.05.2023 - 19:32,Заказ,16GB USB 2.0 Flash Drive SmartBuy,1,475,475,273,57.47368421052632,Петров Роман,Выдан
01.06.2023 - 10:23,Заказ,Чехол силиконовый прозрачный,1,289,289,230,79.58477508650519,Администратор,Выдан
01.06.2023 - 10:58,Заказ,Диагностика,1,477,477,477,100.0,Сидоров Алексей,Выдан
01.06.2023 - 12:54,Заказ,Чехол силиконовый прозрачный,1,273,273,212,77.65567765567766,Администратор,Выдан
01.06.2023 - 13:52,Продажа,Жесткий диск Seagate BarraCuda 1TB,1,3739,3739,763,20.40652580903985,Иванов Сергей,
01.06.2023 - 14:36,Заказ,Аккумулятор Samsung Galaxy A51 (EB-BA515),1,1115,1115,540,48.4304932735426,Администратор,Выдан
01.06.2023 - 18:05,Заказ,Восстановление цепи питания,1,4101,4101,3596,87.68593026091197,Иванов Сергей,Выдан
02.06.2023 - 13:16,Продажа,Защитное стекло 3D для iPhone 11/XR,1,465,465,416,89.46236559139786,Иванов Сергей,
02.06.2023 - 13:58,Заказ,Чистка системы охлаждения с заменой термопасты,1,1469,1469,1372,93.39686861810755,Администратор,Выдан
02.06.2023 - 18:55,Заказ,Замена разъема зарядки (MicroUSB/Type-C),2,1103,2206,2002,90.75249320036265,Петров Роман,Выдан
02.06.2023 - 19:17,Заказ,Защитное стекло 3D для iPhone 11/XR,1,460,460,409,88.91304347826086,Петров Роман,Выдан
03.06.2023 - 10:25,Продажа,SSD накопитель Kingston 240GB,1,1998,1998,549,27.47747747747748,Петров Роман,
03.06.2023 - 15:30,Продажа,Жесткий диск Seagate BarraCuda 1TB,1,3608,3608,786,21.784922394678492,Петров Роман,
03.06.2023 - 18:08,Заказ,Установка Windows 10/11 + Драйвера,1,1118,1118,1118,100.0,Администратор,Выдан
04.06.2023 - 12:56,Заказ,Прошивка Android/iOS,1,1050,1050,1050,100.0,Сидоров Алексей,Выдан
04.06.2023 - 13:36,Заказ,Кабель USB - Lightning (Foxconn),2,582,1164,854,73.3676975945017,Администратор,Выдан
04.06.2023 - 14:24,Заказ,Установка Windows 10/11 + Драйвера,1,1242,1242,1242,100.0,Администратор,Выдан
04.06.2023 - 15:36,Заказ,Дисплей iPhone 11 (Оригинал переклей),1,5777,5777,2077,35.952916738791764,Администратор,Выдан
04.06.2023 - 15:43,Заказ,Диагностика,1,531,531,531,100.0,Иванов Сергей,Выдан
04.06.2023 - 16:47,Заказ,Диагностика,1,542,542,542,100.0,Сидоров Алексей,Выдан
04.06.2023 - 17:13,Заказ,"15.6"" WXGA HD LED Глянцевый 40pin (NT156WH)",2,4094,8188,2108,25.744992672203225,Сидоров Алексей,Выдан
04.06.2023 - 18:44,Заказ,Замена разъема зарядки (MicroUSB/Type-C),1,1274,1274,1170,91.83673469387756,Сидоров Алексей,Выдан
04.06.2023 - 19:43,Заказ,Замена разъема зарядки (MicroUSB/Type-C),1,1233,1233,1130,91.6463909164639,Сидоров Алексей,Выдан
04.06.2023 - 19:49,Заказ,Восстановление цепи питания,2,4127,8254,7226,87.54543251756725,Администратор,Выдан
05.06.2023 - 13:36,Заказ,Дисплей iPhone 11 (Копия AAA),1,2722,2722,1351,49.63262307127113,Администратор,Выдан
05.06.2023 - 14:25,Продажа,Чехол силиконовый прозрачный,1,293,293,231,78.839590443686,Петров Роман,
05.06.2023 - 17:17,Заказ,Чехол силиконовый прозрачный,2,312,624,506,81.08974358974359,Администратор,Выдан
05.06.2023 - 19:57,Заказ,Восстановление цепи питания,1,4847,4847,4324,89.20982050753044,Петров Роман,Выдан
06.06.2023 - 10:48,Заказ,Прошивка Android/iOS,1,1058,1058,1058,100.0,Сидоров Алексей,Выдан
06.06.2023 - 11:17,Продажа,SSD накопитель Kingston 240GB,1,2158,2158,589,27.293790546802594,Администратор,
06.06.2023 - 11:25,Продажа,Защитное стекло 3D для iPhone 11/XR,1,500,500,452,90.4,Сидоров Алексей,
06.06.2023 - 12:48,Заказ,Диагностика,3,528,1584,1584,100.0,Сидоров Алексей,Выдан
06.06.2023 - 16:45,Заказ,Замена разъема зарядки (MicroUSB/Type-C),1,1162,1162,1066,91.73838209982789,Петров Роман,Выдан
06.06.2023 - 17:17,Заказ,Установка Windows 10/11 + Драйвера,1,1197,1197,1197,100.0,Петров Роман,Выдан
07.06.2023 - 10:05,Заказ,Установка Windows 10/11 + Драйвера,1,1174,1174,1174,100.0,Сидоров Алексей,Выдан
07.06.2023 - 11:19,Заказ,Восстановление цепи питания,1,4752,4752,4248,89.39393939393939,Иванов Сергей,Выдан
07.06.2023 - 14:23,Заказ,Наклейка защитного стекла (Услуга),1,200,200,200,100.0,Иванов Сергей,Выдан
07.06.2023 - 14:40,Заказ,Диагностика,1,480,480,480,100.0,Петров Роман,Выдан
07.06.2023 - 17:04,Заказ,Наклейка защитного стекла (Услуга),1,183,183,183,100.0,Администратор,Выдан
07.06.2023 - 19:17,Продажа,Кабель USB - Lightning (Foxconn),1,630,630,486,77.14285714285715,Администратор,
08.06.2023 - 10:57,Заказ,Чехол силиконовый прозрачный,1,299,299,242,80.93645484949833,Сидоров Алексей,Выдан
08.06.2023 - 11:57,Продажа,Блок питания Apple 20W (Copy),1,1305,1305,911,69.80842911877396,Петров Роман,
08.06.2023 - 12:36,Заказ,Наклейка защитного стекла (Услуга),1,193,193,193,100.0,Петров Роман,Выдан
08.06.2023 - 13:47,Продажа,Защитное стекло 3D для iPhone 11/XR,1,482,482,431,89.41908713692946,Администратор,
08.06.2023 - 17:33,Заказ,Диагностика,1,525,525,525,100.0,Иванов Сергей,Выдан
08.06.2023 - 18:31,Продажа,Чехол силиконовый прозрачный,1,281,281,224,79.7153024911032,Сидоров Алексей,
08.06.2023 - 19:23,Заказ,Прошивка Android/iOS,2,904,1808,1808,100.0,Администратор,Выдан
09.06.2023 - 16:01,Заказ,Замена разъема зарядки (MicroUSB/Type-C),1,1140,1140,1038,91.05263157894737,Администратор,Выдан
09.06.2023 - 17:33,Заказ,Чехол силиконовый прозрачный,1,287,287,226,78.74564459930313,Администратор,Выдан
09.06.2023 - 18:04,Продажа,Защитное стекло 3D для iPhone 11/XR,1,501,501,450,89.82035928143712,Иванов Сергей,
09.06.2023 - 19:21,Продажа,Защитное стекло 3D для iPhone 11/XR,1,494,494,445,90.08097165991903,Администратор,
09.06.2023 - 19:52,Заказ,Аккумулятор Samsung Galaxy A51 (EB-BA515),1,1277,1277,722,56.53876272513704,Петров Роман,Выдан
10.06.2023 - 14:02,Заказ,Аккумулятор Samsung Galaxy A51 (EB-BA515),1,1080,1080,534,49.44444444444444,Иванов Сергей,Выдан
10.06.2023 - 14:18,Продажа,16GB USB 2.0 Flash Drive SmartBuy,1,492,492,287,58.333333333333336,Петров Роман,
10.06.2023 - 15:37,Заказ,Дисплей iPhone 11 (Копия AAA),1,2661,2661,1242,46.674182638105975,Администратор,Выдан
11.06.2023 - 10:14,Заказ,Диагностика,2,457,914,914,100.0,Иванов Сергей,Выдан
11.06.2023 - 11:38,Заказ,Диагностика,1,526,526,526,100.0,Сидоров Алексей,Выдан
11.06.2023 - 12:07,Продажа,16GB USB 2.0 Flash Drive SmartBuy,1,454,454,258,56.82819383259912,Администратор,
11.06.2023 - 13:32,Заказ,Чехол силиконовый прозрачный,1,316,316,257,81.32911392405063,Иванов Сергей,Выдан
11.06.2023 - 18:48,Заказ,Установка Windows 10/11 + Драйвера,1,1104,1104,1104,100.0,Сидоров Алексей,Выдан
11.06.2023 - 18:50,Заказ,Наклейка защитного стекла (Услуга),1,204,204,204,100.0,Иванов Сергей,Выдан
11.06.2023 - 19:05,Продажа,Чехол силиконовый прозрачный,1,302,302,245,81.12582781456953,Администратор,
12.06.2023 - 12:13,Заказ,Блок питания Apple 20W (Copy),1,1231,1231,848,68.88708367181154,Иванов Сергей,Выдан
12.06.2023 - 12:47,Продажа,16GB USB 2.0 Flash Drive SmartBuy,1,441,441,251,56.916099773242635,Петров Роман,
12.06.2023 - 13:04,Заказ,Наклейка защитного стекла (Услуга),3,191,573,573,100.0,Сидоров Алексей,Выдан
12.06.2023 - 14:14,Заказ,Аккумулятор Samsung Galaxy A51 (EB-BA515),1,1307,1307,745,57.00076511094109,Администратор,Выдан
13.06.2023 - 10:01,Заказ,Замена разъема зарядки (MicroUSB/Type-C),1,1272,1272,1170,91.98113207547169,Сидоров Алексей,Выдан
13.06.2023 - 13:06,Заказ,Наклейка защитного стекла (Услуга),1,212,212,212,100.0,Иванов Сергей,Выдан
13.06.2023 - 14:11,Продажа,16GB USB 2.0 Flash Drive SmartBuy,1,409,409,215,52.567237163814184,Администратор,
13.06.2023 - 14:38,Заказ,Чистка системы охлаждения с заменой термопасты,3,1577,4731,4428,93.59543436905517,Петров Роман,Выдан
13.06.2023 - 17:43,Заказ,Дисплей iPhone 11 (Копия AAA),1,2457,2457,1036,42.16524216524217,Администратор,Выдан
14.06.2023 - 11:56,Заказ,Блок питания Apple 20W (Copy),1,1121,1121,728,64.94201605709188,Петров Роман,Выдан
14.06.2023 - 16:40,Заказ,Замена разъема зарядки (MicroUSB/Type-C),1,1231,1231,1133,92.03899268887083,Администратор,Выдан
15.06.2023 - 12:18,Заказ,Чехол силиконовый прозрачный,1,292,292,233,79.7945205479452,Петров Роман,Выдан
15.06.2023 - 13:44,Заказ,Замена разъема зарядки (MicroUSB/Type-C),1,1307,1307,1203,92.04284621270085,Петров Роман,Выдан
16.06.2023 - 12:37,Заказ,Наклейка защитного стекла (Услуга),1,188,188,188,100.0,Иванов Сергей,Выдан
16.06.2023 - 17:38,Заказ,Защитное стекло 3D для iPhone 11/XR,1,517,517,469,90.71566731141199,Сидоров Алексей,Выдан
16.06.2023 - 17:44,Заказ,Чехол силиконовый прозрачный,1,320,320,261,81.5625,Администратор,Выдан
16.06.2023 - 18:45,Заказ,Чехол силиконовый прозрачный,1,328,328,271,82.6219512195122,Администратор,Выдан
17.06.2023 - 10:29,Заказ,Блок питания Apple 20W (Copy),1,1250,1250,836,66.88,Администратор,Выдан
17.06.2023 - 11:34,Заказ,Чистка системы охлаждения с заменой термопасты,1,1645,1645,1542,93.73860182370821,Иванов Сергей,Выдан
17.06.2023 - 12:40,Заказ,Дисплей iPhone 11 (Копия AAA),2,2346,4692,1908,40.66496163682864,Сидоров Алексей,Выдан
17.06.2023 - 13:48,Заказ,Наклейка защитного стекла (Услуга),1,195,195,195,100.0,Иванов Сергей,Выдан
17.06.2023 - 13:57,Продажа,Защитное стекло 3D для iPhone 11/XR,1,467,467,419,89.72162740899357,Иванов Сергей,
17.06.2023 - 16:01,Заказ,Установка Windows 10/11 + Драйвера,1,1257,1257,1257,100.0,Петров Роман,Выдан
17.06.2023 - 19:07,Заказ,Замена разъема зарядки (MicroUSB/Type-C),1,1172,1172,1072,91.46757679180887,Иванов Сергей,Выдан
18.06.2023 - 13:41,Заказ,Защитное стекло 3D для iPhone 11/XR,1,542,542,494,91.14391143911439,Сидоров Алексей,Выдан
18.06.2023 - 17:38,Заказ,Замена разъема зарядки (MicroUSB/Type-C),1,1098,1098,999,90.98360655737704,Администратор,Выдан
19.06.2023 - 12:04,Заказ,Установка Windows 10/11 + Драйвера,1,1096,1096,1096,100.0,Администратор,Выдан
19.06.2023 - 12:07,Заказ,Установка Windows 10/11 + Драйвера,2,1204,2408,2408,100.0,Петров Роман,Выдан
19.06.2023 - 14:06,Заказ,Восстановление цепи питания,1,4834,4834,4320,89.36698386429458,Администратор,Выдан
19.06.2023 - 15:07,Заказ,Замена разъема зарядки (MicroUSB/Type-C),1,1180,1180,1079,91.44067796610169,Сидоров Алексей,Выдан
19.06.2023 - 17:28,Заказ,Чистка системы охлаждения с заменой термопасты,1,1540,1540,1441,93.57142857142857,Петров Роман,Выдан
19.06.2023 - 18:43,Заказ,Замена разъема зарядки (MicroUSB/Type-C),1,1229,1229,1133,92.18877135882832,Петров Роман,Выдан
20.06.2023 - 11:35,Заказ,Диагностика,1,529,529,529,100.0,Петров Роман,Выдан
20.06.2023 - 12:50,Заказ,Защитное стекло 3D для iPhone 11/XR,1,503,503,453,90.05964214711729,Петров Роман,Выдан
21.06.2023 - 12:31,Заказ,16GB USB 2.0 Flash Drive SmartBuy,1,488,488,289,59.221311475409834,Администратор,Выдан
21.06.2023 - 15:24,Продажа,Чехол силиконовый прозрачный,1,290,290,233,80.3448275862069,Иванов Сергей,
21.06.2023 - 16:32,Заказ,Чистка системы охлаждения с заменой термопасты,1,1596,1596,1498,93.85964912280701,Петров Роман,Выдан
21.06.2023 - 17:54,Заказ,Аккумулятор Samsung Galaxy A51 (EB-BA515),1,1204,1204,667,55.39867109634552,Сидоров Алексей,Выдан
21.06.2023 - 18:06,Заказ,Замена разъема зарядки (MicroUSB/Type-C),1,1277,1277,1179,92.3257635082224,Петров Роман,Выдан
21.06.2023 - 18:22,Заказ,Защитное стекло 3D для iPhone 11/XR,1,463,463,415,89.6328293736501,Петров Роман,Выдан
21.06.2023 - 19:09,Заказ,Дисплей iPhone 11 (Копия AAA),1,2728,2728,1396,51.17302052785924,Иванов Сергей,Выдан
21.06.2023 - 19:16,Продажа,Чехол силиконовый прозрачный,1,280,280,223,79.64285714285714,Иванов Сергей,
21.06.2023 - 19:51,Заказ,Дисплей iPhone 11 (Копия AAA),1,2365,2365,1010,42.706131078224104,Администратор,Выдан
22.06.2023 - 15:24,Продажа,Защитное стекло 3D для iPhone 11/XR,1,500,500,451,90.2,Администратор,
22.06.2023 - 19:00,Заказ,Аккумулятор Samsung Galaxy A51 (EB-BA515),1,1200,1200,667,55.58333333333333,Администратор,Выдан
23.06.2023 - 12:08,Заказ,Замена разъема зарядки (MicroUSB/Type-C),1,1276,1276,1177,92.24137931034483,Петров Роман,Выдан
23.06.2023 - 16:05,Заказ,Чехол силиконовый прозрачный,1,300,300,240,80.0,Сидоров Алексей,Выдан
24.06.2023 - 10:19,Продажа,Чехол силиконовый прозрачный,1,302,302,240,79.47019867549669,Сидоров Алексей,
24.06.2023 - 13:11,Заказ,Чехол силиконовый прозрачный,1,284,284,226,79.5774647887324,Администратор,Выдан
24.06.2023 - 13:36,Заказ,Защитное стекло 3D для iPhone 11/XR,1,514,514,463,90.07782101167315,Петров Роман,Выдан
24.06.2023 - 18:55,Заказ,Наклейка защитного стекла (Услуга),1,180,180,180,100.0,Сидоров Алексей,Выдан
24.06.2023 - 19:20,Заказ,Жесткий диск Seagate BarraCuda 1TB,1,3511,3511,755,21.503845058387924,Петров Роман,Выдан
24.06.2023 - 19:52,Заказ,"15.6"" WXGA HD LED Глянцевый 40pin (NT156WH)",1,4063,4063,997,24.538518336204778,Сидоров Алексей,Выдан
25.06.2023 - 13:01,Заказ,Диагностика,1,486,486,486,100.0,Петров Роман,Выдан
25.06.2023 - 13:08,Заказ,Диагностика,1,450,450,450,100.0,Петров Роман,Выдан
25.06.2023 - 13:42,Заказ,Диагностика,1,505,505,505,100.0,Сидоров Алексей,Выдан
25.06.2023 - 15:59,Заказ,Защитное стекло 3D для iPhone 11/XR,1,465,465,415,89.24731182795699,Петров Роман,Выдан
25.06.2023 - 17:07,Заказ,Диагностика,1,484,484,484,100.0,Иванов Сергей,Выдан
25.06.2023 - 19:46,Заказ,Наклейка защитного стекла (Услуга),1,205,205,205,100.0,Сидоров Алексей,Выдан
25.06.2023 - 19:54,Заказ,Дисплей iPhone 11 (Оригинал переклей),1,5892,5892,1962,33.29938900203666,Сидоров Алексей,Выдан
26.06.2023 - 12:48,Продажа,Чехол силиконовый прозрачный,1,285,285,224,78.59649122807018,Иванов Сергей,
26.06.2023 - 13:31,Заказ,Жесткий диск Seagate BarraCuda 1TB,1,3859,3859,904,23.42575796838559,Администратор,Выдан
26.06.2023 - 14:32,Заказ,Чистка системы охлаждения с заменой термопасты,1,1350,1350,1248,92.44444444444444,Иванов Сергей,Выдан
26.06.2023 - 18:02,Заказ,Замена разъема зарядки (MicroUSB/Type-C),1,1083,1083,979,90.39704524469067,Петров Роман,Выдан
26.06.2023 - 18:52,Продажа,Чехол силиконовый прозрачный,1,328,328,269,82.01219512195121,Администратор,
26.06.2023 - 19:10,Заказ,Блок питания Apple 20W (Copy),2,1278,2556,1732,67.76212832550861,Иванов Сергей,Выдан
27.06.2023 - 11:46,Заказ,Прошивка Android/iOS,1,994,994,994,100.0,Сидоров Алексей,Выдан
27.06.2023 - 13:15,Заказ,Чистка системы охлаждения с заменой термопасты,1,1561,1561,1464,93.78603459320948,Петров Роман,Выдан
27.06.2023 - 13:32,Заказ,Диагностика,1,452,452,452,100.0,Иванов Сергей,Выдан
27.06.2023 - 16:32,Заказ,Чехол силиконовый прозрачный,1,287,287,229,79.79094076655052,Администратор,Выдан
27.06.2023 - 19:03,Заказ,Наклейка защитного стекла (Услуга),2,185,370,370,100.0,Администратор,Выдан
28.06.2023 - 10:09,Заказ,Диагностика,1,526,526,526,100.0,Администратор,Выдан
28.06.2023 - 16:23,Заказ,Защитное стекло 3D для iPhone 11/XR,1,498,498,449,90.16064257028113,Петров Роман,Выдан
29.06.2023 - 11:31,Заказ,Защитное стекло 3D для iPhone 11/XR,1,495,495,444,89.6969696969697,Администратор,Выдан
29.06.2023 - 12:59,Заказ,Защитное стекло 3D для iPhone 11/XR,1,512,512,465,90.8203125,Сидоров Алексей,Выдан
29.06.2023 - 15:17,Заказ,Блок питания Apple 20W (Copy),1,1213,1213,794,65.45754328112119,Сидоров Алексей,Выдан
29.06.2023 - 17:16,Заказ,Дисплей iPhone 11 (Копия AAA),1,2612,2612,1215,46.51607963246555,Иванов Сергей,Выдан
29.06.2023 - 18:30,Заказ,Диагностика,1,473,473,473,100.0,Администратор,Выдан
29.06.2023 - 19:32,Продажа,Защитное стекло 3D для iPhone 11/XR,1,524,524,476,90.83969465648855,Администратор,
30.06.2023 - 11:19,Заказ,Замена разъема зарядки (MicroUSB/Type-C),2,1108,2216,2008,90.61371841155234,Администратор,Выдан
30.06.2023 - 12:20,Продажа,Защитное стекло 3D для iPhone 11/XR,1,450,450,399,88.66666666666667,Петров Роман,
30.06.2023 - 15:35,Заказ,Чехол силиконовый прозрачный,1,322,322,263,81.67701863354037,Иванов Сергей,Выдан
30.06.2023 - 15:57,Заказ,Чистка системы охлаждения с заменой термопасты,1,1573,1573,1471,93.51557533375716,Сидоров Алексей,Выдан
30.06.2023 - 17:30,Заказ,Кабель USB - Lightning (Foxconn),1,589,589,438,74.36332767402376,Администратор,Выдан
30.06.2023 - 18:15,Заказ,Чистка системы охлаждения с заменой термопасты,1,1606,1606,1506,93.7733499377335,Администратор,Выдан
01.07.2023 - 10:53,Заказ,Кабель USB - Lightning (Foxconn),1,651,651,499,76.65130568356375,Администратор,Выдан
01.07.2023 - 15:55,Заказ,Прошивка Android/iOS,1,963,963,963,100.0,Петров Роман,Выдан
01.07.2023 - 16:57,Заказ,Прошивка Android/iOS,1,1028,1028,1028,100.0,Иванов Сергей,Выдан
01.07.2023 - 17:10,Заказ,Чистка системы охлаждения с заменой термопасты,1,1537,1537,1434,93.29863370201691,Администратор,Выдан
02.07.2023 - 15:47,Продажа,Чехол силиконовый прозрачный,2,298,596,482,80.87248322147651,Петров Роман,
02.07.2023 - 17:17,Продажа,Блок питания Apple 20W (Copy),1,1185,1185,773,65.23206751054852,Иванов Сергей,
02.07.2023 - 17:45,Заказ,Диагностика,1,549,549,549,100.0,Администратор,Выдан
03.07.2023 - 10:35,Продажа,16GB USB 2.0 Flash Drive SmartBuy,1,429,429,235,54.77855477855478,Администратор,
03.07.2023 - 13:37,Заказ,Диагностика,2,453,906,906,100.0,Петров Роман,Выдан
03.07.2023 - 14:20,Заказ,Восстановление цепи питания,1,4787,4787,4308,89.993733026948,Петров Роман,Выдан
03.07.2023 - 15:02,Заказ,Диагностика,1,456,456,456,100.0,Иванов Сергей,Выдан
03.07.2023 - 15:03,Заказ,Чехол силиконовый прозрачный,1,280,280,222,79.28571428571428,Иванов Сергей,Выдан
03.07.2023 - 15:26,Продажа,Блок питания Apple 20W (Copy),1,1090,1090,673,61.74311926605505,Администратор,
03.07.2023 - 17:38,Заказ,Чехол силиконовый прозрачный,1,283,283,223,78.79858657243817,Сидоров Алексей,Выдан
03.07.2023 - 18:07,Заказ,Чистка системы охлаждения с заменой термопасты,1,1529,1529,1429,93.4597776324395,Администратор,Выдан
03.07.2023 - 19:24,Продажа,Чехол силиконовый прозрачный,1,315,315,253,80.31746031746032,Сидоров Алексей,
03.07.2023 - 19:29,Заказ,Дисплей iPhone 11 (Оригинал переклей),1,5182,5182,1286,24.8166730991895,Иванов Сергей,Выдан
04.07.2023 - 12:50,Продажа,Блок питания Apple 20W (Copy),2,1178,2356,1538,65.28013582342955,Сидоров Алексей,
04.07.2023 - 15:30,Заказ,Диагностика,2,458,916,916,100.0,Администратор,Выдан
04.07.2023 - 18:29,Продажа,16GB USB 2.0 Flash Drive SmartBuy,1,423,423,224,52.95508274231678,Сидоров Алексей,
05.07.2023 - 11:10,Заказ,Блок питания Apple 20W (Copy),1,1083,1083,688,63.52723915050785,Сидоров Алексей,Выдан
05.07.2023 - 11:59,Заказ,Дисплей iPhone 11 (Оригинал переклей),1,5762,5762,1998,34.675459909753556,Администратор,Выдан
05.07.2023 - 16:57,Продажа,Кабель USB - Lightning (Foxconn),1,650,650,506,77.84615384615384,Петров Роман,
05.07.2023 - 17:36,Продажа,Блок питания Apple 20W (Copy),1,1286,1286,871,67.72939346811819,Петров Роман,
06.07.2023 - 13:52,Заказ,Установка Windows 10/11 + Драйвера,2,1137,2274,2274,100.0,Иванов Сергей,Выдан
06.07.2023 - 16:08,Заказ,Дисплей iPhone 11 (Копия AAA),1,2708,2708,1352,49.926144756277694,Сидоров Алексей,Выдан
07.07.2023 - 10:21,Заказ,Замена разъема зарядки (MicroUSB/Type-C),1,1200,1200,1102,91.83333333333333,Петров Роман,Выдан
07.07.2023 - 11:23,Заказ,Диагностика,1,544,544,544,100.0,Администратор,Выдан
07.07.2023 - 12:25,Заказ,Чехол силиконовый прозрачный,1,274,274,212,77.37226277372264,Администратор,Выдан
07.07.2023 - 13:31,Продажа,Защитное стекло 3D для iPhone 11/XR,1,504,504,455,90.27777777777779,Администратор,
07.07.2023 - 15:10,Заказ,Аккумулятор Samsung Galaxy A51 (EB-BA515),3,1291,3873,2145,55.38342370255616,Петров Роман,Выдан
07.07.2023 - 15:40,Продажа,Блок питания Apple 20W (Copy),1,1139,1139,750,65.84723441615452,Петров Роман,
07.07.2023 - 15:42,Продажа,Чехол силиконовый прозрачный,1,300,300,241,80.33333333333333,Иванов Сергей,
07.07.2023 - 17:07,Заказ,Кабель USB - Lightning (Foxconn),1,583,583,431,73.92795883361921,Петров Роман,Выдан
07.07.2023 - 18:47,Продажа,Чехол силиконовый прозрачный,1,295,295,234,79.3220338983051,Сидоров Алексей,
08.07.2023 - 10:49,Заказ,Чехол силиконовый прозрачный,2,300,600,486,81.0,Петров Роман,Выдан
08.07.2023 - 15:45,Заказ,Чехол силиконовый прозрачный,1,322,322,264,81.98757763975155,Петров Роман,Выдан
09.07.2023 - 10:13,Продажа,Кабель USB - Lightning (Foxconn),1,558,558,408,73.11827956989248,Сидоров Алексей,
09.07.2023 - 15:43,Заказ,16GB USB 2.0 Flash Drive SmartBuy,1,440,440,242,55.00000000000001,Петров Роман,Выдан
10.07.2023 - 13:40,Заказ,Чистка системы охлаждения с заменой термопасты,1,1496,1496,1399,93.51604278074866,Петров Роман,Выдан
10.07.2023 - 15:04,Заказ,Защитное стекло 3D для iPhone 11/XR,1,506,506,455,89.9209486166008,Иванов Сергей,Выдан
10.07.2023 - 17:30,Заказ,Замена разъема зарядки (MicroUSB/Type-C),1,1200,1200,1101,91.75,Петров Роман,Выдан
11.07.2023 - 10:14,Продажа,Кабель USB - Lightning (Foxconn),1,644,644,498,77.32919254658384,Иванов Сергей,
11.07.2023 - 10:19,Заказ,SSD накопитель Kingston 240GB,1,2024,2024,573,28.310276679841895,Иванов Сергей,Выдан
11.07.2023 - 10:31,Заказ,Наклейка защитного стекла (Услуга),1,207,207,207,100.0,Петров Роман,Выдан
11.07.2023 - 12:36,Продажа,Блок питания Apple 20W (Copy),1,1229,1229,819,66.63954434499593,Петров Роман,
11.07.2023 - 17:06,Заказ,Диагностика,1,544,544,544,100.0,Иванов Сергей,Выдан
11.07.2023 - 17:30,Заказ,16GB USB 2.0 Flash Drive SmartBuy,1,408,408,202,49.50980392156863,Администратор,Выдан
11.07.2023 - 18:03,Заказ,Восстановление цепи питания,1,4309,4309,3795,88.07147830122999,Сидоров Алексей,Выдан
11.07.2023 - 18:23,Заказ,Чистка системы охлаждения с заменой термопасты,1,1570,1570,1472,93.7579617834395,Иванов Сергей,Выдан
11.07.2023 - 19:44,Заказ,16GB USB 2.0 Flash Drive SmartBuy,1,436,436,241,55.27522935779816,Администратор,Выдан
12.07.2023 - 10:12,Заказ,Кабель USB - Lightning (Foxconn),1,561,561,408,72.72727272727273,Петров Роман,Выдан
12.07.2023 - 11:21,Заказ,Установка Windows 10/11 + Драйвера,1,1276,1276,1276,100.0,Иванов Сергей,Выдан
12.07.2023 - 12:12,Продажа,Кабель USB - Lightning (Foxconn),2,591,1182,876,74.11167512690355,Петров Роман,
12.07.2023 - 13:22,Продажа,SSD накопитель Kingston 240GB,1,2081,2081,547,26.285439692455547,Администратор,
12.07.2023 - 14:30,Заказ,Дисплей iPhone 11 (Копия AAA),1,2315,2315,854,36.88984881209503,Сидоров Алексей,Выдан
12.07.2023 - 19:15,Заказ,Чистка системы охлаждения с заменой термопасты,1,1428,1428,1330,93.13725490196079,Сидоров Алексей,Выдан
13.07.2023 - 10:41,Продажа,Кабель USB - Lightning (Foxconn),1,619,619,477,77.05977382875606,Сидоров Алексей,
13.07.2023 - 12:51,Заказ,Наклейка защитного стекла (Услуга),1,211,211,211,100.0,Сидоров Алексей,Выдан
13.07.2023 - 13:20,Заказ,Наклейка защитного стекла (Услуга),1,184,184,184,100.0,Сидоров Алексей,Выдан
13.07.2023 - 15:38,Заказ,Установка Windows 10/11 + Драйвера,3,1168,3504,3504,100.0,Сидоров Алексей,Выдан
13.07.2023 - 18:05,Заказ,Жесткий диск Seagate BarraCuda 1TB,1,3617,3617,859,23.748963229195468,Администратор,Выдан
14.07.2023 - 13:49,Заказ,Установка Windows 10/11 + Драйвера,1,1213,1213,1213,100.0,Петров Роман,Выдан
14.07.2023 - 14:29,Заказ,Диагностика,1,481,481,481,100.0,Администратор,Выдан
14.07.2023 - 15:24,Заказ,Установка Windows 10/11 + Драйвера,1,1176,1176,1176,100.0,Иванов Сергей,Выдан
14.07.2023 - 16:01,Заказ,Замена разъема зарядки (MicroUSB/Type-C),1,1251,1251,1155,92.32613908872902,Петров Роман,Выдан
14.07.2023 - 17:25,Заказ,Восстановление цепи питания,1,4943,4943,4420,89.41938094274732,Иванов Сергей,Выдан
14.07.2023 - 18:09,Заказ,Установка Windows 10/11 + Драйвера,1,1090,1090,1090,100.0,Администратор,Выдан
15.07.2023 - 11:04,Заказ,Наклейка защитного стекла (Услуга),1,198,198,198,100.0,Петров Роман,Выдан
15.07.2023 - 17:50,Заказ,Диагностика,1,484,484,484,100.0,Петров Роман,Выдан
15.07.2023 - 19:04,Заказ,Чехол силиконовый прозрачный,1,286,286,229,80.06993006993007,Иванов Сергей,Выдан
15.07.2023 - 19:46,Заказ,Жесткий диск Seagate BarraCuda 1TB,1,4170,4170,1144,27.434052757793765,Администратор,Выдан
16.07.2023 - 11:28,Продажа,16GB USB 2.0 Flash Drive SmartBuy,1,467,467,261,55.88865096359743,Иванов Сергей,
16.07.2023 - 13:22,Заказ,Чехол силиконовый прозрачный,2,321,642,518,80.68535825545172,Сидоров Алексей,Выдан
16.07.2023 - 15:30,Заказ,Диагностика,1,508,508,508,100.0,Иванов Сергей,Выдан
16.07.2023 - 16:07,Продажа,16GB USB 2.0 Flash Drive SmartBuy,1,405,405,208,51.358024691358025,Сидоров Алексей,
16.07.2023 - 18:44,Продажа,Блок питания Apple 20W (Copy),3,1302,3906,2670,68.3563748079877,Петров Роман,
17.07.2023 - 11:31,Продажа,Кабель USB - Lightning (Foxconn),1,576,576,433,75.17361111111111,Петров Роман,
17.07.2023 - 11:35,Заказ,Кабель USB - Lightning (Foxconn),3,565,1695,1257,74.15929203539822,Сидоров Алексей,Выдан
17.07.2023 - 12:49,Продажа,Защитное стекло 3D для iPhone 11/XR,1,493,493,443,89.8580121703854,Администратор,
17.07.2023 - 13:05,Заказ,Диагностика,1,498,498,498,100.0,Администратор,Выдан
17.07.2023 - 13:55,Заказ,Наклейка защитного стекла (Услуга),1,217,217,217,100.0,Иванов Сергей,Выдан
17.07.2023 - 17:42,Заказ,Дисплей iPhone 11 (Копия AAA),1,2343,2343,963,41.101152368758,Петров Роман,Выдан
17.07.2023 - 18:18,Заказ,Установка Windows 10/11 + Драйвера,1,1296,1296,1296,100.0,Петров Роман,Выдан
17.07.2023 - 19:14,Продажа,Блок питания Apple 20W (Copy),1,1082,1082,699,64.60258780036968,Иванов Сергей,
17.07.2023 - 19:59,Продажа,Защитное стекло 3D для iPhone 11/XR,1,489,489,437,89.36605316973414,Петров Роман,
18.07.2023 - 11:42,Заказ,Дисплей iPhone 11 (Копия AAA),1,2520,2520,1139,45.198412698412696,Сидоров Алексей,Выдан
18.07.2023 - 13:10,Заказ,Чистка системы охлаждения с заменой термопасты,1,1488,1488,1389,93.34677419354838,Администратор,Выдан
18.07.2023 - 17:13,Заказ,Прошивка Android/iOS,2,997,1994,1994,100.0,Петров Роман,Выдан
19.07.2023 - 10:00,Продажа,16GB USB 2.0 Flash Drive SmartBuy,2,475,950,544,57.263157894736835,Петров Роман,
19.07.2023 - 12:45,Продажа,Защитное стекло 3D для iPhone 11/XR,1,484,484,437,90.28925619834712,Петров Роман,
19.07.2023 - 13:43,Продажа,Защитное стекло 3D для iPhone 11/XR,1,527,527,478,90.70208728652752,Администратор,
19.07.2023 - 14:00,Заказ,Аккумулятор Samsung Galaxy A51 (EB-BA515),1,1205,1205,656,54.439834024896264,Администратор,Выдан
19.07.2023 - 14:34,Заказ,Дисплей iPhone 11 (Копия AAA),1,2271,2271,842,37.07617789520035,Администратор,Выдан
19.07.2023 - 15:31,Заказ,Дисплей iPhone 11 (Оригинал переклей),1,5737,5737,2052,35.76782290395677,Сидоров Алексей,Выдан
20.07.2023 - 10:58,Заказ,Наклейка защитного стекла (Услуга),3,195,585,585,100.0,Администратор,Выдан
21.07.2023 - 16:53,Заказ,Наклейка защитного стекла (Услуга),1,211,211,211,100.0,Сидоров Алексей,Выдан
21.07.2023 - 19:46,Заказ,Чехол силиконовый прозрачный,1,299,299,238,79.59866220735786,Петров Роман,Выдан
22.07.2023 - 11:24,Заказ,Замена разъема зарядки (MicroUSB/Type-C),1,1233,1233,1138,92.29521492295216,Петров Роман,Выдан
22.07.2023 - 12:28,Продажа,16GB USB 2.0 Flash Drive SmartBuy,1,437,437,247,56.52173913043478,Петров Роман,
22.07.2023 - 13:49,Заказ,Наклейка защитного стекла (Услуга),2,188,376,376,100.0,Администратор,Выдан
22.07.2023 - 15:54,Заказ,Установка Windows 10/11 + Драйвера,1,1238,1238,1238,100.0,Петров Роман,Выдан
22.07.2023 - 16:23,Заказ,Чехол силиконовый прозрачный,1,322,322,262,81.36645962732919,Сидоров Алексей,Выдан
22.07.2023 - 16:41,Заказ,Восстановление цепи питания,1,4134,4134,3627,87.73584905660378,Иванов Сергей,Выдан
22.07.2023 - 16:45,Продажа,16GB USB 2.0 Flash Drive SmartBuy,1,418,418,224,53.588516746411486,Петров Роман,
22.07.2023 - 17:11,Заказ,"15.6"" WXGA HD LED Глянцевый 40pin (NT156WH)",1,4450,4450,1252,28.13483146067416,Петров Роман,Выдан
22.07.2023 - 18:29,Заказ,Прошивка Android/iOS,1,908,908,908,100.0,Администратор,Выдан
23.07.2023 - 11:19,Заказ,Диагностика,1,496,496,496,100.0,Сидоров Алексей,Выдан
23.07.2023 - 11:43,Заказ,Наклейка защитного стекла (Услуга),2,195,390,390,100.0,Иванов Сергей,Выдан
23.07.2023 - 13:13,Заказ,Диагностика,1,455,455,455,100.0,Петров Роман,Выдан
23.07.2023 - 15:37,Заказ,Блок питания Apple 20W (Copy),1,1097,1097,692,63.081130355515036,Сидоров Алексей,Выдан
23.07.2023 - 15:38,Продажа,Защитное стекло 3D для iPhone 11/XR,1,537,537,486,90.5027932960894,Администратор,
24.07.2023 - 10:51,Заказ,Диагностика,1,502,502,502,100.0,Сидоров Алексей,Выдан
24.07.2023 - 13:30,Заказ,Аккумулятор Samsung Galaxy A51 (EB-BA515),1,1099,1099,548,49.86351228389445,Администратор,Выдан
24.07.2023 - 13:35,Заказ,16GB USB 2.0 Flash Drive SmartBuy,1,422,422,229,54.2654028436019,Иванов Сергей,Выдан
24.07.2023 - 15:30,Заказ,Восстановление цепи питания,1,4453,4453,3948,88.65933078823265,Сидоров Алексей,Выдан
24.07.2023 - 15:47,Заказ,Восстановление цепи питания,1,4782,4782,4263,89.14680050188207,Администратор,Выдан
24.07.2023 - 16:21,Заказ,Кабель USB - Lightning (Foxconn),1,598,598,444,74.24749163879598,Петров Роман,Выдан
25.07.2023 - 12:02,Продажа,Защитное стекло 3D для iPhone 11/XR,1,483,483,432,89.44099378881988,Петров Роман,
25.07.2023 - 12:16,Заказ,Наклейка защитного стекла (Услуга),1,193,193,193,100.0,Администратор,Выдан
25.07.2023 - 14:33,Заказ,Блок питания Apple 20W (Copy),1,1107,1107,706,63.77597109304426,Петров Роман,Выдан
25.07.2023 - 15:58,Продажа,Блок питания Apple 20W (Copy),1,1098,1098,712,64.84517304189436,Администратор,
25.07.2023 - 16:10,Продажа,Защитное стекло 3D для iPhone 11/XR,1,549,549,498,90.7103825136612,Администратор,
26.07.2023 - 10:54,Заказ,Диагностика,1,522,522,522,100.0,Иванов Сергей,Выдан
26.07.2023 - 15:09,Заказ,Защитное стекло 3D для iPhone 11/XR,1,510,510,458,89.80392156862746,Петров Роман,Выдан
26.07.2023 - 18:13,Заказ,16GB USB 2.0 Flash Drive SmartBuy,1,421,421,225,53.44418052256532,Иванов Сергей,Выдан
26.07.2023 - 18:48,Продажа,Чехол силиконовый прозрачный,2,325,650,536,82.46153846153847,Сидоров Алексей,
26.07.2023 - 19:55,Заказ,Защитное стекло 3D для iPhone 11/XR,1,510,510,461,90.3921568627451,Иванов Сергей,Выдан
27.07.2023 - 10:17,Заказ,Наклейка защитного стекла (Услуга),1,189,189,189,100.0,Иванов Сергей,Выдан
27.07.2023 - 10:44,Заказ,Аккумулятор Samsung Galaxy A51 (EB-BA515),1,1319,1319,747,56.633813495072026,Администратор,Выдан
27.07.2023 - 11:20,Заказ,Чистка системы охлаждения с заменой термопасты,1,1489,1489,1393,93.55271994627266,Иванов Сергей,Выдан
27.07.2023 - 13:56,Продажа,Кабель USB - Lightning (Foxconn),1,653,653,496,75.95712098009189,Иванов Сергей,
27.07.2023 - 14:27,Заказ,Дисплей iPhone 11 (Оригинал переклей),2,5851,11702,4056,34.660741753546404,Иванов Сергей,Выдан
27.07.2023 - 15:45,Заказ,Замена разъема зарядки (MicroUSB/Type-C),1,1291,1291,1190,92.17660728117738,Петров Роман,Выдан
27.07.2023 - 18:13,Продажа,Блок питания Apple 20W (Copy),1,1100,1100,718,65.27272727272727,Администратор,
28.07.2023 - 17:14,Заказ,Наклейка защитного стекла (Услуга),1,182,182,182,100.0,Петров Роман,Выдан
28.07.2023 - 18:43,Заказ,Защитное стекло 3D для iPhone 11/XR,1,453,453,403,88.96247240618102,Сидоров Алексей,Выдан
28.07.2023 - 19:58,Заказ,Чистка системы охлаждения с заменой термопасты,2,1397,2794,2602,93.12813171080889,Сидоров Алексей,Выдан
29.07.2023 - 10:31,Продажа,Блок питания Apple 20W (Copy),1,1300,1300,906,69.6923076923077,Петров Роман,
29.07.2023 - 11:08,Продажа,Блок питания Apple 20W (Copy),1,1211,1211,794,65.56564822460777,Администратор,
29.07.2023 - 18:27,Продажа,16GB USB 2.0 Flash Drive SmartBuy,1,444,444,248,55.85585585585585,Петров Роман,
29.07.2023 - 18:36,Заказ,"15.6"" WXGA HD LED Глянцевый 40pin (NT156WH)",1,4184,4184,1006,24.043977055449332,Администратор,Выдан
29.07.2023 - 18:56,Заказ,Восстановление цепи питания,1,4142,4142,3622,87.44567841622406,Сидоров Алексей,Выдан
30.07.2023 - 17:17,Продажа,Чехол силиконовый прозрачный,1,296,296,237,80.06756756756756,Иванов Сергей,
30.07.2023 - 17:28,Заказ,Аккумулятор Samsung Galaxy A51 (EB-BA515),1,1117,1117,578,51.74574753804835,Петров Роман,Выдан
30.07.2023 - 18:40,Заказ,Замена разъема зарядки (MicroUSB/Type-C),1,1250,1250,1148,91.84,Петров Роман,Выдан
30.07.2023 - 19:43,Заказ,Установка Windows 10/11 + Драйвера,1,1213,1213,1213,100.0,Петров Роман,Выдан
30.07.2023 - 19:48,Продажа,Блок питания Apple 20W (Copy),1,1264,1264,847,67.00949367088607,Администратор,
31.07.2023 - 10:44,Заказ,Чистка системы охлаждения с заменой термопасты,1,1566,1566,1468,93.74201787994892,Сидоров Алексей,Выдан
31.07.2023 - 15:01,Продажа,Чехол силиконовый прозрачный,1,278,278,217,78.05755395683454,Сидоров Алексей,
31.07.2023 - 17:15,Заказ,"15.6"" WXGA HD LED Глянцевый 40pin (NT156WH)",1,4837,4837,1795,37.109778788505274,Сидоров Алексей,Выдан
31.07.2023 - 17:59,Продажа,Чехол силиконовый прозрачный,1,314,314,255,81.21019108280255,Иванов Сергей,
31.07.2023 - 18:23,Заказ,Замена разъема зарядки (MicroUSB/Type-C),1,1269,1269,1170,92.19858156028369,Сидоров Алексей,Выдан
01.08.2023 - 14:38,Продажа,Кабель USB - Lightning (Foxconn),1,630,630,476,75.55555555555556,Администратор,
01.08.2023 - 19:31,Заказ,Диагностика,1,523,523,523,100.0,Иванов Сергей,Выдан
02.08.2023 - 10:51,Заказ,Чехол силиконовый прозрачный,1,280,280,219,78.21428571428571,Сидоров Алексей,Выдан
02.08.2023 - 12:36,Заказ,Замена разъема зарядки (MicroUSB/Type-C),1,1246,1246,1146,91.97431781701445,Администратор,Выдан
02.08.2023 - 13:32,Заказ,Наклейка защитного стекла (Услуга),2,188,376,376,100.0,Иванов Сергей,Выдан
02.08.2023 - 13:34,Заказ,Замена разъема зарядки (MicroUSB/Type-C),1,1274,1274,1170,91.83673469387756,Петров Роман,Выдан
02.08.2023 - 16:25,Заказ,Чистка системы охлаждения с заменой термопасты,1,1359,1359,1257,92.49448123620309,Петров Роман,Выдан
02.08.2023 - 16:51,Заказ,16GB USB 2.0 Flash Drive SmartBuy,1,458,458,261,56.98689956331878,Сидоров Алексей,Выдан
02.08.2023 - 18:59,Заказ,Чехол силиконовый прозрачный,1,310,310,249,80.3225806451613,Петров Роман,Выдан
02.08.2023 - 19:02,Заказ,Защитное стекло 3D для iPhone 11/XR,1,452,452,404,89.38053097345133,Иванов Сергей,Выдан
02.08.2023 - 19:14,Заказ,Дисплей iPhone 11 (Копия AAA),1,2630,2630,1276,48.5171102661597,Петров Роман,Выдан
03.08.2023 - 11:10,Заказ,Жесткий диск Seagate BarraCuda 1TB,1,3820,3820,937,24.528795811518325,Сидоров Алексей,Выдан
03.08.2023 - 12:08,Заказ,Наклейка защитного стекла (Услуга),1,194,194,194,100.0,Администратор,Выдан
03.08.2023 - 14:30,Заказ,Восстановление цепи питания,1,4582,4582,4081,89.06591008293321,Сидоров Алексей,Выдан
03.08.2023 - 14:35,Заказ,Прошивка Android/iOS,2,980,1960,1960,100.0,Сидоров Алексей,Выдан
04.08.2023 - 13:01,Продажа,Чехол силиконовый прозрачный,1,313,313,251,80.19169329073482,Петров Роман,
04.08.2023 - 13:34,Заказ,Аккумулятор Samsung Galaxy A51 (EB-BA515),1,1290,1290,715,55.42635658914728,Иванов Сергей,Выдан
04.08.2023 - 13:58,Заказ,Замена разъема зарядки (MicroUSB/Type-C),1,1261,1261,1159,91.91118160190325,Сидоров Алексей,Выдан
04.08.2023 - 16:53,Заказ,Прошивка Android/iOS,1,1096,1096,1096,100.0,Петров Роман,Выдан
04.08.2023 - 18:08,Продажа,SSD накопитель Kingston 240GB,1,2105,2105,620,29.453681710213775,Администратор,
05.08.2023 - 10:09,Продажа,16GB USB 2.0 Flash Drive SmartBuy,1,460,460,254,55.21739130434783,Петров Роман,
05.08.2023 - 12:17,Заказ,Диагностика,1,458,458,458,100.0,Иванов Сергей,Выдан
05.08.2023 - 14:02,Заказ,16GB USB 2.0 Flash Drive SmartBuy,1,470,470,262,55.74468085106383,Петров Роман,Выдан
05.08.2023 - 14:53,Заказ,Прошивка Android/iOS,1,1024,1024,1024,100.0,Иванов Сергей,Выдан
05.08.2023 - 15:31,Продажа,Кабель USB - Lightning (Foxconn),3,582,1746,1281,73.3676975945017,Иванов Сергей,
05.08.2023 - 15:57,Заказ,16GB USB 2.0 Flash Drive SmartBuy,1,423,423,231,54.60992907801418,Петров Роман,Выдан
05.08.2023 - 18:30,Заказ,Аккумулятор Samsung Galaxy A51 (EB-BA515),1,1139,1139,587,51.53643546971027,Администратор,Выдан
05.08.2023 - 19:23,Заказ,Установка Windows 10/11 + Драйвера,1,1094,1094,1094,100.0,Сидоров Алексей,Выдан
05.08.2023 - 19:58,Заказ,Замена разъема зарядки (MicroUSB/Type-C),1,1307,1307,1208,92.42540168324408,Петров Роман,Выдан
06.08.2023 - 11:10,Заказ,Аккумулятор Samsung Galaxy A51 (EB-BA515),1,1176,1176,611,51.955782312925166,Администратор,Выдан
06.08.2023 - 15:26,Заказ,Установка Windows 10/11 + Драйвера,1,1228,1228,1228,100.0,Сидоров Алексей,Выдан
06.08.2023 - 17:11,Заказ,Диагностика,1,490,490,490,100.0,Администратор,Выдан
06.08.2023 - 17:19,Заказ,Наклейка защитного стекла (Услуга),1,185,185,185,100.0,Сидоров Алексей,Выдан
06.08.2023 - 17:37,Заказ,Установка Windows 10/11 + Драйвера,1,1121,1121,1121,100.0,Сидоров Алексей,Выдан
06.08.2023 - 18:22,Заказ,Установка Windows 10/11 + Драйвера,1,1309,1309,1309,100.0,Петров Роман,Выдан
07.08.2023 - 13:46,Продажа,Защитное стекло 3D для iPhone 11/XR,1,473,473,423,89.4291754756871,Сидоров Алексей,
07.08.2023 - 14:06,Продажа,Защитное стекло 3D для iPhone 11/XR,1,486,486,434,89.30041152263375,Петров Роман,
07.08.2023 - 16:23,Заказ,Чехол силиконовый прозрачный,1,300,300,243,81.0,Сидоров Алексей,Выдан
07.08.2023 - 19:03,Заказ,Защитное стекло 3D для iPhone 11/XR,1,527,527,477,90.5123339658444,Иванов Сергей,Выдан
07.08.2023 - 19:13,Заказ,Чистка системы охлаждения с заменой термопасты,1,1599,1599,1497,93.62101313320825,Петров Роман,Выдан
08.08.2023 - 10:03,Заказ,Дисплей iPhone 11 (Копия AAA),1,2272,2272,849,37.36795774647887,Сидоров Алексей,Выдан
08.08.2023 - 11:06,Заказ,Наклейка защитного стекла (Услуга),1,194,194,194,100.0,Петров Роман,Выдан
08.08.2023 - 16:06,Заказ,Дисплей iPhone 11 (Копия AAA),1,2311,2311,848,36.694071830376465,Петров Роман,Выдан
08.08.2023 - 17:17,Продажа,Защитное стекло 3D для iPhone 11/XR,1,455,455,407,89.45054945054946,Сидоров Алексей,
08.08.2023 - 17:29,Продажа,Блок питания Apple 20W (Copy),1,1226,1226,821,66.96574225122349,Администратор,
08.08.2023 - 17:44,Продажа,16GB USB 2.0 Flash Drive SmartBuy,1,446,446,245,54.932735426008975,Иванов Сергей,
08.08.2023 - 19:22,Продажа,16GB USB 2.0 Flash Drive SmartBuy,1,450,450,243,54.0,Иванов Сергей,
09.08.2023 - 10:20,Заказ,Диагностика,1,526,526,526,100.0,Администратор,Выдан
09.08.2023 - 10:51,Заказ,Замена разъема зарядки (MicroUSB/Type-C),1,1190,1190,1091,91.68067226890756,Сидоров Алексей,Выдан
09.08.2023 - 11:41,Заказ,Прошивка Android/iOS,1,1063,1063,1063,100.0,Петров Роман,Выдан
09.08.2023 - 12:26,Заказ,Прошивка Android/iOS,1,915,915,915,100.0,Сидоров Алексей,Выдан
09.08.2023 - 13:38,Заказ,16GB USB 2.0 Flash Drive SmartBuy,1,435,435,227,52.18390804597701,Сидоров Алексей,Выдан
09.08.2023 - 14:16,Заказ,Прошивка Android/iOS,1,1050,1050,1050,100.0,Петров Роман,Выдан
09.08.2023 - 15:40,Продажа,Чехол силиконовый прозрачный,1,291,291,230,79.03780068728523,Петров Роман,
09.08.2023 - 19:48,Заказ,Прошивка Android/iOS,1,1078,1078,1078,100.0,Иванов Сергей,Выдан
10.08.2023 - 14:30,Заказ,Дисплей iPhone 11 (Оригинал переклей),1,4973,4973,1217,24.472149607882564,Петров Роман,Выдан
10.08.2023 - 14:58,Продажа,SSD накопитель Kingston 240GB,1,2408,2408,854,35.46511627906977,Сидоров Алексей,
10.08.2023 - 16:20,Продажа,Кабель USB - Lightning (Foxconn),1,545,545,394,72.29357798165138,Иванов Сергей,
10.08.2023 - 17:39,Заказ,Установка Windows 10/11 + Драйвера,1,1148,1148,1148,100.0,Сидоров Алексей,Выдан
10.08.2023 - 18:52,Заказ,Чехол силиконовый прозрачный,1,292,292,232,79.45205479452055,Иванов Сергей,Выдан
11.08.2023 - 10:34,Заказ,Чистка системы охлаждения с заменой термопасты,1,1589,1589,1490,93.76966645689113,Петров Роман,Выдан
11.08.2023 - 14:02,Заказ,16GB USB 2.0 Flash Drive SmartBuy,1,408,408,210,51.470588235294116,Администратор,Выдан
11.08.2023 - 16:10,Заказ,Наклейка защитного стекла (Услуга),2,203,406,406,100.0,Иванов Сергей,Выдан
11.08.2023 - 16:57,Заказ,Диагностика,1,464,464,464,100.0,Администратор,Выдан
11.08.2023 - 17:35,Продажа,Чехол силиконовый прозрачный,1,270,270,208,77.03703703703704,Петров Роман,
12.08.2023 - 11:00,Заказ,Чехол силиконовый прозрачный,1,313,313,256,81.78913738019169,Иванов Сергей,Выдан
12.08.2023 - 12:42,Заказ,16GB USB 2.0 Flash Drive SmartBuy,1,466,466,276,59.227467811158796,Администратор,Выдан
12.08.2023 - 16:46,Заказ,Чехол силиконовый прозрачный,1,280,280,219,78.21428571428571,Петров Роман,Выдан
12.08.2023 - 17:39,Заказ,Установка Windows 10/11 + Драйвера,1,1164,1164,1164,100.0,Администратор,Выдан
12.08.2023 - 18:23,Продажа,16GB USB 2.0 Flash Drive SmartBuy,1,414,414,223,53.864734299516904,Иванов Сергей,
12.08.2023 - 19:39,Заказ,Чистка системы охлаждения с заменой термопасты,1,1640,1640,1543,94.08536585365853,Иванов Сергей,Выдан
13.08.2023 - 11:42,Продажа,16GB USB 2.0 Flash Drive SmartBuy,1,422,422,214,50.71090047393365,Администратор,
13.08.2023 - 15:39,Продажа,16GB USB 2.0 Flash Drive SmartBuy,1,417,417,212,50.83932853717026,Петров Роман,
13.08.2023 - 17:51,Заказ,"15.6"" WXGA HD LED Глянцевый 40pin (NT156WH)",1,4655,4655,1435,30.82706766917293,Сидоров Алексей,Выдан
13.08.2023 - 18:51,Заказ,Чехол силиконовый прозрачный,1,272,272,211,77.57352941176471,Иванов Сергей,Выдан
13.08.2023 - 19:27,Заказ,Восстановление цепи питания,1,4134,4134,3649,88.26802128688921,Петров Роман,Выдан
14.08.2023 - 13:29,Заказ,Чехол силиконовый прозрачный,1,309,309,250,80.90614886731392,Петров Роман,Выдан
14.08.2023 - 19:38,Заказ,Установка Windows 10/11 + Драйвера,2,1175,2350,2350,100.0,Петров Роман,Выдан
14.08.2023 - 19:49,Заказ,Установка Windows 10/11 + Драйвера,1,1251,1251,1251,100.0,Администратор,Выдан
15.08.2023 - 10:55,Заказ,Прошивка Android/iOS,1,1071,1071,1071,100.0,Петров Роман,Выдан
15.08.2023 - 10:56,Заказ,Блок питания Apple 20W (Copy),1,1096,1096,698,63.68613138686131,Иванов Сергей,Выдан
15.08.2023 - 12:18,Заказ,Прошивка Android/iOS,1,940,940,940,100.0,Сидоров Алексей,Выдан
15.08.2023 - 14:16,Заказ,Чистка системы охлаждения с заменой термопасты,1,1531,1531,1431,93.46832135858915,Администратор,Выдан
15.08.2023 - 15:35,Заказ,Аккумулятор Samsung Galaxy A51 (EB-BA515),2,1114,2228,1116,50.08976660682226,Иванов Сергей,Выдан
15.08.2023 - 17:33,Продажа,Чехол силиконовый прозрачный,1,326,326,266,81.59509202453987,Петров Роман,
15.08.2023 - 18:51,Заказ,Наклейка защитного стекла (Услуга),1,200,200,200,100.0,Администратор,Выдан
15.08.2023 - 19:43,Заказ,Диагностика,2,503,1006,1006,100.0,Иванов Сергей,Выдан
16.08.2023 - 10:17,Заказ,Восстановление цепи питания,1,4535,4535,4043,89.1510474090408,Иванов Сергей,Выдан
16.08.2023 - 10:54,Заказ,Кабель USB - Lightning (Foxconn),1,648,648,494,76.23456790123457,Сидоров Алексей,Выдан
16.08.2023 - 12:37,Заказ,Замена разъема зарядки (MicroUSB/Type-C),1,1226,1226,1125,91.76182707993475,Администратор,Выдан
16.08.2023 - 15:49,Заказ,Чистка системы охлаждения с заменой термопасты,1,1429,1429,1330,93.07207837648706,Иванов Сергей,Выдан
16.08.2023 - 16:22,Заказ,Наклейка защитного стекла (Услуга),1,206,206,206,100.0,Петров Роман,Выдан
16.08.2023 - 17:16,Заказ,Замена разъема зарядки (MicroUSB/Type-C),1,1300,1300,1204,92.61538461538461,Петров Роман,Выдан
17.08.2023 - 14:21,Заказ,Чистка системы охлаждения с заменой термопасты,1,1575,1575,1478,93.84126984126983,Администратор,Выдан
17.08.2023 - 16:31,Заказ,Дисплей iPhone 11 (Копия AAA),1,2496,2496,1074,43.02884615384615,Иванов Сергей,Выдан
17.08.2023 - 17:23,Заказ,Дисплей iPhone 11 (Копия AAA),1,2393,2393,1058,44.21228583368157,Администратор,Выдан
17.08.2023 - 17:25,Заказ,Защитное стекло 3D для iPhone 11/XR,1,507,507,459,90.53254437869822,Сидоров Алексей,Выдан
17.08.2023 - 17:53,Заказ,Кабель USB - Lightning (Foxconn),1,582,582,439,75.4295532646048,Иванов Сергей,Выдан
17.08.2023 - 18:29,Заказ,Наклейка защитного стекла (Услуга),1,181,181,181,100.0,Администратор,Выдан
17.08.2023 - 18:34,Заказ,Прошивка Android/iOS,1,998,998,998,100.0,Сидоров Алексей,Выдан
18.08.2023 - 10:17,Заказ,Замена разъема зарядки (MicroUSB/Type-C),1,1249,1249,1149,91.99359487590073,Петров Роман,Выдан
18.08.2023 - 10:39,Продажа,Защитное стекло 3D для iPhone 11/XR,1,463,463,412,88.98488120950324,Петров Роман,
18.08.2023 - 14:45,Заказ,Восстановление цепи питания,1,4788,4788,4312,90.05847953216374,Иванов Сергей,Выдан
18.08.2023 - 17:04,Заказ,Защитное стекло 3D для iPhone 11/XR,2,532,1064,970,91.16541353383458,Сидоров Алексей,Выдан
18.08.2023 - 17:07,Заказ,Наклейка защитного стекла (Услуга),1,208,208,208,100.0,Сидоров Алексей,Выдан
19.08.2023 - 11:39,Заказ,Дисплей iPhone 11 (Копия AAA),1,2721,2721,1313,48.25431826534362,Сидоров Алексей,Выдан
19.08.2023 - 11:50,Заказ,Дисплей iPhone 11 (Оригинал переклей),1,5504,5504,1845,33.52107558139535,Администратор,Выдан
19.08.2023 - 12:01,Заказ,Установка Windows 10/11 + Драйвера,1,1088,1088,1088,100.0,Администратор,Выдан
19.08.2023 - 16:47,Заказ,Диагностика,1,504,504,504,100.0,Сидоров Алексей,Выдан
20.08.2023 - 11:57,Заказ,Установка Windows 10/11 + Драйвера,1,1304,1304,1304,100.0,Сидоров Алексей,Выдан
20.08.2023 - 14:37,Заказ,Чистка системы охлаждения с заменой термопасты,1,1442,1442,1345,93.2732316227462,Петров Роман,Выдан
20.08.2023 - 19:48,Заказ,Установка Windows 10/11 + Драйвера,1,1234,1234,1234,100.0,Иванов Сергей,Выдан
20.08.2023 - 19:52,Заказ,Восстановление цепи питания,1,4404,4404,3922,89.05540417801998,Петров Роман,Выдан
21.08.2023 - 12:23,Продажа,Защитное стекло 3D для iPhone 11/XR,1,452,452,404,89.38053097345133,Иванов Сергей,
21.08.2023 - 15:56,Заказ,Прошивка Android/iOS,1,1034,1034,1034,100.0,Администратор,Выдан
21.08.2023 - 17:21,Заказ,Замена разъема зарядки (MicroUSB/Type-C),1,1118,1118,1021,91.32379248658319,Иванов Сергей,Выдан
21.08.2023 - 18:52,Заказ,Диагностика,2,467,934,934,100.0,Администратор,Выдан
21.08.2023 - 19:44,Заказ,Чистка системы охлаждения с заменой термопасты,1,1409,1409,1314,93.25762952448545,Администратор,Выдан
22.08.2023 - 12:35,Заказ,Наклейка защитного стекла (Услуга),2,195,390,390,100.0,Иванов Сергей,Выдан
22.08.2023 - 13:36,Заказ,Диагностика,1,540,540,540,100.0,Петров Роман,Выдан
23.08.2023 - 10:24,Заказ,Установка Windows 10/11 + Драйвера,1,1263,1263,1263,100.0,Сидоров Алексей,Выдан
23.08.2023 - 10:25,Заказ,Чистка системы охлаждения с заменой термопасты,2,1383,2766,2560,92.5524222704266,Администратор,Выдан
24.08.2023 - 10:46,Заказ,Аккумулятор Samsung Galaxy A51 (EB-BA515),1,1081,1081,509,47.08603145235893,Администратор,Выдан
24.08.2023 - 13:31,Заказ,Наклейка защитного стекла (Услуга),1,217,217,217,100.0,Администратор,Выдан
24.08.2023 - 14:18,Заказ,Восстановление цепи питания,1,4775,4775,4290,89.84293193717278,Сидоров Алексей,Выдан
24.08.2023 - 16:20,Заказ,Кабель USB - Lightning (Foxconn),1,585,585,435,74.35897435897436,Петров Роман,Выдан
24.08.2023 - 18:18,Заказ,Жесткий диск Seagate BarraCuda 1TB,1,3531,3531,640,18.125177003681678,Иванов Сергей,Выдан
25.08.2023 - 10:55,Заказ,Чистка системы охлаждения с заменой термопасты,1,1474,1474,1377,93.41926729986432,Сидоров Алексей,Выдан
25.08.2023 - 12:10,Заказ,Чистка системы охлаждения с заменой термопасты,1,1639,1639,1535,93.65466748017084,Иванов Сергей,Выдан
25.08.2023 - 12:46,Заказ,Замена разъема зарядки (MicroUSB/Type-C),1,1187,1187,1090,91.82813816343723,Сидоров Алексей,Выдан
25.08.2023 - 14:27,Заказ,Диагностика,2,518,1036,1036,100.0,Петров Роман,Выдан
25.08.2023 - 14:38,Продажа,Защитное стекло 3D для iPhone 11/XR,1,514,514,466,90.6614785992218,Иванов Сергей,
25.08.2023 - 14:55,Продажа,Кабель USB - Lightning (Foxconn),1,643,643,490,76.20528771384136,Иванов Сергей,
25.08.2023 - 16:07,Заказ,Дисплей iPhone 11 (Оригинал переклей),1,5810,5810,1981,34.096385542168676,Сидоров Алексей,Выдан
25.08.2023 - 17:25,Продажа,Защитное стекло 3D для iPhone 11/XR,1,473,473,424,89.64059196617336,Петров Роман,
25.08.2023 - 17:40,Заказ,Кабель USB - Lightning (Foxconn),1,640,640,486,75.9375,Петров Роман,Выдан
25.08.2023 - 19:39,Заказ,Наклейка защитного стекла (Услуга),1,199,199,199,100.0,Сидоров Алексей,Выдан
26.08.2023 - 11:53,Заказ,Чистка системы охлаждения с заменой термопасты,1,1543,1543,1440,93.3246921581335,Администратор,Выдан
26.08.2023 - 12:39,Заказ,SSD накопитель Kingston 240GB,2,2131,4262,1388,32.5668700140779,Иванов Сергей,Выдан
26.08.2023 - 15:04,Заказ,Чистка системы охлаждения с заменой термопасты,1,1407,1407,1304,92.67945984363894,Петров Роман,Выдан
26.08.2023 - 15:46,Заказ,Диагностика,1,519,519,519,100.0,Сидоров Алексей,Выдан
26.08.2023 - 17:08,Заказ,Кабель USB - Lightning (Foxconn),1,652,652,500,76.68711656441718,Сидоров Алексей,Выдан
27.08.2023 - 10:04,Заказ,Диагностика,1,487,487,487,100.0,Петров Роман,Выдан
27.08.2023 - 10:38,Заказ,Чистка системы охлаждения с заменой термопасты,1,1460,1460,1361,93.21917808219177,Сидоров Алексей,Выдан
27.08.2023 - 15:44,Продажа,Защитное стекло 3D для iPhone 11/XR,1,529,529,480,90.73724007561437,Администратор,
27.08.2023 - 17:59,Заказ,Замена разъема зарядки (MicroUSB/Type-C),1,1109,1109,1010,91.07303877366996,Петров Роман,Выдан
28.08.2023 - 10:53,Продажа,Защитное стекло 3D для iPhone 11/XR,1,502,502,454,90.43824701195219,Иванов Сергей,
28.08.2023 - 12:45,Продажа,Кабель USB - Lightning (Foxconn),1,588,588,436,74.14965986394559,Иванов Сергей,
28.08.2023 - 13:05,Заказ,Кабель USB - Lightning (Foxconn),2,612,1224,916,74.83660130718954,Иванов Сергей,Выдан
28.08.2023 - 16:03,Заказ,Замена разъема зарядки (MicroUSB/Type-C),1,1284,1284,1188,92.5233644859813,Петров Роман,Выдан
29.08.2023 - 11:09,Продажа,Защитное стекло 3D для iPhone 11/XR,1,483,483,434,89.85507246376811,Администратор,
29.08.2023 - 12:49,Заказ,Наклейка защитного стекла (Услуга),1,216,216,216,100.0,Администратор,Выдан
29.08.2023 - 12:57,Заказ,Защитное стекло 3D для iPhone 11/XR,1,450,450,400,88.88888888888889,Администратор,Выдан
29.08.2023 - 15:52,Заказ,Замена разъема зарядки (MicroUSB/Type-C),1,1293,1293,1189,91.95668986852282,Сидоров Алексей,Выдан
29.08.2023 - 16:24,Заказ,Чехол силиконовый прозрачный,1,307,307,250,81.43322475570032,Иванов Сергей,Выдан
29.08.2023 - 18:07,Заказ,Диагностика,1,494,494,494,100.0,Иванов Сергей,Выдан
29.08.2023 - 18:19,Продажа,Защитное стекло 3D для iPhone 11/XR,1,491,491,440,89.61303462321793,Петров Роман,
29.08.2023 - 18:23,Продажа,Жесткий диск Seagate BarraCuda 1TB,1,4080,4080,1073,26.29901960784314,Администратор,
30.08.2023 - 13:07,Продажа,Защитное стекло 3D для iPhone 11/XR,1,491,491,439,89.40936863543789,Администратор,
30.08.2023 - 13:11,Заказ,Восстановление цепи питания,1,4559,4559,4044,88.70366308400965,Иванов Сергей,Выдан
30.08.2023 - 14:24,Заказ,Чехол силиконовый прозрачный,1,294,294,237,80.61224489795919,Иванов Сергей,Выдан
30.08.2023 - 16:35,Заказ,Наклейка защитного стекла (Услуга),1,188,188,188,100.0,Сидоров Алексей,Выдан
31.08.2023 - 10:25,Заказ,Замена разъема зарядки (MicroUSB/Type-C),1,1113,1113,1009,90.65588499550763,Администратор,Выдан
31.08.2023 - 10:45,Заказ,Аккумулятор Samsung Galaxy A51 (EB-BA515),1,1203,1203,628,52.20282626766417,Иванов Сергей,Выдан
31.08.2023 - 10:50,Заказ,Диагностика,1,459,459,459,100.0,Иванов Сергей,Выдан
31.08.2023 - 11:51,Заказ,Чистка системы охлаждения с заменой термопасты,1,1482,1482,1385,93.45479082321188,Петров Роман,Выдан
31.08.2023 - 13:03,Заказ,Восстановление цепи питания,1,4761,4761,4280,89.8970804452846,Иванов Сергей,Выдан
31.08.2023 - 13:43,Заказ,Замена разъема зарядки (MicroUSB/Type-C),1,1116,1116,1020,91.39784946236558,Администратор,Выдан
31.08.2023 - 14:16,Заказ,Замена разъема зарядки (MicroUSB/Type-C),1,1126,1126,1027,91.20781527531084,Сидоров Алексей,Выдан
31.08.2023 - 16:11,Заказ,Защитное стекло 3D для iPhone 11/XR,1,462,462,412,89.17748917748918,Петров Роман,Выдан
31.08.2023 - 16:27,Заказ,"15.6"" WXGA HD LED Глянцевый 40pin (NT156WH)",1,4056,4056,725,17.87475345167653,Сидоров Алексей,Выдан
31.08.2023 - 18:43,Заказ,Чехол силиконовый прозрачный,1,326,326,265,81.28834355828221,Сидоров Алексей,Выдан
31.08.2023 - 19:43,Заказ,Диагностика,1,549,549,549,100.0,Сидоров Алексей,Выдан
01.09.2023 - 10:02,Заказ,Установка Windows 10/11 + Драйвера,2,1284,2568,2568,100.0,Сидоров Алексей,Выдан
01.09.2023 - 10:35,Продажа,Защитное стекло 3D для iPhone 11/XR,1,525,525,478,91.04761904761904,Сидоров Алексей,
01.09.2023 - 13:51,Заказ,Блок питания Apple 20W (Copy),1,1218,1218,838,68.80131362889983,Администратор,Выдан
01.09.2023 - 16:40,Заказ,Чехол силиконовый прозрачный,1,309,309,247,79.93527508090615,Администратор,Выдан
01.09.2023 - 17:44,Продажа,Чехол силиконовый прозрачный,1,289,289,227,78.54671280276817,Иванов Сергей,
01.09.2023 - 19:21,Заказ,Наклейка защитного стекла (Услуга),1,197,197,197,100.0,Сидоров Алексей,Выдан
02.09.2023 - 11:42,Заказ,Аккумулятор Samsung Galaxy A51 (EB-BA515),1,1093,1093,556,50.86916742909423,Петров Роман,Выдан
02.09.2023 - 15:00,Продажа,Блок питания Apple 20W (Copy),1,1082,1082,697,64.41774491682071,Петров Роман,
02.09.2023 - 15:57,Заказ,Диагностика,1,466,466,466,100.0,Сидоров Алексей,Выдан
02.09.2023 - 19:39,Заказ,"15.6"" WXGA HD LED Глянцевый 40pin (NT156WH)",1,4084,4084,797,19.515181194906955,Петров Роман,Выдан
03.09.2023 - 17:18,Заказ,Дисплей iPhone 11 (Оригинал переклей),1,5307,5307,1529,28.811004333898627,Сидоров Алексей,Выдан
03.09.2023 - 17:46,Заказ,16GB USB 2.0 Flash Drive SmartBuy,2,456,912,510,55.92105263157895,Петров Роман,Выдан
03.09.2023 - 17:59,Заказ,Диагностика,1,453,453,453,100.0,Сидоров Алексей,Выдан
04.09.2023 - 11:44,Заказ,Установка Windows 10/11 + Драйвера,1,1246,1246,1246,100.0,Петров Роман,Выдан
04.09.2023 - 14:59,Заказ,Восстановление цепи питания,1,4132,4132,3655,88.45595353339787,Сидоров Алексей,Выдан
04.09.2023 - 15:27,Заказ,Установка Windows 10/11 + Драйвера,2,1203,2406,2406,100.0,Сидоров Алексей,Выдан
04.09.2023 - 15:32,Заказ,Аккумулятор Samsung Galaxy A51 (EB-BA515),1,1087,1087,532,48.942042318307266,Сидоров Алексей,Выдан
04.09.2023 - 16:23,Заказ,SSD накопитель Kingston 240GB,1,2343,2343,771,32.90653008962868,Администратор,Выдан
04.09.2023 - 18:08,Заказ,Наклейка защитного стекла (Услуга),1,218,218,218,100.0,Администратор,Выдан
04.09.2023 - 18:43,Продажа,Жесткий диск Seagate BarraCuda 1TB,2,3602,7204,1316,18.267629094947253,Администратор,
05.09.2023 - 10:19,Заказ,Замена разъема зарядки (MicroUSB/Type-C),1,1275,1275,1177,92.31372549019608,Администратор,Выдан
05.09.2023 - 11:43,Заказ,Чехол силиконовый прозрачный,1,320,320,262,81.875,Администратор,Выдан
05.09.2023 - 12:01,Заказ,Диагностика,1,519,519,519,100.0,Петров Роман,Выдан
05.09.2023 - 15:21,Заказ,Диагностика,1,493,493,493,100.0,Сидоров Алексей,Выдан
05.09.2023 - 16:18,Заказ,Защитное стекло 3D для iPhone 11/XR,1,484,484,434,89.6694214876033,Петров Роман,Выдан
05.09.2023 - 17:08,Заказ,Аккумулятор Samsung Galaxy A51 (EB-BA515),1,1128,1128,594,52.659574468085104,Петров Роман,Выдан
05.09.2023 - 17:54,Заказ,Замена разъема зарядки (MicroUSB/Type-C),2,1238,2476,2274,91.84168012924071,Иванов Сергей,Выдан
05.09.2023 - 19:31,Заказ,Чистка системы охлаждения с заменой термопасты,2,1601,3202,2998,93.62898188632104,Администратор,Выдан
05.09.2023 - 19:39,Заказ,Восстановление цепи питания,1,4847,4847,4337,89.47802764596658,Администратор,Выдан
05.09.2023 - 19:57,Заказ,Прошивка Android/iOS,1,1096,1096,1096,100.0,Администратор,Выдан
06.09.2023 - 13:32,Заказ,Дисплей iPhone 11 (Оригинал переклей),1,5089,5089,1249,24.54313224602083,Иванов Сергей,Выдан
06.09.2023 - 15:35,Заказ,Защитное стекло 3D для iPhone 11/XR,1,532,532,483,90.78947368421053,Сидоров Алексей,Выдан
06.09.2023 - 17:34,Заказ,Установка Windows 10/11 + Драйвера,1,1163,1163,1163,100.0,Иванов Сергей,Выдан
06.09.2023 - 18:33,Заказ,Установка Windows 10/11 + Драйвера,2,1301,2602,2602,100.0,Петров Роман,Выдан
06.09.2023 - 19:52,Продажа,Чехол силиконовый прозрачный,1,289,289,229,79.23875432525952,Сидоров Алексей,
07.09.2023 - 11:57,Заказ,Чистка системы охлаждения с заменой термопасты,1,1544,1544,1447,93.71761658031087,Администратор,Выдан
07.09.2023 - 13:04,Заказ,SSD накопитель Kingston 240GB,1,2405,2405,935,38.87733887733888,Петров Роман,Выдан
07.09.2023 - 13:54,Заказ,Защитное стекло 3D для iPhone 11/XR,1,512,512,465,90.8203125,Иванов Сергей,Выдан
07.09.2023 - 19:45,Заказ,Блок питания Apple 20W (Copy),2,1132,2264,1492,65.90106007067138,Администратор,Выдан
08.09.2023 - 12:42,Заказ,"15.6"" WXGA HD LED Глянцевый 40pin (NT156WH)",1,4235,4235,910,21.487603305785125,Администратор,Выдан
08.09.2023 - 13:04,Заказ,Восстановление цепи питания,1,4315,4315,3811,88.31981460023175,Иванов Сергей,Выдан
08.09.2023 - 14:12,Продажа,Защитное стекло 3D для iPhone 11/XR,1,531,531,483,90.96045197740112,Администратор,
08.09.2023 - 14:38,Заказ,Чистка системы охлаждения с заменой термопасты,1,1570,1570,1474,93.88535031847134,Администратор,Выдан
08.09.2023 - 16:45,Заказ,Восстановление цепи питания,1,4133,4133,3645,88.19259617711106,Иванов Сергей,Выдан
08.09.2023 - 17:32,Заказ,Дисплей iPhone 11 (Копия AAA),1,2421,2421,1002,41.38785625774473,Сидоров Алексей,Выдан
08.09.2023 - 18:04,Заказ,"15.6"" WXGA HD LED Глянцевый 40pin (NT156WH)",1,4898,4898,1850,37.77051857901184,Администратор,Выдан
08.09.2023 - 19:52,Заказ,Наклейка защитного стекла (Услуга),1,185,185,185,100.0,Иванов Сергей,Выдан
09.09.2023 - 13:45,Заказ,Наклейка защитного стекла (Услуга),1,197,197,197,100.0,Сидоров Алексей,Выдан
09.09.2023 - 14:53,Заказ,Диагностика,1,527,527,527,100.0,Иванов Сергей,Выдан
09.09.2023 - 17:06,Заказ,Прошивка Android/iOS,1,908,908,908,100.0,Администратор,Выдан
09.09.2023 - 17:10,Заказ,Защитное стекло 3D для iPhone 11/XR,1,450,450,399,88.66666666666667,Сидоров Алексей,Выдан
09.09.2023 - 18:37,Продажа,Чехол силиконовый прозрачный,1,304,304,243,79.93421052631578,Сидоров Алексей,
09.09.2023 - 18:37,Заказ,Замена разъема зарядки (MicroUSB/Type-C),1,1215,1215,1112,91.52263374485597,Петров Роман,Выдан
10.09.2023 - 18:25,Заказ,"15.6"" WXGA HD LED Глянцевый 40pin (NT156WH)",1,4437,4437,1084,24.43092179400496,Сидоров Алексей,Выдан
12.09.2023 - 10:28,Заказ,Установка Windows 10/11 + Драйвера,1,1099,1099,1099,100.0,Петров Роман,Выдан
12.09.2023 - 11:51,Заказ,Защитное стекло 3D для iPhone 11/XR,1,507,507,456,89.94082840236686,Администратор,Выдан
12.09.2023 - 12:34,Заказ,Дисплей iPhone 11 (Копия AAA),1,2364,2364,1026,43.401015228426395,Администратор,Выдан
13.09.2023 - 10:11,Заказ,Жесткий диск Seagate BarraCuda 1TB,1,3935,3935,976,24.80304955527319,Петров Роман,Выдан
13.09.2023 - 10:43,Заказ,Чистка системы охлаждения с заменой термопасты,1,1637,1637,1541,94.13561392791692,Петров Роман,Выдан
13.09.2023 - 12:20,Заказ,Блок питания Apple 20W (Copy),1,1253,1253,866,69.11412609736632,Иванов Сергей,Выдан
13.09.2023 - 13:27,Заказ,Чехол силиконовый прозрачный,2,309,618,504,81.55339805825243,Сидоров Алексей,Выдан
13.09.2023 - 13:41,Заказ,Чехол силиконовый прозрачный,1,300,300,241,80.33333333333333,Петров Роман,Выдан
13.09.2023 - 14:38,Продажа,Защитное стекло 3D для iPhone 11/XR,1,465,465,414,89.03225806451613,Сидоров Алексей,
13.09.2023 - 16:43,Продажа,16GB USB 2.0 Flash Drive SmartBuy,2,491,982,572,58.248472505091655,Администратор,
13.09.2023 - 17:31,Заказ,"15.6"" WXGA HD LED Глянцевый 40pin (NT156WH)",1,4259,4259,1192,27.987790561164594,Петров Роман,Выдан
13.09.2023 - 17:31,Заказ,Прошивка Android/iOS,2,917,1834,1834,100.0,Иванов Сергей,Выдан
13.09.2023 - 19:25,Заказ,Чехол силиконовый прозрачный,1,317,317,255,80.4416403785489,Сидоров Алексей,Выдан
14.09.2023 - 11:05,Заказ,Чистка системы охлаждения с заменой термопасты,1,1381,1381,1285,93.04851556842868,Петров Роман,Выдан
14.09.2023 - 14:10,Заказ,Наклейка защитного стекла (Услуга),1,196,196,196,100.0,Администратор,Выдан
14.09.2023 - 18:47,Заказ,"15.6"" WXGA HD LED Глянцевый 40pin (NT156WH)",1,4786,4786,1489,31.11157542833264,Администратор,Выдан
14.09.2023 - 19:55,Заказ,Диагностика,1,505,505,505,100.0,Петров Роман,Выдан
15.09.2023 - 12:06,Заказ,Блок питания Apple 20W (Copy),1,1237,1237,823,66.53193209377525,Петров Роман,Выдан
15.09.2023 - 15:10,Заказ,Восстановление цепи питания,1,4441,4441,3918,88.22337311416348,Иванов Сергей,Выдан
15.09.2023 - 16:51,Заказ,Замена разъема зарядки (MicroUSB/Type-C),1,1147,1147,1043,90.9328683522232,Администратор,Выдан
15.09.2023 - 17:45,Заказ,Установка Windows 10/11 + Драйвера,1,1170,1170,1170,100.0,Сидоров Алексей,Выдан
15.09.2023 - 17:57,Заказ,Наклейка защитного стекла (Услуга),1,187,187,187,100.0,Петров Роман,Выдан
15.09.2023 - 19:05,Заказ,Наклейка защитного стекла (Услуга),1,199,199,199,100.0,Иванов Сергей,Выдан
16.09.2023 - 11:08,Заказ,Наклейка защитного стекла (Услуга),1,197,197,197,100.0,Сидоров Алексей,Выдан
16.09.2023 - 13:29,Заказ,Прошивка Android/iOS,1,1015,1015,1015,100.0,Администратор,Выдан
16.09.2023 - 13:49,Продажа,Чехол силиконовый прозрачный,1,288,288,230,79.86111111111111,Иванов Сергей,
16.09.2023 - 15:07,Заказ,Восстановление цепи питания,1,4169,4169,3680,88.27056848165029,Сидоров Алексей,Выдан
16.09.2023 - 16:23,Продажа,Защитное стекло 3D для iPhone 11/XR,1,526,526,477,90.68441064638783,Петров Роман,
16.09.2023 - 17:54,Заказ,Аккумулятор Samsung Galaxy A51 (EB-BA515),1,1233,1233,667,54.09570154095702,Сидоров Алексей,Выдан
16.09.2023 - 18:00,Заказ,Прошивка Android/iOS,1,911,911,911,100.0,Администратор,Выдан
17.09.2023 - 10:31,Заказ,Защитное стекло 3D для iPhone 11/XR,1,513,513,464,90.44834307992203,Петров Роман,Выдан
17.09.2023 - 10:52,Заказ,16GB USB 2.0 Flash Drive SmartBuy,1,435,435,236,54.252873563218394,Иванов Сергей,Выдан
17.09.2023 - 12:13,Заказ,Диагностика,1,522,522,522,100.0,Администратор,Выдан
17.09.2023 - 13:05,Заказ,Замена разъема зарядки (MicroUSB/Type-C),1,1306,1306,1206,92.34303215926492,Петров Роман,Выдан
17.09.2023 - 14:40,Заказ,Восстановление цепи питания,1,4241,4241,3748,88.37538316434804,Администратор,Выдан
17.09.2023 - 14:57,Заказ,Чистка системы охлаждения с заменой термопасты,1,1527,1527,1432,93.77865094957433,Сидоров Алексей,Выдан
17.09.2023 - 15:27,Заказ,Кабель USB - Lightning (Foxconn),1,606,606,449,74.0924092409241,Сидоров Алексей,Выдан
17.09.2023 - 18:48,Продажа,16GB USB 2.0 Flash Drive SmartBuy,1,464,464,260,56.03448275862068,Иванов Сергей,
18.09.2023 - 11:25,Заказ,Прошивка Android/iOS,1,1042,1042,1042,100.0,Сидоров Алексей,Выдан
18.09.2023 - 11:57,Заказ,Чистка системы охлаждения с заменой термопасты,1,1525,1525,1422,93.24590163934427,Администратор,Выдан
18.09.2023 - 12:07,Продажа,Защитное стекло 3D для iPhone 11/XR,1,540,540,492,91.11111111111111,Администратор,
18.09.2023 - 15:16,Заказ,Дисплей iPhone 11 (Копия AAA),1,2489,2489,1075,43.190036159100046,Сидоров Алексей,Выдан
18.09.2023 - 17:25,Заказ,Замена разъема зарядки (MicroUSB/Type-C),1,1136,1136,1035,91.10915492957746,Администратор,Выдан
19.09.2023 - 10:43,Заказ,Аккумулятор Samsung Galaxy A51 (EB-BA515),1,1265,1265,720,56.916996047430835,Иванов Сергей,Выдан
19.09.2023 - 12:06,Заказ,Защитное стекло 3D для iPhone 11/XR,1,457,457,406,88.8402625820569,Сидоров Алексей,Выдан
19.09.2023 - 13:13,Заказ,Чехол силиконовый прозрачный,1,274,274,215,78.46715328467153,Петров Роман,Выдан
19.09.2023 - 14:54,Продажа,Чехол силиконовый прозрачный,1,319,319,257,80.56426332288402,Иванов Сергей,
19.09.2023 - 16:56,Заказ,Наклейка защитного стекла (Услуга),2,213,426,426,100.0,Петров Роман,Выдан
19.09.2023 - 17:29,Заказ,Наклейка защитного стекла (Услуга),1,181,181,181,100.0,Сидоров Алексей,Выдан
20.09.2023 - 14:15,Заказ,Кабель USB - Lightning (Foxconn),1,604,604,449,74.33774834437085,Иванов Сергей,Выдан
20.09.2023 - 16:08,Заказ,Наклейка защитного стекла (Услуга),1,190,190,190,100.0,Сидоров Алексей,Выдан
20.09.2023 - 16:17,Заказ,Диагностика,1,520,520,520,100.0,Сидоров Алексей,Выдан
20.09.2023 - 16:43,Заказ,Установка Windows 10/11 + Драйвера,1,1116,1116,1116,100.0,Петров Роман,Выдан
20.09.2023 - 19:40,Заказ,Дисплей iPhone 11 (Оригинал переклей),1,5376,5376,1759,32.719494047619044,Сидоров Алексей,Выдан
21.09.2023 - 12:03,Заказ,"15.6"" WXGA HD LED Глянцевый 40pin (NT156WH)",2,4411,8822,2574,29.177057356608476,Петров Роман,Выдан
21.09.2023 - 12:20,Заказ,Наклейка защитного стекла (Услуга),2,193,386,386,100.0,Петров Роман,Выдан
21.09.2023 - 17:55,Продажа,Чехол силиконовый прозрачный,1,283,283,222,78.4452296819788,Сидоров Алексей,
22.09.2023 - 11:03,Продажа,Чехол силиконовый прозрачный,1,309,309,252,81.55339805825243,Сидоров Алексей,
22.09.2023 - 16:41,Заказ,Чехол силиконовый прозрачный,1,302,302,242,80.13245033112582,Иванов Сергей,Выдан
23.09.2023 - 12:48,Заказ,Дисплей iPhone 11 (Оригинал переклей),1,5621,5621,1704,30.314890588863193,Петров Роман,Выдан
23.09.2023 - 15:29,Заказ,Прошивка Android/iOS,1,920,920,920,100.0,Петров Роман,Выдан
23.09.2023 - 15:56,Продажа,Защитное стекло 3D для iPhone 11/XR,1,464,464,413,89.00862068965517,Сидоров Алексей,
23.09.2023 - 16:30,Заказ,Наклейка защитного стекла (Услуга),2,180,360,360,100.0,Администратор,Выдан
23.09.2023 - 19:21,Заказ,Чистка системы охлаждения с заменой термопасты,1,1463,1463,1362,93.09637730690362,Сидоров Алексей,Выдан
24.09.2023 - 11:25,Заказ,Восстановление цепи питания,1,4134,4134,3637,87.97774552491533,Петров Роман,Выдан
24.09.2023 - 11:29,Заказ,Замена разъема зарядки (MicroUSB/Type-C),1,1105,1105,1001,90.58823529411765,Сидоров Алексей,Выдан
24.09.2023 - 15:31,Заказ,Кабель USB - Lightning (Foxconn),1,572,572,424,74.12587412587412,Иванов Сергей,Выдан
24.09.2023 - 18:22,Продажа,Блок питания Apple 20W (Copy),1,1281,1281,887,69.24277907884465,Петров Роман,
25.09.2023 - 10:13,Заказ,Установка Windows 10/11 + Драйвера,1,1296,1296,1296,100.0,Сидоров Алексей,Выдан
25.09.2023 - 16:06,Продажа,Чехол силиконовый прозрачный,1,300,300,243,81.0,Петров Роман,
25.09.2023 - 16:41,Заказ,Чехол силиконовый прозрачный,1,317,317,256,80.7570977917981,Иванов Сергей,Выдан
25.09.2023 - 16:59,Заказ,Замена разъема зарядки (MicroUSB/Type-C),1,1194,1194,1092,91.4572864321608,Петров Роман,Выдан
26.09.2023 - 13:06,Заказ,Установка Windows 10/11 + Драйвера,1,1210,1210,1210,100.0,Иванов Сергей,Выдан
26.09.2023 - 16:09,Заказ,Установка Windows 10/11 + Драйвера,1,1240,1240,1240,100.0,Сидоров Алексей,Выдан
26.09.2023 - 17:09,Заказ,Чехол силиконовый прозрачный,1,295,295,235,79.66101694915254,Администратор,Выдан
26.09.2023 - 17:13,Заказ,Чистка системы охлаждения с заменой термопасты,1,1510,1510,1407,93.17880794701988,Сидоров Алексей,Выдан
27.09.2023 - 10:23,Заказ,Чистка системы охлаждения с заменой термопасты,1,1390,1390,1287,92.58992805755396,Петров Роман,Выдан
27.09.2023 - 12:46,Продажа,Чехол силиконовый прозрачный,1,313,313,251,80.19169329073482,Сидоров Алексей,
27.09.2023 - 14:59,Заказ,Диагностика,1,518,518,518,100.0,Иванов Сергей,Выдан
27.09.2023 - 17:51,Заказ,Чехол силиконовый прозрачный,1,314,314,256,81.52866242038218,Администратор,Выдан
28.09.2023 - 13:46,Заказ,Установка Windows 10/11 + Драйвера,1,1283,1283,1283,100.0,Иванов Сергей,Выдан
28.09.2023 - 16:58,Заказ,16GB USB 2.0 Flash Drive SmartBuy,1,416,416,226,54.32692307692307,Администратор,Выдан
28.09.2023 - 17:55,Заказ,Защитное стекло 3D для iPhone 11/XR,1,507,507,458,90.3353057199211,Иванов Сергей,Выдан
29.09.2023 - 10:03,Заказ,Защитное стекло 3D для iPhone 11/XR,1,452,452,402,88.93805309734513,Сидоров Алексей,Выдан
29.09.2023 - 11:03,Продажа,16GB USB 2.0 Flash Drive SmartBuy,1,465,465,262,56.344086021505376,Иванов Сергей,
29.09.2023 - 15:21,Продажа,Чехол силиконовый прозрачный,1,284,284,226,79.5774647887324,Сидоров Алексей,
29.09.2023 - 15:42,Продажа,Чехол силиконовый прозрачный,1,281,281,219,77.93594306049823,Иванов Сергей,
29.09.2023 - 18:11,Заказ,Замена разъема зарядки (MicroUSB/Type-C),1,1083,1083,988,91.22807017543859,Администратор,Выдан
30.09.2023 - 12:54,Заказ,Установка Windows 10/11 + Драйвера,1,1301,1301,1301,100.0,Иванов Сергей,Выдан
30.09.2023 - 13:33,Заказ,Диагностика,1,539,539,539,100.0,Петров Роман,Выдан
30.09.2023 - 16:42,Продажа,Чехол силиконовый прозрачный,1,329,329,272,82.67477203647417,Администратор,
30.09.2023 - 18:19,Заказ,Диагностика,1,542,542,542,100.0,Сидоров Алексей,Выдан
30.09.2023 - 18:54,Продажа,SSD накопитель Kingston 240GB,1,2198,2198,725,32.9845313921747,Сидоров Алексей,
01.10.2023 - 10:42,Продажа,Чехол силиконовый прозрачный,1,301,301,242,80.39867109634552,Петров Роман,
01.10.2023 - 11:54,Заказ,Восстановление цепи питания,2,4641,9282,8318,89.6143072613661,Иванов Сергей,Выдан
01.10.2023 - 16:18,Заказ,Кабель USB - Lightning (Foxconn),1,617,617,472,76.49918962722853,Администратор,Выдан
02.10.2023 - 11:27,Заказ,Аккумулятор Samsung Galaxy A51 (EB-BA515),2,1172,2344,1266,54.010238907849825,Петров Роман,Выдан
02.10.2023 - 14:30,Заказ,Кабель USB - Lightning (Foxconn),1,648,648,503,77.62345679012346,Сидоров Алексей,Выдан
02.10.2023 - 15:00,Заказ,Наклейка защитного стекла (Услуга),1,184,184,184,100.0,Администратор,Выдан
02.10.2023 - 15:01,Заказ,Наклейка защитного стекла (Услуга),1,196,196,196,100.0,Иванов Сергей,Выдан
02.10.2023 - 19:17,Заказ,16GB USB 2.0 Flash Drive SmartBuy,1,436,436,235,53.899082568807344,Администратор,Выдан
03.10.2023 - 13:30,Заказ,Замена разъема зарядки (MicroUSB/Type-C),1,1276,1276,1173,91.92789968652038,Иванов Сергей,Выдан
03.10.2023 - 16:49,Заказ,Чистка системы охлаждения с заменой термопасты,1,1407,1407,1310,93.10589907604833,Иванов Сергей,Выдан
03.10.2023 - 17:23,Заказ,Замена разъема зарядки (MicroUSB/Type-C),1,1105,1105,1008,91.22171945701358,Петров Роман,Выдан
03.10.2023 - 18:00,Продажа,Чехол силиконовый прозрачный,2,286,572,452,79.02097902097903,Петров Роман,
03.10.2023 - 18:06,Заказ,"15.6"" WXGA HD LED Глянцевый 40pin (NT156WH)",1,4581,4581,1399,30.539183584370228,Сидоров Алексей,Выдан
04.10.2023 - 12:13,Заказ,Чехол силиконовый прозрачный,1,288,288,228,79.16666666666666,Иванов Сергей,Выдан
04.10.2023 - 12:35,Заказ,Защитное стекло 3D для iPhone 11/XR,1,459,459,409,89.10675381263616,Администратор,Выдан
04.10.2023 - 12:45,Продажа,Чехол силиконовый прозрачный,1,295,295,238,80.67796610169492,Иванов Сергей,
04.10.2023 - 15:23,Заказ,Чистка системы охлаждения с заменой термопасты,1,1555,1555,1454,93.50482315112541,Сидоров Алексей,Выдан
04.10.2023 - 17:56,Заказ,Дисплей iPhone 11 (Копия AAA),2,2621,5242,2492,47.53910721098818,Сидоров Алексей,Выдан
04.10.2023 - 19:35,Продажа,Кабель USB - Lightning (Foxconn),1,655,655,505,77.09923664122137,Сидоров Алексей,
05.10.2023 - 11:09,Заказ,Аккумулятор Samsung Galaxy A51 (EB-BA515),1,1185,1185,609,51.392405063291136,Администратор,Выдан
05.10.2023 - 12:40,Заказ,Чехол силиконовый прозрачный,1,286,286,224,78.32167832167832,Администратор,Выдан
05.10.2023 - 13:25,Заказ,Диагностика,1,541,541,541,100.0,Иванов Сергей,Выдан
05.10.2023 - 14:27,Заказ,Чистка системы охлаждения с заменой термопасты,1,1386,1386,1290,93.07359307359307,Сидоров Алексей,Выдан
05.10.2023 - 17:07,Заказ,Установка Windows 10/11 + Драйвера,1,1140,1140,1140,100.0,Сидоров Алексей,Выдан
05.10.2023 - 18:01,Продажа,16GB USB 2.0 Flash Drive SmartBuy,1,443,443,247,55.75620767494357,Петров Роман,
06.10.2023 - 12:42,Продажа,Кабель USB - Lightning (Foxconn),1,636,636,488,76.72955974842768,Сидоров Алексей,
06.10.2023 - 15:01,Заказ,Кабель USB - Lightning (Foxconn),1,656,656,505,76.98170731707317,Иванов Сергей,Выдан
06.10.2023 - 15:02,Заказ,Чехол силиконовый прозрачный,1,290,290,228,78.62068965517241,Петров Роман,Выдан
06.10.2023 - 16:08,Заказ,Наклейка защитного стекла (Услуга),1,202,202,202,100.0,Петров Роман,Выдан
07.10.2023 - 12:28,Заказ,Защитное стекло 3D для iPhone 11/XR,1,476,476,428,89.91596638655463,Иванов Сергей,Выдан
07.10.2023 - 18:16,Продажа,Чехол силиконовый прозрачный,1,298,298,241,80.87248322147651,Сидоров Алексей,
08.10.2023 - 11:51,Заказ,Замена разъема зарядки (MicroUSB/Type-C),1,1295,1295,1194,92.20077220077219,Администратор,Выдан
08.10.2023 - 12:06,Продажа,Кабель USB - Lightning (Foxconn),1,575,575,419,72.86956521739131,Администратор,
08.10.2023 - 14:57,Заказ,Аккумулятор Samsung Galaxy A51 (EB-BA515),1,1315,1315,791,60.15209125475285,Администратор,Выдан
08.10.2023 - 15:35,Заказ,Чистка системы охлаждения с заменой термопасты,1,1500,1500,1403,93.53333333333333,Администратор,Выдан
09.10.2023 - 12:01,Заказ,Чистка системы охлаждения с заменой термопасты,1,1576,1576,1476,93.65482233502537,Сидоров Алексей,Выдан
09.10.2023 - 12:06,Заказ,Наклейка защитного стекла (Услуга),1,181,181,181,100.0,Петров Роман,Выдан
09.10.2023 - 12:58,Заказ,Кабель USB - Lightning (Foxconn),1,650,650,497,76.46153846153845,Петров Роман,Выдан
10.10.2023 - 14:29,Продажа,Чехол силиконовый прозрачный,1,307,307,248,80.78175895765473,Сидоров Алексей,
10.10.2023 - 15:25,Заказ,Чехол силиконовый прозрачный,1,280,280,218,77.85714285714286,Администратор,Выдан
10.10.2023 - 16:58,Продажа,Чехол силиконовый прозрачный,1,292,292,234,80.13698630136986,Администратор,
10.10.2023 - 18:40,Продажа,16GB USB 2.0 Flash Drive SmartBuy,1,420,420,225,53.57142857142857,Иванов Сергей,
10.10.2023 - 19:30,Заказ,16GB USB 2.0 Flash Drive SmartBuy,1,428,428,224,52.336448598130836,Сидоров Алексей,Выдан
10.10.2023 - 19:44,Продажа,Кабель USB - Lightning (Foxconn),1,595,595,447,75.12605042016807,Иванов Сергей,
11.10.2023 - 11:27,Заказ,Замена разъема зарядки (MicroUSB/Type-C),1,1169,1169,1070,91.53122326775022,Сидоров Алексей,Выдан
11.10.2023 - 12:13,Продажа,Защитное стекло 3D для iPhone 11/XR,1,458,458,406,88.64628820960698,Сидоров Алексей,
11.10.2023 - 14:49,Продажа,Чехол силиконовый прозрачный,1,319,319,260,81.50470219435736,Иванов Сергей,
11.10.2023 - 15:14,Заказ,Замена разъема зарядки (MicroUSB/Type-C),1,1135,1135,1033,91.01321585903084,Иванов Сергей,Выдан
11.10.2023 - 16:53,Заказ,Установка Windows 10/11 + Драйвера,1,1250,1250,1250,100.0,Администратор,Выдан
11.10.2023 - 17:01,Заказ,16GB USB 2.0 Flash Drive SmartBuy,1,458,458,265,57.86026200873362,Петров Роман,Выдан
11.10.2023 - 17:10,Заказ,Блок питания Apple 20W (Copy),1,1191,1191,783,65.74307304785894,Администратор,Выдан
12.10.2023 - 10:07,Продажа,Чехол силиконовый прозрачный,1,284,284,226,79.5774647887324,Администратор,
12.10.2023 - 10:33,Заказ,Прошивка Android/iOS,1,912,912,912,100.0,Иванов Сергей,Выдан
12.10.2023 - 11:56,Продажа,Чехол силиконовый прозрачный,1,319,319,257,80.56426332288402,Администратор,
12.10.2023 - 12:16,Заказ,Наклейка защитного стекла (Услуга),1,196,196,196,100.0,Администратор,Выдан
12.10.2023 - 15:31,Заказ,Аккумулятор Samsung Galaxy A51 (EB-BA515),2,1253,2506,1418,56.58419792498005,Сидоров Алексей,Выдан
12.10.2023 - 16:04,Продажа,Чехол силиконовый прозрачный,1,282,282,222,78.72340425531915,Иванов Сергей,
12.10.2023 - 18:28,Заказ,Чехол силиконовый прозрачный,1,329,329,267,81.15501519756839,Администратор,Выдан
13.10.2023 - 10:12,Заказ,Замена разъема зарядки (MicroUSB/Type-C),1,1213,1213,1110,91.50865622423743,Сидоров Алексей,Выдан
13.10.2023 - 10:15,Продажа,Кабель USB - Lightning (Foxconn),1,585,585,432,73.84615384615385,Иванов Сергей,
13.10.2023 - 11:16,Продажа,Кабель USB - Lightning (Foxconn),1,588,588,435,73.9795918367347,Администратор,
13.10.2023 - 11:50,Продажа,16GB USB 2.0 Flash Drive SmartBuy,1,432,432,240,55.55555555555556,Администратор,
13.10.2023 - 12:04,Заказ,"15.6"" WXGA HD LED Глянцевый 40pin (NT156WH)",1,4280,4280,999,23.3411214953271,Иванов Сергей,Выдан
13.10.2023 - 12:46,Заказ,Установка Windows 10/11 + Драйвера,1,1151,1151,1151,100.0,Петров Роман,Выдан
13.10.2023 - 15:00,Заказ,Замена разъема зарядки (MicroUSB/Type-C),1,1283,1283,1187,92.51753702260326,Сидоров Алексей,Выдан
13.10.2023 - 15:54,Заказ,Восстановление цепи питания,1,4939,4939,4445,89.99797529864345,Администратор,Выдан
13.10.2023 - 18:00,Продажа,Кабель USB - Lightning (Foxconn),1,640,640,493,77.03125,Петров Роман,
13.10.2023 - 18:58,Заказ,Замена разъема зарядки (MicroUSB/Type-C),1,1296,1296,1196,92.28395061728395,Администратор,Выдан
14.10.2023 - 10:25,Заказ,Наклейка защитного стекла (Услуга),1,218,218,218,100.0,Иванов Сергей,Выдан
14.10.2023 - 11:05,Заказ,Аккумулятор Samsung Galaxy A51 (EB-BA515),2,1311,2622,1498,57.13196033562167,Сидоров Алексей,Выдан
14.10.2023 - 11:09,Продажа,Жесткий диск Seagate BarraCuda 1TB,1,3983,3983,1197,30.052724077328648,Петров Роман,
14.10.2023 - 11:16,Продажа,16GB USB 2.0 Flash Drive SmartBuy,1,485,485,278,57.319587628865975,Сидоров Алексей,
14.10.2023 - 12:07,Заказ,Защитное стекло 3D для iPhone 11/XR,1,484,484,433,89.46280991735537,Администратор,Выдан
14.10.2023 - 13:38,Заказ,Наклейка защитного стекла (Услуга),1,194,194,194,100.0,Петров Роман,Выдан
14.10.2023 - 15:22,Заказ,Чистка системы охлаждения с заменой термопасты,1,1447,1447,1346,93.0200414651002,Администратор,Выдан
14.10.2023 - 17:25,Заказ,Чехол силиконовый прозрачный,1,270,270,212,78.51851851851852,Администратор,Выдан
14.10.2023 - 17:58,Заказ,Прошивка Android/iOS,3,993,2979,2979,100.0,Администратор,Выдан
14.10.2023 - 18:07,Заказ,SSD накопитель Kingston 240GB,2,2135,4270,1302,30.491803278688522,Сидоров Алексей,Выдан
15.10.2023 - 10:43,Заказ,"15.6"" WXGA HD LED Глянцевый 40pin (NT156WH)",1,4626,4626,1354,29.269347168179856,Иванов Сергей,Выдан
15.10.2023 - 14:23,Заказ,Замена разъема зарядки (MicroUSB/Type-C),1,1248,1248,1147,91.90705128205127,Администратор,Выдан
15.10.2023 - 15:33,Заказ,Дисплей iPhone 11 (Копия AAA),1,2343,2343,921,39.30857874519846,Петров Роман,Выдан
15.10.2023 - 18:35,Заказ,Чехол силиконовый прозрачный,1,316,316,255,80.69620253164557,Иванов Сергей,Выдан
15.10.2023 - 19:27,Продажа,Чехол силиконовый прозрачный,1,303,303,244,80.52805280528052,Иванов Сергей,
15.10.2023 - 19:43,Заказ,Защитное стекло 3D для iPhone 11/XR,1,523,523,473,90.43977055449331,Сидоров Алексей,Выдан
15.10.2023 - 19:57,Продажа,Блок питания Apple 20W (Copy),2,1255,2510,1710,68.12749003984064,Администратор,
16.10.2023 - 12:30,Заказ,Кабель USB - Lightning (Foxconn),1,575,575,426,74.08695652173914,Иванов Сергей,Выдан
16.10.2023 - 17:11,Заказ,Защитное стекло 3D для iPhone 11/XR,2,494,988,892,90.2834008097166,Петров Роман,Выдан
16.10.2023 - 17:13,Заказ,Дисплей iPhone 11 (Копия AAA),1,2424,2424,997,41.13036303630363,Иванов Сергей,Выдан
16.10.2023 - 19:21,Заказ,Блок питания Apple 20W (Copy),1,1289,1289,908,70.4422032583398,Петров Роман,Выдан
17.10.2023 - 10:50,Заказ,Наклейка защитного стекла (Услуга),1,218,218,218,100.0,Администратор,Выдан
17.10.2023 - 13:38,Заказ,Защитное стекло 3D для iPhone 11/XR,1,486,486,437,89.91769547325103,Администратор,Выдан
17.10.2023 - 17:29,Заказ,Кабель USB - Lightning (Foxconn),1,541,541,392,72.45841035120148,Петров Роман,Выдан
17.10.2023 - 19:34,Заказ,Защитное стекло 3D для iPhone 11/XR,1,490,490,440,89.79591836734694,Иванов Сергей,Выдан
18.10.2023 - 10:18,Заказ,Чехол силиконовый прозрачный,1,326,326,269,82.51533742331289,Иванов Сергей,Выдан
18.10.2023 - 10:44,Заказ,Защитное стекло 3D для iPhone 11/XR,1,531,531,482,90.77212806026365,Петров Роман,Выдан
18.10.2023 - 15:26,Заказ,Аккумулятор Samsung Galaxy A51 (EB-BA515),1,1319,1319,773,58.605003790750565,Сидоров Алексей,Выдан
19.10.2023 - 10:06,Заказ,Восстановление цепи питания,1,4731,4731,4233,89.47368421052632,Петров Роман,Выдан
19.10.2023 - 15:29,Заказ,SSD накопитель Kingston 240GB,1,2026,2026,454,22.40868706811451,Иванов Сергей,Выдан
20.10.2023 - 11:53,Заказ,Чистка системы охлаждения с заменой термопасты,2,1517,3034,2826,93.1443638760712,Администратор,Выдан
20.10.2023 - 12:44,Заказ,Чистка системы охлаждения с заменой термопасты,1,1393,1393,1290,92.60588657573582,Петров Роман,Выдан
20.10.2023 - 16:45,Продажа,Чехол силиконовый прозрачный,1,320,320,260,81.25,Иванов Сергей,
20.10.2023 - 17:48,Заказ,Дисплей iPhone 11 (Копия AAA),1,2456,2456,1100,44.78827361563518,Иванов Сергей,Выдан
20.10.2023 - 18:34,Продажа,Кабель USB - Lightning (Foxconn),1,575,575,425,73.91304347826086,Сидоров Алексей,
21.10.2023 - 15:36,Заказ,Дисплей iPhone 11 (Копия AAA),1,2268,2268,810,35.714285714285715,Иванов Сергей,Выдан
21.10.2023 - 17:15,Продажа,Кабель USB - Lightning (Foxconn),1,569,569,424,74.51669595782073,Иванов Сергей,
21.10.2023 - 17:19,Заказ,Прошивка Android/iOS,1,978,978,978,100.0,Петров Роман,Выдан
21.10.2023 - 18:31,Заказ,Чистка системы охлаждения с заменой термопасты,1,1461,1461,1363,93.29226557152636,Иванов Сергей,Выдан
22.10.2023 - 10:27,Заказ,Чистка системы охлаждения с заменой термопасты,1,1398,1398,1302,93.13304721030042,Иванов Сергей,Выдан
22.10.2023 - 18:21,Заказ,Установка Windows 10/11 + Драйвера,1,1143,1143,1143,100.0,Администратор,Выдан
22.10.2023 - 18:41,Заказ,Чистка системы охлаждения с заменой термопасты,1,1486,1486,1382,93.0013458950202,Иванов Сергей,Выдан
22.10.2023 - 19:24,Заказ,Кабель USB - Lightning (Foxconn),1,564,564,414,73.40425531914893,Иванов Сергей,Выдан
23.10.2023 - 13:14,Заказ,Диагностика,1,533,533,533,100.0,Сидоров Алексей,Выдан
23.10.2023 - 14:57,Заказ,Диагностика,1,484,484,484,100.0,Администратор,Выдан
23.10.2023 - 15:44,Заказ,Установка Windows 10/11 + Драйвера,2,1286,2572,2572,100.0,Петров Роман,Выдан
23.10.2023 - 16:07,Заказ,Замена разъема зарядки (MicroUSB/Type-C),1,1284,1284,1189,92.601246105919,Петров Роман,Выдан
23.10.2023 - 16:09,Заказ,Установка Windows 10/11 + Драйвера,1,1095,1095,1095,100.0,Сидоров Алексей,Выдан
23.10.2023 - 18:58,Заказ,Чехол силиконовый прозрачный,2,285,570,456,80.0,Петров Роман,Выдан
23.10.2023 - 18:59,Продажа,Чехол силиконовый прозрачный,1,329,329,267,81.15501519756839,Сидоров Алексей,
23.10.2023 - 19:01,Продажа,Защитное стекло 3D для iPhone 11/XR,1,535,535,485,90.65420560747664,Петров Роман,
23.10.2023 - 19:29,Заказ,Чистка системы охлаждения с заменой термопасты,1,1578,1578,1478,93.66286438529785,Петров Роман,Выдан
24.10.2023 - 10:55,Заказ,Чистка системы охлаждения с заменой термопасты,1,1605,1605,1504,93.70716510903426,Администратор,Выдан
24.10.2023 - 11:05,Продажа,16GB USB 2.0 Flash Drive SmartBuy,1,463,463,261,56.371490280777536,Сидоров Алексей,
24.10.2023 - 14:55,Заказ,Установка Windows 10/11 + Драйвера,2,1286,2572,2572,100.0,Петров Роман,Выдан
24.10.2023 - 15:34,Продажа,SSD накопитель Kingston 240GB,1,2379,2379,918,38.587641866330394,Сидоров Алексей,
24.10.2023 - 16:35,Заказ,"15.6"" WXGA HD LED Глянцевый 40pin (NT156WH)",1,4259,4259,944,22.164827424278,Иванов Сергей,Выдан
24.10.2023 - 18:46,Заказ,Кабель USB - Lightning (Foxconn),1,553,553,408,73.77938517179024,Администратор,Выдан
25.10.2023 - 10:07,Заказ,Защитное стекло 3D для iPhone 11/XR,1,483,483,434,89.85507246376811,Администратор,Выдан
25.10.2023 - 10:48,Продажа,16GB USB 2.0 Flash Drive SmartBuy,1,447,447,251,56.152125279642064,Администратор,
25.10.2023 - 10:57,Заказ,Прошивка Android/iOS,1,1065,1065,1065,100.0,Иванов Сергей,Выдан
25.10.2023 - 14:31,Заказ,Чистка системы охлаждения с заменой термопасты,1,1611,1611,1509,93.66852886405958,Сидоров Алексей,Выдан
25.10.2023 - 15:07,Заказ,Восстановление цепи питания,2,4202,8404,7360,87.57734412184674,Иванов Сергей,Выдан
25.10.2023 - 18:17,Заказ,Чехол силиконовый прозрачный,1,299,299,237,79.26421404682274,Иванов Сергей,Выдан
25.10.2023 - 19:45,Заказ,Аккумулятор Samsung Galaxy A51 (EB-BA515),1,1159,1159,598,51.59620362381363,Петров Роман,Выдан
26.10.2023 - 10:43,Заказ,Замена разъема зарядки (MicroUSB/Type-C),1,1220,1220,1122,91.9672131147541,Петров Роман,Выдан
26.10.2023 - 12:56,Заказ,Установка Windows 10/11 + Драйвера,1,1192,1192,1192,100.0,Петров Роман,Выдан
26.10.2023 - 18:00,Заказ,Замена разъема зарядки (MicroUSB/Type-C),1,1153,1153,1051,91.15351257588898,Петров Роман,Выдан
27.10.2023 - 10:38,Продажа,Чехол силиконовый прозрачный,1,275,275,213,77.45454545454545,Иванов Сергей,
28.10.2023 - 11:51,Заказ,Наклейка защитного стекла (Услуга),1,191,191,191,100.0,Сидоров Алексей,Выдан
28.10.2023 - 12:02,Заказ,Аккумулятор Samsung Galaxy A51 (EB-BA515),1,1145,1145,618,53.97379912663756,Администратор,Выдан
28.10.2023 - 14:10,Заказ,Аккумулятор Samsung Galaxy A51 (EB-BA515),1,1138,1138,571,50.17574692442882,Администратор,Выдан
28.10.2023 - 15:58,Продажа,Чехол силиконовый прозрачный,1,325,325,263,80.92307692307692,Иванов Сергей,
28.10.2023 - 16:31,Продажа,Чехол силиконовый прозрачный,3,278,834,657,78.77697841726618,Сидоров Алексей,
28.10.2023 - 16:44,Заказ,Чистка системы охлаждения с заменой термопасты,1,1579,1579,1478,93.60354654844838,Сидоров Алексей,Выдан
28.10.2023 - 17:28,Заказ,Установка Windows 10/11 + Драйвера,1,1291,1291,1291,100.0,Администратор,Выдан
28.10.2023 - 17:57,Заказ,Аккумулятор Samsung Galaxy A51 (EB-BA515),1,1285,1285,711,55.3307392996109,Иванов Сергей,Выдан
29.10.2023 - 11:46,Заказ,Дисплей iPhone 11 (Копия AAA),1,2713,2713,1296,47.769996314043496,Петров Роман,Выдан
29.10.2023 - 12:39,Продажа,Защитное стекло 3D для iPhone 11/XR,1,467,467,417,89.29336188436831,Петров Роман,
29.10.2023 - 13:04,Заказ,Защитное стекло 3D для iPhone 11/XR,3,543,1629,1482,90.97605893186004,Иванов Сергей,Выдан
29.10.2023 - 15:23,Заказ,Установка Windows 10/11 + Драйвера,1,1151,1151,1151,100.0,Иванов Сергей,Выдан
29.10.2023 - 15:59,Продажа,16GB USB 2.0 Flash Drive SmartBuy,1,468,468,276,58.97435897435898,Сидоров Алексей,
29.10.2023 - 18:35,Заказ,Дисплей iPhone 11 (Копия AAA),2,2499,4998,2162,43.25730292116847,Иванов Сергей,Выдан
30.10.2023 - 14:18,Продажа,Чехол силиконовый прозрачный,1,311,311,249,80.06430868167203,Администратор,
30.10.2023 - 16:55,Продажа,Кабель USB - Lightning (Foxconn),1,604,604,451,74.66887417218543,Сидоров Алексей,
30.10.2023 - 18:39,Заказ,Чистка системы охлаждения с заменой термопасты,1,1532,1532,1437,93.79895561357702,Администратор,Выдан
30.10.2023 - 18:41,Продажа,Чехол силиконовый прозрачный,1,315,315,256,81.26984126984127,Иванов Сергей,
30.10.2023 - 19:00,Заказ,Восстановление цепи питания,1,4867,4867,4363,89.64454489418533,Сидоров Алексей,Выдан
30.10.2023 - 19:56,Заказ,Защитное стекло 3D для iPhone 11/XR,1,478,478,430,89.9581589958159,Сидоров Алексей,Выдан
31.10.2023 - 17:44,Заказ,Аккумулятор Samsung Galaxy A51 (EB-BA515),1,1246,1246,704,56.5008025682183,Иванов Сергей,Выдан
31.10.2023 - 18:43,Заказ,Восстановление цепи питания,1,4886,4886,4373,89.50061399918134,Сидоров Алексей,Выдан
01.11.2023 - 11:45,Заказ,Восстановление цепи питания,1,4616,4616,4106,88.95147313691508,Иванов Сергей,Выдан
01.11.2023 - 14:31,Продажа,Чехол силиконовый прозрачный,1,294,294,234,79.59183673469387,Иванов Сергей,
01.11.2023 - 16:11,Заказ,Диагностика,1,463,463,463,100.0,Администратор,Выдан
01.11.2023 - 16:51,Заказ,Прошивка Android/iOS,1,1053,1053,1053,100.0,Администратор,Выдан
01.11.2023 - 19:30,Заказ,Наклейка защитного стекла (Услуга),1,196,196,196,100.0,Сидоров Алексей,Выдан
02.11.2023 - 14:55,Заказ,Блок питания Apple 20W (Copy),1,1279,1279,896,70.05473025801408,Сидоров Алексей,Выдан
03.11.2023 - 11:05,Заказ,Кабель USB - Lightning (Foxconn),2,591,1182,878,74.2808798646362,Иванов Сергей,Выдан
03.11.2023 - 11:25,Заказ,Замена разъема зарядки (MicroUSB/Type-C),1,1137,1137,1036,91.1169744942832,Петров Роман,Выдан
03.11.2023 - 14:02,Продажа,Защитное стекло 3D для iPhone 11/XR,2,504,1008,912,90.47619047619048,Иванов Сергей,
03.11.2023 - 15:41,Заказ,Защитное стекло 3D для iPhone 11/XR,2,541,1082,986,91.1275415896488,Администратор,Выдан
03.11.2023 - 15:54,Продажа,Чехол силиконовый прозрачный,1,303,303,241,79.53795379537954,Сидоров Алексей,
03.11.2023 - 18:17,Заказ,Чехол силиконовый прозрачный,2,308,616,502,81.4935064935065,Петров Роман,Выдан
03.11.2023 - 19:47,Заказ,Замена разъема зарядки (MicroUSB/Type-C),1,1245,1245,1150,92.3694779116466,Петров Роман,Выдан
03.11.2023 - 19:56,Заказ,Чистка системы охлаждения с заменой термопасты,1,1585,1585,1484,93.62776025236593,Петров Роман,Выдан
04.11.2023 - 15:14,Заказ,Замена разъема зарядки (MicroUSB/Type-C),1,1140,1140,1041,91.3157894736842,Сидоров Алексей,Выдан
04.11.2023 - 15:38,Заказ,Дисплей iPhone 11 (Оригинал переклей),1,5721,5721,1851,32.35448348190876,Петров Роман,Выдан
04.11.2023 - 16:30,Заказ,Чистка системы охлаждения с заменой термопасты,1,1545,1545,1441,93.26860841423948,Администратор,Выдан
04.11.2023 - 16:45,Заказ,Диагностика,1,519,519,519,100.0,Администратор,Выдан
05.11.2023 - 12:39,Заказ,Наклейка защитного стекла (Услуга),1,204,204,204,100.0,Администратор,Выдан
05.11.2023 - 13:54,Заказ,Замена разъема зарядки (MicroUSB/Type-C),1,1188,1188,1090,91.75084175084174,Сидоров Алексей,Выдан
05.11.2023 - 14:24,Заказ,Кабель USB - Lightning (Foxconn),1,620,620,469,75.64516129032258,Администратор,Выдан
05.11.2023 - 18:44,Заказ,16GB USB 2.0 Flash Drive SmartBuy,1,478,478,278,58.15899581589959,Сидоров Алексей,Выдан
05.11.2023 - 19:17,Заказ,Аккумулятор Samsung Galaxy A51 (EB-BA515),1,1141,1141,619,54.25065731814198,Сидоров Алексей,Выдан
06.11.2023 - 10:39,Заказ,Чехол силиконовый прозрачный,1,288,288,231,80.20833333333334,Администратор,Выдан
06.11.2023 - 11:20,Заказ,Чистка системы охлаждения с заменой термопасты,3,1496,4488,4200,93.58288770053476,Петров Роман,Выдан
06.11.2023 - 14:46,Заказ,Чехол силиконовый прозрачный,1,317,317,256,80.7570977917981,Иванов Сергей,Выдан
06.11.2023 - 15:00,Продажа,Защитное стекло 3D для iPhone 11/XR,1,513,513,463,90.25341130604289,Иванов Сергей,
06.11.2023 - 19:32,Заказ,Замена разъема зарядки (MicroUSB/Type-C),1,1194,1194,1091,91.37353433835847,Иванов Сергей,Выдан
07.11.2023 - 11:09,Продажа,Защитное стекло 3D для iPhone 11/XR,1,501,501,452,90.21956087824351,Администратор,
07.11.2023 - 11:30,Продажа,Защитное стекло 3D для iPhone 11/XR,1,476,476,425,89.28571428571429,Администратор,
07.11.2023 - 13:44,Заказ,Наклейка защитного стекла (Услуга),1,203,203,203,100.0,Петров Роман,Выдан
07.11.2023 - 18:30,Продажа,16GB USB 2.0 Flash Drive SmartBuy,1,451,451,256,56.76274944567628,Иванов Сергей,
07.11.2023 - 18:40,Заказ,Восстановление цепи питания,1,4763,4763,4249,89.2084820491287,Иванов Сергей,Выдан
08.11.2023 - 14:42,Продажа,Блок питания Apple 20W (Copy),2,1270,2540,1702,67.00787401574803,Петров Роман,
09.11.2023 - 11:22,Заказ,Восстановление цепи питания,1,4290,4290,3770,87.87878787878788,Иванов Сергей,Выдан
09.11.2023 - 17:37,Заказ,Дисплей iPhone 11 (Оригинал переклей),1,5726,5726,1897,33.12958435207824,Иванов Сергей,Выдан
09.11.2023 - 18:30,Заказ,Защитное стекло 3D для iPhone 11/XR,2,528,1056,958,90.71969696969697,Администратор,Выдан
10.11.2023 - 11:37,Заказ,Чехол силиконовый прозрачный,1,273,273,216,79.12087912087912,Иванов Сергей,Выдан
10.11.2023 - 16:53,Заказ,Прошивка Android/iOS,1,979,979,979,100.0,Иванов Сергей,Выдан
10.11.2023 - 18:31,Заказ,Защитное стекло 3D для iPhone 11/XR,1,492,492,444,90.2439024390244,Сидоров Алексей,Выдан
10.11.2023 - 18:36,Заказ,Дисплей iPhone 11 (Оригинал переклей),1,5203,5203,1518,29.175475687103592,Иванов Сергей,Выдан
10.11.2023 - 19:58,Заказ,Аккумулятор Samsung Galaxy A51 (EB-BA515),1,1211,1211,687,56.72997522708505,Администратор,Выдан
11.11.2023 - 12:33,Заказ,Замена разъема зарядки (MicroUSB/Type-C),1,1249,1249,1149,91.99359487590073,Иванов Сергей,Выдан
11.11.2023 - 13:06,Продажа,Жесткий диск Seagate BarraCuda 1TB,1,3540,3540,501,14.152542372881355,Сидоров Алексей,
11.11.2023 - 16:24,Заказ,Чистка системы охлаждения с заменой термопасты,1,1562,1562,1458,93.34186939820742,Сидоров Алексей,Выдан
11.11.2023 - 16:27,Заказ,Чистка системы охлаждения с заменой термопасты,1,1580,1580,1478,93.54430379746836,Администратор,Выдан
11.11.2023 - 18:26,Заказ,Наклейка защитного стекла (Услуга),2,198,396,396,100.0,Сидоров Алексей,Выдан
12.11.2023 - 10:18,Заказ,Замена разъема зарядки (MicroUSB/Type-C),1,1086,1086,989,91.06813996316758,Петров Роман,Выдан
12.11.2023 - 10:27,Продажа,Жесткий диск Seagate BarraCuda 1TB,1,3856,3856,1082,28.060165975103736,Сидоров Алексей,
12.11.2023 - 11:31,Заказ,Установка Windows 10/11 + Драйвера,1,1122,1122,1122,100.0,Петров Роман,Выдан
12.11.2023 - 11:34,Заказ,Наклейка защитного стекла (Услуга),1,217,217,217,100.0,Петров Роман,Выдан
12.11.2023 - 14:23,Заказ,Диагностика,1,517,517,517,100.0,Петров Роман,Выдан
12.11.2023 - 18:48,Продажа,16GB USB 2.0 Flash Drive SmartBuy,1,481,481,278,57.7962577962578,Сидоров Алексей,
12.11.2023 - 19:33,Заказ,Наклейка защитного стекла (Услуга),1,214,214,214,100.0,Сидоров Алексей,Выдан
13.11.2023 - 10:30,Заказ,Защитное стекло 3D для iPhone 11/XR,1,483,483,435,90.06211180124224,Иванов Сергей,Выдан
13.11.2023 - 11:24,Заказ,Прошивка Android/iOS,1,957,957,957,100.0,Администратор,Выдан
13.11.2023 - 14:28,Заказ,Защитное стекло 3D для iPhone 11/XR,1,531,531,481,90.58380414312617,Сидоров Алексей,Выдан
13.11.2023 - 15:29,Заказ,Наклейка защитного стекла (Услуга),1,190,190,190,100.0,Администратор,Выдан
13.11.2023 - 15:47,Заказ,Чистка системы охлаждения с заменой термопасты,1,1625,1625,1524,93.78461538461539,Сидоров Алексей,Выдан
13.11.2023 - 19:31,Заказ,Наклейка защитного стекла (Услуга),1,208,208,208,100.0,Сидоров Алексей,Выдан
14.11.2023 - 11:06,Продажа,Чехол силиконовый прозрачный,1,309,309,248,80.2588996763754,Сидоров Алексей,
14.11.2023 - 14:22,Продажа,Защитное стекло 3D для iPhone 11/XR,1,465,465,418,89.89247311827957,Петров Роман,
14.11.2023 - 15:08,Заказ,Замена разъема зарядки (MicroUSB/Type-C),1,1276,1276,1174,92.00626959247649,Иванов Сергей,Выдан
14.11.2023 - 17:03,Заказ,Дисплей iPhone 11 (Копия AAA),1,2512,2512,1159,46.138535031847134,Петров Роман,Выдан
14.11.2023 - 19:05,Продажа,Блок питания Apple 20W (Copy),1,1083,1083,668,61.68051708217913,Иванов Сергей,
15.11.2023 - 17:13,Заказ,Диагностика,1,519,519,519,100.0,Петров Роман,Выдан
16.11.2023 - 11:24,Продажа,Чехол силиконовый прозрачный,1,289,289,227,78.54671280276817,Петров Роман,
16.11.2023 - 11:33,Заказ,Наклейка защитного стекла (Услуга),1,182,182,182,100.0,Петров Роман,Выдан
16.11.2023 - 15:27,Заказ,Наклейка защитного стекла (Услуга),1,218,218,218,100.0,Иванов Сергей,Выдан
17.11.2023 - 16:21,Заказ,Диагностика,2,519,1038,1038,100.0,Петров Роман,Выдан
17.11.2023 - 17:43,Заказ,Кабель USB - Lightning (Foxconn),1,635,635,481,75.74803149606299,Администратор,Выдан
18.11.2023 - 10:48,Продажа,Кабель USB - Lightning (Foxconn),1,580,580,428,73.79310344827587,Петров Роман,
18.11.2023 - 12:39,Заказ,Диагностика,1,465,465,465,100.0,Сидоров Алексей,Выдан
18.11.2023 - 13:53,Заказ,Наклейка защитного стекла (Услуга),1,184,184,184,100.0,Петров Роман,Выдан
18.11.2023 - 16:37,Заказ,Диагностика,1,546,546,546,100.0,Сидоров Алексей,Выдан
18.11.2023 - 19:04,Заказ,Замена разъема зарядки (MicroUSB/Type-C),1,1139,1139,1041,91.39596136962248,Иванов Сергей,Выдан
19.11.2023 - 10:13,Заказ,Чехол силиконовый прозрачный,1,280,280,220,78.57142857142857,Сидоров Алексей,Выдан
19.11.2023 - 13:28,Продажа,Чехол силиконовый прозрачный,1,282,282,223,79.07801418439716,Сидоров Алексей,
19.11.2023 - 13:34,Заказ,Чистка системы охлаждения с заменой термопасты,1,1360,1360,1265,93.01470588235294,Петров Роман,Выдан
19.11.2023 - 14:04,Заказ,Диагностика,1,508,508,508,100.0,Сидоров Алексей,Выдан
19.11.2023 - 16:37,Заказ,Замена разъема зарядки (MicroUSB/Type-C),1,1187,1187,1086,91.49115417017691,Сидоров Алексей,Выдан
20.11.2023 - 11:04,Заказ,Установка Windows 10/11 + Драйвера,1,1281,1281,1281,100.0,Иванов Сергей,Выдан
20.11.2023 - 11:24,Продажа,Защитное стекло 3D для iPhone 11/XR,1,529,529,478,90.35916824196597,Администратор,
20.11.2023 - 15:26,Продажа,Жесткий диск Seagate BarraCuda 1TB,1,3768,3768,743,19.71868365180467,Иванов Сергей,
21.11.2023 - 10:51,Заказ,Кабель USB - Lightning (Foxconn),1,564,564,410,72.69503546099291,Администратор,Выдан
21.11.2023 - 11:59,Заказ,Прошивка Android/iOS,1,1031,1031,1031,100.0,Сидоров Алексей,Выдан
21.11.2023 - 12:37,Заказ,Жесткий диск Seagate BarraCuda 1TB,2,3961,7922,1942,24.514011613228984,Администратор,Выдан
21.11.2023 - 14:18,Заказ,Аккумулятор Samsung Galaxy A51 (EB-BA515),1,1116,1116,555,49.73118279569893,Сидоров Алексей,Выдан
21.11.2023 - 14:33,Заказ,Дисплей iPhone 11 (Копия AAA),1,2435,2435,1078,44.27104722792608,Сидоров Алексей,Выдан
21.11.2023 - 17:06,Заказ,Чистка системы охлаждения с заменой термопасты,1,1576,1576,1475,93.59137055837563,Иванов Сергей,Выдан
22.11.2023 - 12:34,Заказ,Чехол силиконовый прозрачный,1,317,317,258,81.38801261829653,Петров Роман,Выдан
22.11.2023 - 14:45,Заказ,Чехол силиконовый прозрачный,1,289,289,232,80.27681660899654,Иванов Сергей,Выдан
22.11.2023 - 15:31,Заказ,Дисплей iPhone 11 (Оригинал переклей),2,5969,11938,4446,37.24241916568939,Сидоров Алексей,Выдан
22.11.2023 - 19:14,Продажа,Защитное стекло 3D для iPhone 11/XR,1,479,479,430,89.77035490605428,Администратор,
23.11.2023 - 10:40,Заказ,Дисплей iPhone 11 (Оригинал переклей),1,5575,5575,1901,34.09865470852018,Иванов Сергей,Выдан
23.11.2023 - 12:41,Заказ,Диагностика,1,500,500,500,100.0,Иванов Сергей,Выдан
23.11.2023 - 12:48,Заказ,Восстановление цепи питания,1,4724,4724,4211,89.14055884843353,Администратор,Выдан
23.11.2023 - 15:03,Заказ,Замена разъема зарядки (MicroUSB/Type-C),1,1204,1204,1109,92.109634551495,Иванов Сергей,Выдан
23.11.2023 - 19:17,Продажа,Защитное стекло 3D для iPhone 11/XR,1,493,493,444,90.06085192697769,Администратор,
24.11.2023 - 10:39,Заказ,"15.6"" WXGA HD LED Глянцевый 40pin (NT156WH)",2,4899,9798,3538,36.10941008369055,Сидоров Алексей,Выдан
24.11.2023 - 12:01,Заказ,Дисплей iPhone 11 (Копия AAA),1,2638,2638,1268,48.06671721000758,Администратор,Выдан
24.11.2023 - 12:40,Заказ,Наклейка защитного стекла (Услуга),1,211,211,211,100.0,Сидоров Алексей,Выдан
24.11.2023 - 14:11,Заказ,Защитное стекло 3D для iPhone 11/XR,1,530,530,481,90.75471698113208,Петров Роман,Выдан
24.11.2023 - 14:29,Заказ,Чистка системы охлаждения с заменой термопасты,1,1464,1464,1362,93.0327868852459,Сидоров Алексей,Выдан
24.11.2023 - 15:19,Заказ,"15.6"" WXGA HD LED Глянцевый 40pin (NT156WH)",1,4745,4745,1581,33.31928345626976,Петров Роман,Выдан
24.11.2023 - 17:27,Заказ,Наклейка защитного стекла (Услуга),1,197,197,197,100.0,Иванов Сергей,Выдан
24.11.2023 - 17:55,Продажа,Защитное стекло 3D для iPhone 11/XR,1,474,474,424,89.45147679324894,Иванов Сергей,
25.11.2023 - 13:51,Заказ,Аккумулятор Samsung Galaxy A51 (EB-BA515),1,1304,1304,771,59.12576687116564,Петров Роман,Выдан
25.11.2023 - 13:52,Заказ,Защитное стекло 3D для iPhone 11/XR,1,462,462,412,89.17748917748918,Иванов Сергей,Выдан
25.11.2023 - 16:07,Заказ,Аккумулятор Samsung Galaxy A51 (EB-BA515),1,1117,1117,561,50.22381378692927,Сидоров Алексей,Выдан
26.11.2023 - 10:32,Продажа,16GB USB 2.0 Flash Drive SmartBuy,1,458,458,268,58.515283842794766,Петров Роман,
26.11.2023 - 12:52,Продажа,Блок питания Apple 20W (Copy),1,1180,1180,777,65.84745762711864,Петров Роман,
26.11.2023 - 13:09,Заказ,Защитное стекло 3D для iPhone 11/XR,1,496,496,447,90.12096774193549,Сидоров Алексей,Выдан
26.11.2023 - 19:32,Заказ,Диагностика,1,484,484,484,100.0,Петров Роман,Выдан
26.11.2023 - 19:40,Заказ,Установка Windows 10/11 + Драйвера,1,1242,1242,1242,100.0,Сидоров Алексей,Выдан
27.11.2023 - 14:43,Заказ,Замена разъема зарядки (MicroUSB/Type-C),1,1292,1292,1192,92.26006191950464,Сидоров Алексей,Выдан
27.11.2023 - 14:46,Заказ,Наклейка защитного стекла (Услуга),1,218,218,218,100.0,Иванов Сергей,Выдан
27.11.2023 - 17:37,Заказ,Чистка системы охлаждения с заменой термопасты,2,1645,3290,3088,93.86018237082067,Администратор,Выдан
27.11.2023 - 17:59,Заказ,Диагностика,1,489,489,489,100.0,Петров Роман,Выдан
27.11.2023 - 18:30,Продажа,Чехол силиконовый прозрачный,1,290,290,233,80.3448275862069,Иванов Сергей,
27.11.2023 - 19:17,Заказ,Диагностика,1,526,526,526,100.0,Петров Роман,Выдан
28.11.2023 - 13:27,Заказ,Кабель USB - Lightning (Foxconn),1,625,625,468,74.88,Администратор,Выдан
28.11.2023 - 17:47,Заказ,Восстановление цепи питания,1,4051,4051,3536,87.28708960750431,Иванов Сергей,Выдан
28.11.2023 - 18:00,Заказ,Чехол силиконовый прозрачный,1,279,279,220,78.85304659498208,Администратор,Выдан
29.11.2023 - 12:20,Заказ,Восстановление цепи питания,1,4118,4118,3604,87.5182127246236,Сидоров Алексей,Выдан
29.11.2023 - 15:21,Заказ,Наклейка защитного стекла (Услуга),1,208,208,208,100.0,Администратор,Выдан
30.11.2023 - 11:48,Заказ,Наклейка защитного стекла (Услуга),1,194,194,194,100.0,Администратор,Выдан
30.11.2023 - 13:53,Заказ,Чистка системы охлаждения с заменой термопасты,1,1417,1417,1315,92.80169371912491,Иванов Сергей,Выдан
30.11.2023 - 14:28,Заказ,Дисплей iPhone 11 (Копия AAA),1,2678,2678,1321,49.327856609410006,Иванов Сергей,Выдан
30.11.2023 - 14:33,Заказ,Дисплей iPhone 11 (Оригинал переклей),1,5340,5340,1638,30.674157303370787,Петров Роман,Выдан
30.11.2023 - 14:36,Заказ,Жесткий диск Seagate BarraCuda 1TB,1,4095,4095,1263,30.842490842490843,Администратор,Выдан
30.11.2023 - 14:56,Заказ,Установка Windows 10/11 + Драйвера,1,1261,1261,1261,100.0,Сидоров Алексей,Выдан
30.11.2023 - 15:39,Заказ,Диагностика,1,454,454,454,100.0,Петров Роман,Выдан
30.11.2023 - 16:27,Продажа,Чехол силиконовый прозрачный,3,305,915,741,80.98360655737706,Иванов Сергей,
30.11.2023 - 16:56,Заказ,Установка Windows 10/11 + Драйвера,1,1148,1148,1148,100.0,Администратор,Выдан
30.11.2023 - 17:25,Заказ,Кабель USB - Lightning (Foxconn),1,642,642,488,76.01246105919003,Петров Роман,Выдан
30.11.2023 - 17:38,Заказ,Установка Windows 10/11 + Драйвера,1,1255,1255,1255,100.0,Иванов Сергей,Выдан
01.12.2023 - 11:29,Заказ,Диагностика,1,450,450,450,100.0,Сидоров Алексей,Выдан
01.12.2023 - 12:29,Заказ,Защитное стекло 3D для iPhone 11/XR,1,486,486,437,89.91769547325103,Иванов Сергей,Выдан
01.12.2023 - 19:24,Продажа,Защитное стекло 3D для iPhone 11/XR,3,469,1407,1260,89.55223880597015,Петров Роман,
02.12.2023 - 10:07,Заказ,Чистка системы охлаждения с заменой термопасты,1,1506,1506,1411,93.69189907038512,Петров Роман,Выдан
02.12.2023 - 11:10,Продажа,Чехол силиконовый прозрачный,1,322,322,260,80.74534161490683,Сидоров Алексей,
03.12.2023 - 10:23,Продажа,Чехол силиконовый прозрачный,1,275,275,217,78.9090909090909,Администратор,
03.12.2023 - 11:40,Заказ,Прошивка Android/iOS,1,1016,1016,1016,100.0,Сидоров Алексей,Выдан
03.12.2023 - 15:51,Заказ,Диагностика,1,541,541,541,100.0,Сидоров Алексей,Выдан
03.12.2023 - 16:09,Заказ,16GB USB 2.0 Flash Drive SmartBuy,1,446,446,238,53.36322869955157,Сидоров Алексей,Выдан
04.12.2023 - 10:15,Заказ,16GB USB 2.0 Flash Drive SmartBuy,2,425,850,470,55.294117647058826,Иванов Сергей,Выдан
04.12.2023 - 10:46,Продажа,Защитное стекло 3D для iPhone 11/XR,1,538,538,488,90.70631970260223,Петров Роман,
04.12.2023 - 11:30,Заказ,Блок питания Apple 20W (Copy),1,1190,1190,786,66.05042016806722,Иванов Сергей,Выдан
04.12.2023 - 13:38,Заказ,Защитное стекло 3D для iPhone 11/XR,1,532,532,483,90.78947368421053,Сидоров Алексей,Выдан
04.12.2023 - 17:01,Продажа,Чехол силиконовый прозрачный,2,283,566,448,79.15194346289752,Сидоров Алексей,
04.12.2023 - 17:02,Заказ,Кабель USB - Lightning (Foxconn),1,565,565,412,72.9203539823009,Сидоров Алексей,Выдан
04.12.2023 - 19:59,Заказ,Кабель USB - Lightning (Foxconn),1,635,635,484,76.22047244094489,Администратор,Выдан
05.12.2023 - 10:12,Заказ,Защитное стекло 3D для iPhone 11/XR,2,516,1032,938,90.89147286821705,Сидоров Алексей,Выдан
05.12.2023 - 13:04,Продажа,Кабель USB - Lightning (Foxconn),1,563,563,420,74.60035523978685,Администратор,
05.12.2023 - 14:59,Заказ,Наклейка защитного стекла (Услуга),1,193,193,193,100.0,Сидоров Алексей,Выдан
05.12.2023 - 15:02,Заказ,Защитное стекло 3D для iPhone 11/XR,1,467,467,415,88.86509635974305,Администратор,Выдан
05.12.2023 - 18:40,Продажа,Защитное стекло 3D для iPhone 11/XR,1,478,478,429,89.7489539748954,Сидоров Алексей,
05.12.2023 - 19:18,Заказ,Восстановление цепи питания,1,4654,4654,4142,88.99871078642029,Администратор,Выдан
06.12.2023 - 10:18,Заказ,Кабель USB - Lightning (Foxconn),1,632,632,480,75.9493670886076,Иванов Сергей,Выдан
07.12.2023 - 10:44,Заказ,Наклейка защитного стекла (Услуга),1,195,195,195,100.0,Петров Роман,Выдан
07.12.2023 - 12:35,Заказ,Восстановление цепи питания,2,4547,9094,8082,88.87178359357819,Петров Роман,Выдан
07.12.2023 - 13:33,Заказ,Кабель USB - Lightning (Foxconn),1,625,625,469,75.03999999999999,Сидоров Алексей,Выдан
07.12.2023 - 13:36,Заказ,Установка Windows 10/11 + Драйвера,1,1281,1281,1281,100.0,Петров Роман,Выдан
07.12.2023 - 17:28,Заказ,Чистка системы охлаждения с заменой термопасты,1,1562,1562,1460,93.46991037131882,Сидоров Алексей,Выдан
07.12.2023 - 17:52,Заказ,Диагностика,1,483,483,483,100.0,Петров Роман,Выдан
07.12.2023 - 18:02,Заказ,Прошивка Android/iOS,1,1075,1075,1075,100.0,Сидоров Алексей,Выдан
07.12.2023 - 18:31,Заказ,Восстановление цепи питания,1,4279,4279,3769,88.08132741294695,Сидоров Алексей,Выдан
07.12.2023 - 19:09,Заказ,Блок питания Apple 20W (Copy),1,1195,1195,803,67.19665271966527,Администратор,Выдан
07.12.2023 - 19:48,Заказ,Наклейка защитного стекла (Услуга),1,205,205,205,100.0,Администратор,Выдан
08.12.2023 - 10:45,Заказ,Замена разъема зарядки (MicroUSB/Type-C),1,1208,1208,1110,91.88741721854305,Петров Роман,Выдан
08.12.2023 - 19:45,Продажа,Защитное стекло 3D для iPhone 11/XR,1,475,475,425,89.47368421052632,Иванов Сергей,
08.12.2023 - 19:51,Заказ,Чистка системы охлаждения с заменой термопасты,2,1558,3116,2920,93.70988446726572,Сидоров Алексей,Выдан
09.12.2023 - 11:13,Заказ,Дисплей iPhone 11 (Копия AAA),1,2421,2421,1046,43.20528707145807,Сидоров Алексей,Выдан
09.12.2023 - 11:48,Заказ,Чехол силиконовый прозрачный,1,310,310,248,80.0,Иванов Сергей,Выдан
09.12.2023 - 12:44,Заказ,Прошивка Android/iOS,1,961,961,961,100.0,Петров Роман,Выдан
09.12.2023 - 13:57,Заказ,Прошивка Android/iOS,1,1052,1052,1052,100.0,Петров Роман,Выдан
09.12.2023 - 15:56,Заказ,Дисплей iPhone 11 (Копия AAA),1,2515,2515,1135,45.12922465208747,Сидоров Алексей,Выдан
09.12.2023 - 15:57,Заказ,Аккумулятор Samsung Galaxy A51 (EB-BA515),1,1311,1311,739,56.36918382913806,Иванов Сергей,Выдан
09.12.2023 - 16:56,Продажа,Защитное стекло 3D для iPhone 11/XR,1,544,544,496,91.17647058823529,Сидоров Алексей,
09.12.2023 - 18:05,Заказ,Диагностика,1,526,526,526,100.0,Петров Роман,Выдан
09.12.2023 - 19:59,Заказ,Замена разъема зарядки (MicroUSB/Type-C),1,1169,1169,1069,91.44568006843457,Администратор,Выдан
10.12.2023 - 12:53,Заказ,Диагностика,1,483,483,483,100.0,Сидоров Алексей,Выдан
10.12.2023 - 13:40,Заказ,Чистка системы охлаждения с заменой термопасты,1,1404,1404,1302,92.73504273504274,Администратор,Выдан
10.12.2023 - 14:26,Заказ,Установка Windows 10/11 + Драйвера,1,1141,1141,1141,100.0,Петров Роман,Выдан
11.12.2023 - 10:11,Заказ,Наклейка защитного стекла (Услуга),1,219,219,219,100.0,Сидоров Алексей,Выдан
11.12.2023 - 10:51,Заказ,Замена разъема зарядки (MicroUSB/Type-C),1,1155,1155,1060,91.77489177489177,Петров Роман,Выдан
11.12.2023 - 11:19,Заказ,Дисплей iPhone 11 (Копия AAA),1,2466,2466,1004,40.71370640713706,Иванов Сергей,Выдан
11.12.2023 - 13:31,Заказ,Установка Windows 10/11 + Драйвера,1,1138,1138,1138,100.0,Администратор,Выдан
11.12.2023 - 17:07,Заказ,Дисплей iPhone 11 (Оригинал переклей),1,5105,5105,1278,25.034280117531832,Петров Роман,Выдан
12.12.2023 - 12:03,Заказ,Восстановление цепи питания,1,4870,4870,4364,89.60985626283367,Иванов Сергей,Выдан
12.12.2023 - 12:08,Заказ,Установка Windows 10/11 + Драйвера,1,1110,1110,1110,100.0,Администратор,Выдан
12.12.2023 - 13:41,Заказ,Наклейка защитного стекла (Услуга),1,180,180,180,100.0,Петров Роман,Выдан
12.12.2023 - 14:59,Заказ,Диагностика,1,452,452,452,100.0,Администратор,Выдан
12.12.2023 - 15:18,Заказ,Чехол силиконовый прозрачный,2,310,620,498,80.3225806451613,Администратор,Выдан
12.12.2023 - 15:51,Заказ,Чехол силиконовый прозрачный,1,275,275,217,78.9090909090909,Иванов Сергей,Выдан
12.12.2023 - 19:03,Заказ,Прошивка Android/iOS,1,957,957,957,100.0,Петров Роман,Выдан
13.12.2023 - 10:14,Заказ,Диагностика,3,503,1509,1509,100.0,Сидоров Алексей,Выдан
13.12.2023 - 14:22,Заказ,Защитное стекло 3D для iPhone 11/XR,1,505,505,454,89.9009900990099,Сидоров Алексей,Выдан
13.12.2023 - 14:25,Заказ,Блок питания Apple 20W (Copy),1,1146,1146,738,64.3979057591623,Иванов Сергей,Выдан
13.12.2023 - 14:30,Заказ,Дисплей iPhone 11 (Копия AAA),1,2365,2365,1008,42.6215644820296,Администратор,Выдан
13.12.2023 - 17:04,Заказ,Чехол силиконовый прозрачный,1,319,319,260,81.50470219435736,Сидоров Алексей,Выдан
13.12.2023 - 19:44,Заказ,Чехол силиконовый прозрачный,1,305,305,246,80.65573770491802,Петров Роман,Выдан
13.12.2023 - 19:49,Заказ,Диагностика,1,547,547,547,100.0,Петров Роман,Выдан
14.12.2023 - 10:38,Продажа,Кабель USB - Lightning (Foxconn),1,627,627,475,75.75757575757575,Иванов Сергей,
14.12.2023 - 14:54,Заказ,Замена разъема зарядки (MicroUSB/Type-C),1,1313,1313,1215,92.53617669459253,Сидоров Алексей,Выдан
14.12.2023 - 17:47,Продажа,Защитное стекло 3D для iPhone 11/XR,1,495,495,444,89.6969696969697,Администратор,
15.12.2023 - 10:45,Продажа,16GB USB 2.0 Flash Drive SmartBuy,1,487,487,280,57.49486652977412,Иванов Сергей,
15.12.2023 - 12:46,Продажа,Блок питания Apple 20W (Copy),1,1118,1118,724,64.75849731663685,Сидоров Алексей,
15.12.2023 - 16:02,Продажа,Чехол силиконовый прозрачный,1,292,292,231,79.1095890410959,Иванов Сергей,
15.12.2023 - 18:52,Заказ,Защитное стекло 3D для iPhone 11/XR,1,530,530,481,90.75471698113208,Петров Роман,Выдан
15.12.2023 - 19:06,Заказ,16GB USB 2.0 Flash Drive SmartBuy,1,439,439,239,54.441913439635535,Иванов Сергей,Выдан
16.12.2023 - 18:03,Заказ,Установка Windows 10/11 + Драйвера,1,1242,1242,1242,100.0,Сидоров Алексей,Выдан
17.12.2023 - 12:57,Заказ,Наклейка защитного стекла (Услуга),1,211,211,211,100.0,Иванов Сергей,Выдан
17.12.2023 - 13:05,Заказ,Аккумулятор Samsung Galaxy A51 (EB-BA515),1,1199,1199,647,53.961634695579654,Сидоров Алексей,Выдан
17.12.2023 - 13:29,Заказ,Дисплей iPhone 11 (Оригинал переклей),1,5531,5531,1569,28.367383836557586,Сидоров Алексей,Выдан
17.12.2023 - 14:28,Заказ,Установка Windows 10/11 + Драйвера,1,1237,1237,1237,100.0,Сидоров Алексей,Выдан
17.12.2023 - 19:25,Продажа,Защитное стекло 3D для iPhone 11/XR,1,461,461,409,88.72017353579176,Администратор,
18.12.2023 - 12:08,Продажа,16GB USB 2.0 Flash Drive SmartBuy,1,418,418,214,51.196172248803826,Иванов Сергей,
18.12.2023 - 14:11,Заказ,Замена разъема зарядки (MicroUSB/Type-C),1,1234,1234,1133,91.81523500810373,Иванов Сергей,Выдан
19.12.2023 - 11:19,Заказ,Защитное стекло 3D для iPhone 11/XR,1,481,481,433,90.02079002079002,Петров Роман,Выдан
19.12.2023 - 14:08,Заказ,16GB USB 2.0 Flash Drive SmartBuy,1,430,430,228,53.02325581395348,Администратор,Выдан
19.12.2023 - 18:18,Продажа,16GB USB 2.0 Flash Drive SmartBuy,1,480,480,286,59.583333333333336,Петров Роман,
19.12.2023 - 19:33,Заказ,Защитное стекло 3D для iPhone 11/XR,1,467,467,416,89.07922912205566,Иванов Сергей,Выдан
20.12.2023 - 13:01,Продажа,Чехол силиконовый прозрачный,1,301,301,239,79.40199335548172,Иванов Сергей,
20.12.2023 - 13:09,Заказ,Наклейка защитного стекла (Услуга),1,193,193,193,100.0,Петров Роман,Выдан
20.12.2023 - 13:54,Продажа,Кабель USB - Lightning (Foxconn),1,647,647,502,77.58887171561051,Петров Роман,
20.12.2023 - 14:29,Заказ,Наклейка защитного стекла (Услуга),1,199,199,199,100.0,Сидоров Алексей,Выдан
21.12.2023 - 11:39,Заказ,Диагностика,2,496,992,992,100.0,Иванов Сергей,Выдан
21.12.2023 - 12:31,Заказ,Кабель USB - Lightning (Foxconn),1,619,619,469,75.76736672051696,Администратор,Выдан
21.12.2023 - 12:43,Заказ,Чехол силиконовый прозрачный,1,274,274,214,78.1021897810219,Петров Роман,Выдан
21.12.2023 - 13:43,Заказ,Чехол силиконовый прозрачный,1,325,325,264,81.23076923076923,Иванов Сергей,Выдан
21.12.2023 - 14:29,Продажа,16GB USB 2.0 Flash Drive SmartBuy,3,447,1341,771,57.494407158836694,Сидоров Алексей,
21.12.2023 - 15:16,Заказ,"15.6"" WXGA HD LED Глянцевый 40pin (NT156WH)",1,4279,4279,1002,23.416686141621874,Администратор,Выдан
21.12.2023 - 17:18,Продажа,16GB USB 2.0 Flash Drive SmartBuy,1,441,441,232,52.60770975056689,Петров Роман,
21.12.2023 - 18:24,Заказ,Защитное стекло 3D для iPhone 11/XR,1,508,508,458,90.15748031496062,Петров Роман,Выдан
22.12.2023 - 12:39,Заказ,Чистка системы охлаждения с заменой термопасты,1,1642,1642,1538,93.66626065773447,Петров Роман,Выдан
22.12.2023 - 14:19,Заказ,Замена разъема зарядки (MicroUSB/Type-C),1,1105,1105,1008,91.22171945701358,Петров Роман,Выдан
22.12.2023 - 15:15,Заказ,Установка Windows 10/11 + Драйвера,1,1220,1220,1220,100.0,Сидоров Алексей,Выдан
22.12.2023 - 16:29,Заказ,Защитное стекло 3D для iPhone 11/XR,1,534,534,487,91.19850187265918,Петров Роман,Выдан
22.12.2023 - 18:33,Заказ,Чехол силиконовый прозрачный,3,273,819,636,77.65567765567766,Сидоров Алексей,Выдан
23.12.2023 - 11:10,Заказ,Восстановление цепи питания,1,4842,4842,4319,89.19867823213549,Сидоров Алексей,Выдан
23.12.2023 - 14:43,Заказ,Чистка системы охлаждения с заменой термопасты,1,1541,1541,1442,93.57560025957171,Сидоров Алексей,Выдан
23.12.2023 - 16:59,Заказ,16GB USB 2.0 Flash Drive SmartBuy,1,434,434,235,54.14746543778802,Администратор,Выдан
23.12.2023 - 18:24,Заказ,Дисплей iPhone 11 (Копия AAA),1,2712,2712,1313,48.41445427728613,Иванов Сергей,Выдан
24.12.2023 - 10:34,Заказ,Дисплей iPhone 11 (Копия AAA),1,2297,2297,939,40.87940792337832,Администратор,Выдан
24.12.2023 - 13:08,Заказ,Чехол силиконовый прозрачный,1,271,271,212,78.22878228782287,Администратор,Выдан
24.12.2023 - 13:40,Продажа,Защитное стекло 3D для iPhone 11/XR,2,471,942,848,90.02123142250531,Петров Роман,
24.12.2023 - 13:44,Заказ,Защитное стекло 3D для iPhone 11/XR,1,520,520,472,90.76923076923077,Петров Роман,Выдан
24.12.2023 - 15:06,Заказ,Чистка системы охлаждения с заменой термопасты,1,1581,1581,1485,93.92789373814043,Администратор,Выдан
24.12.2023 - 18:12,Заказ,Наклейка защитного стекла (Услуга),1,183,183,183,100.0,Администратор,Выдан
25.12.2023 - 11:05,Продажа,Защитное стекло 3D для iPhone 11/XR,1,515,515,467,90.67961165048544,Сидоров Алексей,
25.12.2023 - 13:27,Заказ,Установка Windows 10/11 + Драйвера,1,1101,1101,1101,100.0,Иванов Сергей,Выдан
25.12.2023 - 14:43,Заказ,Диагностика,1,455,455,455,100.0,Иванов Сергей,Выдан
25.12.2023 - 16:07,Продажа,SSD накопитель Kingston 240GB,1,1995,1995,460,23.05764411027569,Администратор,
25.12.2023 - 17:45,Заказ,Дисплей iPhone 11 (Оригинал переклей),1,5686,5686,1847,32.48329229686951,Петров Роман,Выдан
25.12.2023 - 18:05,Заказ,Дисплей iPhone 11 (Копия AAA),1,2509,2509,1100,43.842168194499806,Сидоров Алексей,Выдан
25.12.2023 - 19:24,Заказ,Наклейка защитного стекла (Услуга),1,202,202,202,100.0,Петров Роман,Выдан
26.12.2023 - 11:28,Заказ,Чехол силиконовый прозрачный,1,328,328,270,82.3170731707317,Петров Роман,Выдан
26.12.2023 - 13:51,Заказ,Чистка системы охлаждения с заменой термопасты,1,1367,1367,1268,92.75786393562547,Петров Роман,Выдан
26.12.2023 - 14:13,Заказ,"15.6"" WXGA HD LED Глянцевый 40pin (NT156WH)",1,4720,4720,1539,32.605932203389834,Сидоров Алексей,Выдан
26.12.2023 - 15:46,Продажа,16GB USB 2.0 Flash Drive SmartBuy,1,436,436,236,54.12844036697248,Сидоров Алексей,
26.12.2023 - 16:34,Заказ,Диагностика,1,537,537,537,100.0,Петров Роман,Выдан
26.12.2023 - 16:34,Заказ,Защитное стекло 3D для iPhone 11/XR,1,451,451,403,89.3569844789357,Сидоров Алексей,Выдан
26.12.2023 - 16:53,Заказ,Аккумулятор Samsung Galaxy A51 (EB-BA515),1,1185,1185,610,51.47679324894515,Администратор,Выдан
26.12.2023 - 16:57,Заказ,Чистка системы охлаждения с заменой термопасты,1,1356,1356,1261,92.99410029498524,Администратор,Выдан
27.12.2023 - 11:27,Заказ,Чистка системы охлаждения с заменой термопасты,1,1368,1368,1271,92.9093567251462,Иванов Сергей,Выдан
27.12.2023 - 11:53,Продажа,Чехол силиконовый прозрачный,1,291,291,232,79.72508591065292,Сидоров Алексей,
27.12.2023 - 16:09,Заказ,16GB USB 2.0 Flash Drive SmartBuy,1,409,409,209,51.1002444987775,Иванов Сергей,Выдан
27.12.2023 - 18:20,Заказ,Прошивка Android/iOS,1,996,996,996,100.0,Администратор,Выдан
28.12.2023 - 13:02,Заказ,Блок питания Apple 20W (Copy),1,1315,1315,927,70.49429657794677,Сидоров Алексей,Выдан
28.12.2023 - 13:21,Заказ,Чехол силиконовый прозрачный,1,295,295,235,79.66101694915254,Петров Роман,Выдан
28.12.2023 - 15:40,Заказ,Чехол силиконовый прозрачный,3,273,819,642,78.3882783882784,Иванов Сергей,Выдан
28.12.2023 - 17:09,Заказ,Блок питания Apple 20W (Copy),1,1133,1133,727,64.16593115622243,Петров Роман,Выдан
28.12.2023 - 18:20,Заказ,Чистка системы охлаждения с заменой термопасты,1,1649,1649,1547,93.81443298969072,Администратор,Выдан
28.12.2023 - 18:33,Заказ,Кабель USB - Lightning (Foxconn),1,553,553,407,73.59855334538878,Сидоров Алексей,Выдан
28.12.2023 - 19:20,Заказ,Чехол силиконовый прозрачный,1,283,283,223,78.79858657243817,Администратор,Выдан
29.12.2023 - 10:25,Заказ,Чистка системы охлаждения с заменой термопасты,1,1642,1642,1547,94.21437271619976,Петров Роман,Выдан
29.12.2023 - 14:31,Продажа,Чехол силиконовый прозрачный,1,289,289,230,79.58477508650519,Петров Роман,
29.12.2023 - 16:09,Заказ,Защитное стекло 3D для iPhone 11/XR,1,513,513,465,90.64327485380117,Петров Роман,Выдан
29.12.2023 - 16:43,Продажа,Защитное стекло 3D для iPhone 11/XR,1,502,502,451,89.8406374501992,Администратор,
29.12.2023 - 18:08,Заказ,Диагностика,2,506,1012,1012,100.0,Петров Роман,Выдан
29.12.2023 - 19:07,Заказ,Дисплей iPhone 11 (Оригинал переклей),2,4982,9964,2494,25.030108390204735,Иванов Сергей,Выдан
30.12.2023 - 10:31,Заказ,Диагностика,1,485,485,485,100.0,Петров Роман,Выдан
30.12.2023 - 15:42,Заказ,Замена разъема зарядки (MicroUSB/Type-C),1,1096,1096,993,90.6021897810219,Петров Роман,Выдан
30.12.2023 - 17:50,Продажа,Защитное стекло 3D для iPhone 11/XR,1,546,546,499,91.39194139194139,Иванов Сергей,
30.12.2023 - 18:37,Заказ,Восстановление цепи питания,2,4324,8648,7648,88.43663274745606,Петров Роман,Выдан
30.12.2023 - 18:43,Заказ,Наклейка защитного стекла (Услуга),1,209,209,209,100.0,Администратор,Выдан
30.12.2023 - 19:06,Заказ,Чехол силиконовый прозрачный,1,272,272,215,79.04411764705883,Иванов Сергей,Выдан
31.12.2023 - 12:57,Заказ,Защитное стекло 3D для iPhone 11/XR,1,505,505,458,90.6930693069307,Администратор,Выдан
31.12.2023 - 13:28,Заказ,Диагностика,1,534,534,534,100.0,Сидоров Алексей,Выдан
31.12.2023 - 15:44,Заказ,Восстановление цепи питания,1,4674,4674,4162,89.04578519469405,Администратор,Выдан
31.12.2023 - 15:52,Заказ,Наклейка защитного стекла (Услуга),1,187,187,187,100.0,Иванов Сергей,Выдан
